2.647,1.282,0.788,0.693,2.605,0.405,0.262,0.124,0.138,0.143,2.647,1.282,0.788,0.693,2.605,0.405,0.262,0.124,0.138,0.143,27.459,A
2.611,1.258,0.849,0.778,2.693,0.408,0.274,0.141,0.134,0.134,2.611,1.258,0.849,0.778,2.693,0.408,0.274,0.141,0.134,0.134,26.306,A
2.571,1.242,0.814,0.74,2.566,0.395,0.259,0.123,0.137,0.136,2.571,1.242,0.814,0.74,2.566,0.395,0.259,0.123,0.137,0.136,24.331,A
2.592,1.26,0.814,0.702,2.563,0.397,0.257,0.121,0.137,0.142,2.592,1.26,0.814,0.702,2.563,0.397,0.257,0.121,0.137,0.142,25.179,A
2.629,1.267,0.831,0.758,2.642,0.401,0.266,0.131,0.135,0.135,2.629,1.267,0.831,0.758,2.642,0.401,0.266,0.131,0.135,0.135,25.495,A
2.536,1.244,0.838,0.764,2.563,0.399,0.262,0.125,0.138,0.138,2.536,1.244,0.838,0.764,2.563,0.399,0.262,0.125,0.138,0.138,26.683,A
2.693,1.267,0.826,0.759,2.724,0.393,0.257,0.118,0.14,0.136,2.693,1.267,0.826,0.759,2.724,0.393,0.257,0.118,0.14,0.136,24.515,A
2.813,1.303,0.841,0.808,2.868,0.398,0.253,0.117,0.136,0.146,2.813,1.303,0.841,0.808,2.868,0.398,0.253,0.117,0.136,0.146,26.306,A
2.692,1.248,0.833,0.803,2.819,0.403,0.275,0.138,0.137,0.128,2.692,1.248,0.833,0.803,2.819,0.403,0.275,0.138,0.137,0.128,24.042,A
2.805,1.277,0.854,0.821,2.887,0.389,0.25,0.125,0.125,0.139,2.805,1.277,0.854,0.821,2.887,0.389,0.25,0.125,0.125,0.139,23.77,A
2.801,1.27,0.845,0.807,2.888,0.384,0.249,0.12,0.129,0.134,2.801,1.27,0.845,0.807,2.888,0.384,0.249,0.12,0.129,0.134,24.515,A
2.627,1.253,0.831,0.76,2.696,0.402,0.264,0.131,0.134,0.138,2.627,1.253,0.831,0.76,2.696,0.402,0.264,0.131,0.134,0.138,25,A
2.777,1.296,0.825,0.796,2.85,0.401,0.264,0.137,0.127,0.137,2.777,1.296,0.825,0.796,2.85,0.401,0.264,0.137,0.127,0.137,23.345,A
2.665,1.29,0.831,0.81,2.721,0.406,0.26,0.127,0.132,0.147,2.665,1.29,0.831,0.81,2.721,0.406,0.26,0.127,0.132,0.147,26.476,A
2.795,1.303,0.827,0.789,2.818,0.397,0.253,0.12,0.134,0.144,2.795,1.303,0.827,0.789,2.818,0.397,0.253,0.12,0.134,0.144,25.318,A
2.62,1.272,0.841,0.805,2.646,0.402,0.258,0.129,0.129,0.144,2.62,1.272,0.841,0.805,2.646,0.402,0.258,0.129,0.129,0.144,24.331,A
2.586,1.274,0.808,0.741,2.582,0.41,0.263,0.134,0.129,0.148,2.586,1.274,0.808,0.741,2.582,0.41,0.263,0.134,0.129,0.148,23.77,A
2.563,1.255,0.835,0.738,2.495,0.394,0.253,0.118,0.136,0.141,2.563,1.255,0.835,0.738,2.495,0.394,0.253,0.118,0.136,0.141,22.361,A
2.572,1.268,0.823,0.757,2.623,0.415,0.266,0.136,0.131,0.149,2.572,1.268,0.823,0.757,2.623,0.415,0.266,0.136,0.131,0.149,23.087,A
2.985,1.329,0.817,0.782,3.095,0.403,0.259,0.13,0.13,0.144,2.985,1.329,0.817,0.782,3.095,0.403,0.259,0.13,0.13,0.144,19.235,A
0.914,1.084,0.946,0.892,0.068,3.683,1.894,0.847,1.106,1.847,0.914,1.084,0.946,0.892,0.068,3.683,1.894,0.847,1.106,1.847,12.806,B
0.895,1.098,0.955,0.901,0.055,4.816,2.327,1.026,1.444,2.509,0.895,1.098,0.955,0.901,0.055,4.816,2.327,1.026,1.444,2.509,15.264,B
0.907,1.094,0.947,0.911,0.023,10.668,5.215,2,3.225,5.459,0.907,1.094,0.947,0.911,0.023,10.668,5.215,2,3.225,5.459,17.692,B
0.913,1.073,0.952,0.907,0.02,11.236,6.519,3.26,3.26,4.717,0.913,1.073,0.952,0.907,0.02,11.236,6.519,3.26,3.26,4.717,15.62,B
0.912,1.059,0.943,0.9,0.041,5.551,3.432,1.458,1.976,2.129,0.912,1.059,0.943,0.9,0.041,5.551,3.432,1.458,1.976,2.129,7.071,B
0.911,1.052,0.952,0.911,0.016,13.535,8.602,3.688,4.94,4.94,0.911,1.052,0.952,0.911,0.016,13.535,8.602,3.688,4.94,4.94,12.53,B
0.924,1.021,0.96,0.924,0.017,11.189,8.497,4.94,3.606,2.72,0.924,1.021,0.96,0.924,0.017,11.189,8.497,4.94,3.606,2.72,13.601,B
0.917,1.031,0.96,0.92,0.01,18.398,13.454,6.403,7.071,4.95,0.917,1.031,0.96,0.92,0.01,18.398,13.454,6.403,7.071,4.95,15.811,B
0.908,1.045,0.952,0.921,0.017,13.416,8.944,4.494,4.494,4.472,0.908,1.045,0.952,0.921,0.017,13.416,8.944,4.494,4.494,4.472,12.207,B
0.917,1.045,0.964,0.928,0.054,3.582,2.339,1.107,1.236,1.244,0.917,1.045,0.964,0.928,0.054,3.582,2.339,1.107,1.236,1.244,8.602,B
0.917,1.043,0.948,0.914,0.01,21.225,13.509,4.472,9.192,7.81,0.917,1.043,0.948,0.914,0.01,21.225,13.509,4.472,9.192,7.81,13.601,B
0.926,1.044,0.949,0.92,0.037,5.415,3.423,1.217,2.209,2,0.926,1.044,0.949,0.92,0.037,5.415,3.423,1.217,2.209,2,12.083,B
0.924,1.041,0.954,0.911,0.027,7.786,5.299,2.287,3.051,2.496,0.924,1.041,0.954,0.911,0.027,7.786,5.299,2.287,3.051,2.496,11.662,B
0.92,1.064,0.958,0.917,0.027,8.638,5.023,1.861,3.34,3.616,0.92,1.064,0.958,0.917,0.027,8.638,5.023,1.861,3.34,3.616,9.849,B
0.956,1.041,0.952,0.915,0.043,4.786,3.202,1.425,1.777,1.591,0.956,1.041,0.952,0.915,0.043,4.786,3.202,1.425,1.777,1.591,17.72,B
0.929,1.054,0.951,0.912,0.017,13.892,8.544,3.256,5.367,5.367,0.929,1.054,0.951,0.912,0.017,13.892,8.544,3.256,5.367,5.367,14.318,B
0.914,1.051,0.954,0.907,0.021,10.66,7.106,3.26,3.889,3.553,0.914,1.051,0.954,0.907,0.021,10.66,7.106,3.26,3.889,3.553,7.211,B
0.917,1.057,0.947,0.903,0.017,14.374,9.434,4.494,4.94,4.94,0.917,1.057,0.947,0.903,0.017,14.374,9.434,4.494,4.94,4.94,13.928,B
0.921,1.075,0.941,0.899,0.045,5.893,3.536,1.374,2.173,2.357,0.921,1.075,0.941,0.899,0.045,5.893,3.536,1.374,2.173,2.357,15.232,B
0.928,1.057,0.948,0.91,0.024,10.139,6.648,3.162,3.493,3.493,0.928,1.057,0.948,0.91,0.024,10.139,6.648,3.162,3.493,3.493,15.652,B
0.926,1.045,0.941,0.915,0.023,10.006,6.675,2.333,4.346,3.333,0.926,1.045,0.941,0.915,0.023,10.006,6.675,2.333,4.346,3.333,12.53,B
0.799,1.052,0.929,0.863,0.652,0.383,0.307,0.184,0.128,0.083,0.799,1.052,0.929,0.863,0.652,0.383,0.307,0.184,0.128,0.083,3.606,C
0.799,1.052,0.929,0.863,0.652,0.383,0.307,0.184,0.128,0.083,0.799,1.052,0.929,0.863,0.652,0.383,0.307,0.184,0.128,0.083,3.606,C
0.791,1.035,0.945,0.76,0.036,7.694,7.134,5.523,1.612,2.915,0.791,1.035,0.945,0.76,0.036,7.694,7.134,5.523,1.612,2.915,124.888,C
0.637,0.94,1.084,1.069,0.437,0.313,0.251,0.168,0.197,0.311,0.637,0.94,1.084,1.069,0.437,0.313,0.251,0.168,0.197,0.311,132.484,C
0.722,0.978,0.962,0.787,0.066,2.883,3.206,2.626,0.587,0.415,0.722,0.978,0.962,0.787,0.066,2.883,3.206,2.626,0.587,0.415,128.351,C
0.593,0.895,1.055,1.005,0.413,0.266,0.064,0.133,0.133,0.258,0.593,0.895,1.055,1.005,0.413,0.266,0.064,0.133,0.133,0.258,131.229,C
0.791,1.075,0.894,0.701,0.091,4.159,3.362,2.214,1.166,0.849,0.791,1.075,0.894,0.701,0.091,4.159,3.362,2.214,1.166,0.849,131.034,C
0.693,0.953,0.995,0.861,0.169,0.645,0.85,0.794,0.152,0.313,0.693,0.953,0.995,0.861,0.169,0.645,0.85,0.794,0.152,0.313,131.529,C
0.688,0.939,0.991,0.887,0.205,0.387,0.651,0.557,0.135,0.302,0.688,0.939,0.991,0.887,0.205,0.387,0.651,0.557,0.135,0.302,132.004,C
0.662,0.937,1.04,0.965,0.304,0.098,0.158,0.277,0.132,0.224,0.662,0.937,1.04,0.965,0.304,0.098,0.158,0.277,0.132,0.224,132.004,C
0.75,0.957,0.982,0.816,0.068,2.267,2.936,2.58,0.415,0.67,0.75,0.957,0.982,0.816,0.068,2.267,2.936,2.58,0.415,0.67,128.825,C
0.69,0.937,0.997,0.859,0.172,0.454,0.819,0.803,0.072,0.366,0.69,0.937,0.997,0.859,0.172,0.454,0.819,0.803,0.072,0.366,131.529,C
0.666,0.91,1.031,0.971,0.307,0.269,0.245,0.227,0.152,0.294,0.666,0.91,1.031,0.971,0.307,0.269,0.245,0.227,0.152,0.294,131.126,C
0.784,0.988,0.958,0.789,0.025,8.078,8.544,6.801,1.803,0.5,0.784,0.988,0.958,0.789,0.025,8.078,8.544,6.801,1.803,0.5,127.012,C
0.621,0.906,1.044,1.012,0.392,0.322,0.279,0.204,0.148,0.254,0.621,0.906,1.044,1.012,0.392,0.322,0.279,0.204,0.148,0.254,126.657,C
0.732,0.984,0.987,0.845,0.117,1.204,1.351,1.25,0.112,0.158,0.732,0.984,0.987,0.845,0.117,1.204,1.351,1.25,0.112,0.158,125.706,C
0.732,0.988,0.975,0.816,0.091,1.886,2.019,1.754,0.277,0.139,0.732,0.988,0.975,0.816,0.091,1.886,2.019,1.754,0.277,0.139,125.706,C
0.707,0.979,1,0.88,0.173,0.576,0.698,0.698,0,0.198,0.707,0.979,1,0.88,0.173,0.576,0.698,0.698,0,0.198,125.706,C
0.704,0.957,1.016,0.944,0.241,0.056,0.233,0.304,0.08,0.178,0.704,0.957,1.016,0.944,0.241,0.056,0.233,0.304,0.08,0.178,127.632,C
0.715,0.919,1.028,0.938,0.228,0.138,0.361,0.471,0.124,0.377,0.715,0.919,1.028,0.938,0.228,0.138,0.361,0.471,0.124,0.377,123.471,C
0.754,0.978,0.957,0.834,0.081,1.93,2.121,1.557,0.57,0.354,0.754,0.978,0.957,0.834,0.081,1.93,2.121,1.557,0.57,0.354,124.354,C
1.453,1.923,0.827,0.704,0.763,1.679,0.408,0.172,0.236,1.277,1.453,1.923,0.827,0.704,0.763,1.679,0.408,0.172,0.236,1.277,77.492,D
1.455,1.957,0.84,0.701,0.77,1.712,0.405,0.193,0.213,1.315,1.455,1.957,0.84,0.701,0.77,1.712,0.405,0.193,0.213,1.315,67.417,D
1.492,2.002,0.847,0.72,0.79,1.697,0.38,0.182,0.2,1.317,1.492,2.002,0.847,0.72,0.79,1.697,0.38,0.182,0.2,1.317,43.081,D
1.469,1.962,0.844,0.701,0.783,1.687,0.408,0.199,0.208,1.282,1.469,1.962,0.844,0.701,0.783,1.687,0.408,0.199,0.208,1.282,48.754,D
1.472,1.989,0.853,0.71,0.779,1.733,0.39,0.199,0.192,1.351,1.472,1.989,0.853,0.71,0.779,1.733,0.39,0.199,0.192,1.351,62.394,D
1.486,1.952,0.857,0.713,0.787,1.722,0.389,0.199,0.19,1.351,1.486,1.952,0.857,0.713,0.787,1.722,0.389,0.199,0.19,1.351,59.237,D
1.467,1.964,0.842,0.695,0.793,1.694,0.395,0.192,0.203,1.323,1.467,1.964,0.842,0.695,0.793,1.694,0.395,0.192,0.203,1.323,41.437,D
1.523,2.025,0.829,0.711,0.832,1.666,0.357,0.15,0.208,1.327,1.523,2.025,0.829,0.711,0.832,1.666,0.357,0.15,0.208,1.327,68.007,D
1.527,1.93,0.827,0.72,0.819,1.661,0.366,0.143,0.223,1.327,1.527,1.93,0.827,0.72,0.819,1.661,0.366,0.143,0.223,1.327,62.968,D
1.486,1.973,0.839,0.704,0.804,1.66,0.382,0.181,0.203,1.288,1.486,1.973,0.839,0.704,0.804,1.66,0.382,0.181,0.203,1.288,69.921,D
1.481,1.976,0.838,0.701,0.794,1.725,0.392,0.182,0.21,1.357,1.481,1.976,0.838,0.701,0.794,1.725,0.392,0.182,0.21,1.357,29.547,D
1.541,2.097,0.859,0.741,0.815,1.775,0.339,0.166,0.176,1.444,1.541,2.097,0.859,0.741,0.815,1.775,0.339,0.166,0.176,1.444,69.57,D
1.513,2.059,0.852,0.721,0.809,1.745,0.362,0.172,0.19,1.391,1.513,2.059,0.852,0.721,0.809,1.745,0.362,0.172,0.19,1.391,70.576,D
1.508,2.01,0.825,0.689,0.837,1.641,0.385,0.174,0.212,1.263,1.508,2.01,0.825,0.689,0.837,1.641,0.385,0.174,0.212,1.263,37.696,D
1.456,1.965,0.819,0.69,0.79,1.683,0.402,0.172,0.231,1.294,1.456,1.965,0.819,0.69,0.79,1.683,0.402,0.172,0.231,1.294,67.417,D
1.508,2.015,0.832,0.708,0.817,1.671,0.372,0.163,0.21,1.306,1.508,2.015,0.832,0.708,0.817,1.671,0.372,0.163,0.21,1.306,66.31,D
1.504,2.009,0.821,0.695,0.826,1.668,0.382,0.16,0.222,1.298,1.504,2.009,0.821,0.695,0.826,1.668,0.382,0.16,0.222,1.298,53.31,D
1.515,2.013,0.819,0.707,0.823,1.673,0.376,0.152,0.225,1.304,1.515,2.013,0.819,0.707,0.823,1.673,0.376,0.152,0.225,1.304,59.506,D
1.539,2.071,0.843,0.707,0.859,1.647,0.351,0.166,0.185,1.305,1.539,2.071,0.843,0.707,0.859,1.647,0.351,0.166,0.185,1.305,65.391,D
1.526,2.028,0.846,0.718,0.825,1.656,0.357,0.17,0.189,1.304,1.526,2.028,0.846,0.718,0.825,1.656,0.357,0.17,0.189,1.304,38.079,D
1.506,2.018,0.842,0.705,0.82,1.666,0.375,0.179,0.197,1.295,1.506,2.018,0.842,0.705,0.82,1.666,0.375,0.179,0.197,1.295,30.463,D
1.321,3.93,0.548,0.438,0.891,3.935,0.649,0.252,0.533,3.435,1.321,3.93,0.548,0.438,0.891,3.935,0.649,0.252,0.533,3.435,129.201,E
1.28,3.864,0.554,0.409,0.876,3.96,0.685,0.242,0.527,3.402,1.28,3.864,0.554,0.409,0.876,3.96,0.685,0.242,0.527,3.402,131.4,E
1.276,3.623,0.659,0.456,0.825,3.865,0.672,0.296,0.423,3.339,1.276,3.623,0.659,0.456,0.825,3.865,0.672,0.296,0.423,3.339,127.004,E
1.253,3.734,0.553,0.304,0.961,3.575,0.742,0.328,0.489,3,1.253,3.734,0.553,0.304,0.961,3.575,0.742,0.328,0.489,3,134.272,E
1.319,3.854,0.585,0.353,0.975,3.602,0.678,0.308,0.453,3.07,1.319,3.854,0.585,0.353,0.975,3.602,0.678,0.308,0.453,3.07,130.43,E
1.208,3.512,0.541,0.341,0.875,3.639,0.766,0.317,0.56,3.051,1.208,3.512,0.541,0.341,0.875,3.639,0.766,0.317,0.56,3.051,129.85,E
1.324,3.714,0.588,0.384,0.944,3.545,0.667,0.295,0.461,3.055,1.324,3.714,0.588,0.384,0.944,3.545,0.667,0.295,0.461,3.055,127.413,E
1.282,3.687,0.573,0.365,0.922,3.626,0.699,0.289,0.487,3.092,1.282,3.687,0.573,0.365,0.922,3.626,0.699,0.289,0.487,3.092,127.64,E
1.296,3.739,0.55,0.372,0.951,3.541,0.697,0.312,0.493,3.009,1.296,3.739,0.55,0.372,0.951,3.541,0.697,0.312,0.493,3.009,128.222,E
1.357,3.851,0.607,0.41,0.959,3.602,0.645,0.312,0.432,3.166,1.357,3.851,0.607,0.41,0.959,3.602,0.645,0.312,0.432,3.166,125.1,E
1.333,3.825,0.538,0.315,1.024,3.44,0.679,0.284,0.483,2.907,1.333,3.825,0.538,0.315,1.024,3.44,0.679,0.284,0.483,2.907,126.606,E
1.246,3.619,0.563,0.309,0.955,3.47,0.749,0.344,0.477,2.892,1.246,3.619,0.563,0.309,0.955,3.47,0.749,0.344,0.477,2.892,128.456,E
1.29,3.576,0.578,0.376,0.933,3.436,0.701,0.301,0.459,2.927,1.29,3.576,0.578,0.376,0.933,3.436,0.701,0.301,0.459,2.927,126.827,E
1.288,3.659,0.531,0.312,1.002,3.342,0.72,0.328,0.495,2.806,1.288,3.659,0.531,0.312,1.002,3.342,0.72,0.328,0.495,2.806,125.67,E
1.285,3.717,0.553,0.339,0.961,3.522,0.711,0.313,0.489,2.989,1.285,3.717,0.553,0.339,0.961,3.522,0.711,0.313,0.489,2.989,129.035,E
1.306,3.703,0.569,0.353,0.973,3.447,0.686,0.315,0.472,2.893,1.306,3.703,0.569,0.353,0.973,3.447,0.686,0.315,0.472,2.893,125.801,E
1.289,3.654,0.557,0.363,0.962,3.421,0.709,0.354,0.491,2.891,1.289,3.654,0.557,0.363,0.962,3.421,0.709,0.354,0.491,2.891,126.016,E
1.264,3.629,0.553,0.348,0.93,3.535,0.723,0.316,0.507,2.979,1.264,3.629,0.553,0.348,0.93,3.535,0.723,0.316,0.507,2.979,128.004,E
1.24,3.541,0.577,0.415,0.833,3.774,0.712,0.293,0.547,3.196,1.24,3.541,0.577,0.415,0.833,3.774,0.712,0.293,0.547,3.196,127.413,E
1.297,3.66,0.579,0.368,0.946,3.486,0.696,0.342,0.482,2.975,1.297,3.66,0.579,0.368,0.946,3.486,0.696,0.342,0.482,2.975,126.016,E
1.34,3.855,0.575,0.365,0.992,3.522,0.678,0.313,0.441,3.041,1.34,3.855,0.575,0.365,0.992,3.522,0.678,0.313,0.441,3.041,127.801,E
3.363,1.388,1.639,1.913,5.185,0.595,0.218,0.095,0.138,0.457,3.363,1.388,1.639,1.913,5.185,0.595,0.218,0.095,0.138,0.457,107.898,F
2.378,1.775,1.24,1.329,3.64,0.844,0.199,0.101,0.11,0.755,2.378,1.775,1.24,1.329,3.64,0.844,0.199,0.101,0.11,0.755,90.609,F
4.983,3.019,1.01,1.607,6.586,0.666,0.316,0.135,0.183,0.35,4.983,3.019,1.01,1.607,6.586,0.666,0.316,0.135,0.183,0.35,113.172,F
12.921,8.339,4.055,5.681,17.961,0.78,0.298,0.108,0.198,0.494,12.921,8.339,4.055,5.681,17.961,0.78,0.298,0.108,0.198,0.494,106.301,F
0.798,2.731,0.701,0.977,1.648,2.249,1.187,0.202,0.999,1.078,0.798,2.731,0.701,0.977,1.648,2.249,1.187,0.202,0.999,1.078,86.833,F
0.798,2.731,0.701,0.977,1.648,2.249,1.187,0.202,0.999,1.078,0.798,2.731,0.701,0.977,1.648,2.249,1.187,0.202,0.999,1.078,86.833,F
0.798,2.731,0.701,0.977,1.648,2.249,1.187,0.202,0.999,1.078,0.798,2.731,0.701,0.977,1.648,2.249,1.187,0.202,0.999,1.078,86.833,F
2.91,3.714,1.87,2.058,4.844,1.192,0.325,0.126,0.235,0.915,2.91,3.714,1.87,2.058,4.844,1.192,0.325,0.126,0.235,0.915,84.054,F
2.91,3.714,1.87,2.058,4.844,1.192,0.325,0.126,0.235,0.915,2.91,3.714,1.87,2.058,4.844,1.192,0.325,0.126,0.235,0.915,84.054,F
2.346,2.428,1.232,1.27,3.603,1.019,0.187,0.095,0.108,0.888,2.346,2.428,1.232,1.27,3.603,1.019,0.187,0.095,0.108,0.888,91.049,F
2.346,2.428,1.232,1.27,3.603,1.019,0.187,0.095,0.108,0.888,2.346,2.428,1.232,1.27,3.603,1.019,0.187,0.095,0.108,0.888,91.049,F
2.346,2.428,1.232,1.27,3.603,1.019,0.187,0.095,0.108,0.888,2.346,2.428,1.232,1.27,3.603,1.019,0.187,0.095,0.108,0.888,91.049,F
3.51,2.52,1.425,1.72,5.007,0.846,0.232,0.11,0.13,0.675,3.51,2.52,1.425,1.72,5.007,0.846,0.232,0.11,0.13,0.675,103.479,F
2.647,1.805,0.714,0.839,3.411,0.648,0.363,0.162,0.201,0.286,2.647,1.805,0.714,0.839,3.411,0.648,0.363,0.162,0.201,0.286,108.904,F
2.647,1.805,0.714,0.839,3.411,0.648,0.363,0.162,0.201,0.286,2.647,1.805,0.714,0.839,3.411,0.648,0.363,0.162,0.201,0.286,108.904,F
2.647,1.805,0.714,0.839,3.411,0.648,0.363,0.162,0.201,0.286,2.647,1.805,0.714,0.839,3.411,0.648,0.363,0.162,0.201,0.286,108.904,F
2.378,1.655,1.267,1.431,3.731,0.827,0.189,0.088,0.106,0.693,2.378,1.655,1.267,1.431,3.731,0.827,0.189,0.088,0.106,0.693,102.069,F
9.822,6.014,1.872,3.735,13.401,0.723,0.348,0.149,0.203,0.376,9.822,6.014,1.872,3.735,13.401,0.723,0.348,0.149,0.203,0.376,107.517,F
9.822,6.014,1.872,3.735,13.401,0.723,0.348,0.149,0.203,0.376,9.822,6.014,1.872,3.735,13.401,0.723,0.348,0.149,0.203,0.376,107.517,F
0.925,2.445,1.007,1.151,0.284,12.237,2.028,1.164,0.869,12.12,0.925,2.445,1.007,1.151,0.284,12.237,2.028,1.164,0.869,12.12,106.231,F
0.868,6.038,1.079,1.393,0.731,9.516,1.851,1.02,0.85,9.603,0.868,6.038,1.079,1.393,0.731,9.516,1.851,1.02,0.85,9.603,106.019,F
1.197,1.067,0.913,0.866,0.754,0.922,0.61,0.304,0.307,0.326,1.197,1.067,0.913,0.866,0.754,0.922,0.61,0.304,0.307,0.326,112.446,G
1.159,1.063,0.912,0.862,0.71,0.988,0.653,0.32,0.334,0.353,1.159,1.063,0.912,0.862,0.71,0.988,0.653,0.32,0.334,0.353,111.396,G
1.143,1.074,0.895,0.846,0.69,1.018,0.688,0.344,0.344,0.344,1.143,1.074,0.895,0.846,0.69,1.018,0.688,0.344,0.344,0.344,109.124,G
1.13,1.071,0.921,0.886,0.662,1.035,0.677,0.327,0.351,0.368,1.13,1.071,0.921,0.886,0.662,1.035,0.677,0.327,0.351,0.368,109.041,G
1.186,1.07,0.923,0.888,0.714,0.996,0.651,0.324,0.327,0.357,1.186,1.07,0.923,0.888,0.714,0.996,0.651,0.324,0.327,0.357,114.865,G
1.139,1.068,0.902,0.857,0.675,1.007,0.671,0.32,0.351,0.351,1.139,1.068,0.902,0.857,0.675,1.007,0.671,0.32,0.351,0.351,110.535,G
1.168,1.07,0.92,0.897,0.69,1.014,0.679,0.339,0.339,0.343,1.168,1.07,0.92,0.897,0.69,1.014,0.679,0.339,0.339,0.343,112.699,G
1.138,1.06,0.913,0.881,0.66,1.076,0.719,0.354,0.366,0.372,1.138,1.06,0.913,0.881,0.66,1.076,0.719,0.354,0.366,0.372,113.864,G
1.177,1.066,0.919,0.883,0.741,0.969,0.658,0.322,0.336,0.322,1.177,1.066,0.919,0.883,0.741,0.969,0.658,0.322,0.336,0.322,112.161,G
1.166,1.058,0.912,0.888,0.694,1.004,0.665,0.328,0.336,0.354,1.166,1.058,0.912,0.888,0.694,1.004,0.665,0.328,0.336,0.354,112.805,G
1.146,1.056,0.918,0.89,0.702,1.009,0.675,0.332,0.343,0.349,1.146,1.056,0.918,0.89,0.702,1.009,0.675,0.332,0.343,0.349,109.877,G
1.164,1.047,0.913,0.881,0.681,0.973,0.653,0.317,0.336,0.338,1.164,1.047,0.913,0.881,0.681,0.973,0.653,0.317,0.336,0.338,112.929,G
1.157,1.066,0.91,0.869,0.695,0.97,0.643,0.321,0.321,0.341,1.157,1.066,0.91,0.869,0.695,0.97,0.643,0.321,0.321,0.341,109.986,G
1.169,1.064,0.91,0.884,0.705,0.996,0.666,0.329,0.337,0.343,1.169,1.064,0.91,0.884,0.705,0.996,0.666,0.329,0.337,0.343,112.929,G
1.176,1.057,0.919,0.89,0.736,0.966,0.649,0.314,0.335,0.33,1.176,1.057,0.919,0.89,0.736,0.966,0.649,0.314,0.335,0.33,112.929,G
1.222,1.053,0.906,0.87,0.757,0.889,0.607,0.295,0.312,0.297,1.222,1.053,0.906,0.87,0.757,0.889,0.607,0.295,0.312,0.297,115.802,G
1.217,1.051,0.926,0.902,0.778,0.913,0.606,0.293,0.313,0.321,1.217,1.051,0.926,0.902,0.778,0.913,0.606,0.293,0.313,0.321,117.004,G
1.158,1.058,0.911,0.878,0.683,0.981,0.665,0.323,0.342,0.329,1.158,1.058,0.911,0.878,0.683,0.981,0.665,0.323,0.342,0.329,116.276,G
1.161,1.063,0.91,0.888,0.671,1.03,0.692,0.333,0.36,0.349,1.161,1.063,0.91,0.888,0.671,1.03,0.692,0.333,0.36,0.349,118.343,G
1.124,1.055,0.896,0.863,0.647,1.054,0.718,0.35,0.368,0.355,1.124,1.055,0.896,0.863,0.647,1.054,0.718,0.35,0.368,0.355,114.691,G
1.184,1.065,0.925,0.894,0.716,0.942,0.624,0.301,0.323,0.327,1.184,1.065,0.925,0.894,0.716,0.942,0.624,0.301,0.323,0.327,114.477,G
0.739,0.982,0.878,0.602,0.481,1.014,1.002,0.706,0.297,0.107,0.739,0.982,0.878,0.602,0.481,1.014,1.002,0.706,0.297,0.107,105.546,H
0.739,0.982,0.878,0.602,0.481,1.014,1.002,0.706,0.297,0.107,0.739,0.982,0.878,0.602,0.481,1.014,1.002,0.706,0.297,0.107,105.546,H
0.739,0.982,0.878,0.602,0.481,1.014,1.002,0.706,0.297,0.107,0.739,0.982,0.878,0.602,0.481,1.014,1.002,0.706,0.297,0.107,105.546,H
0.739,0.982,0.878,0.602,0.481,1.014,1.002,0.706,0.297,0.107,0.739,0.982,0.878,0.602,0.481,1.014,1.002,0.706,0.297,0.107,105.546,H
0.739,0.982,0.878,0.602,0.481,1.014,1.002,0.706,0.297,0.107,0.739,0.982,0.878,0.602,0.481,1.014,1.002,0.706,0.297,0.107,105.546,H
0.739,0.982,0.878,0.602,0.481,1.014,1.002,0.706,0.297,0.107,0.739,0.982,0.878,0.602,0.481,1.014,1.002,0.706,0.297,0.107,105.546,H
0.739,0.982,0.878,0.602,0.481,1.014,1.002,0.706,0.297,0.107,0.739,0.982,0.878,0.602,0.481,1.014,1.002,0.706,0.297,0.107,105.546,H
0.739,0.982,0.878,0.602,0.481,1.014,1.002,0.706,0.297,0.107,0.739,0.982,0.878,0.602,0.481,1.014,1.002,0.706,0.297,0.107,105.546,H
0.739,0.982,0.878,0.602,0.481,1.014,1.002,0.706,0.297,0.107,0.739,0.982,0.878,0.602,0.481,1.014,1.002,0.706,0.297,0.107,105.546,H
0.739,0.982,0.878,0.602,0.481,1.014,1.002,0.706,0.297,0.107,0.739,0.982,0.878,0.602,0.481,1.014,1.002,0.706,0.297,0.107,105.546,H
0.739,0.982,0.878,0.602,0.481,1.014,1.002,0.706,0.297,0.107,0.739,0.982,0.878,0.602,0.481,1.014,1.002,0.706,0.297,0.107,105.546,H
0.739,0.982,0.878,0.602,0.481,1.014,1.002,0.706,0.297,0.107,0.739,0.982,0.878,0.602,0.481,1.014,1.002,0.706,0.297,0.107,105.546,H
0.739,0.982,0.878,0.602,0.481,1.014,1.002,0.706,0.297,0.107,0.739,0.982,0.878,0.602,0.481,1.014,1.002,0.706,0.297,0.107,105.546,H
0.739,0.982,0.878,0.602,0.481,1.014,1.002,0.706,0.297,0.107,0.739,0.982,0.878,0.602,0.481,1.014,1.002,0.706,0.297,0.107,105.546,H
0.739,0.982,0.878,0.602,0.481,1.014,1.002,0.706,0.297,0.107,0.739,0.982,0.878,0.602,0.481,1.014,1.002,0.706,0.297,0.107,105.546,H
0.739,0.982,0.878,0.602,0.481,1.014,1.002,0.706,0.297,0.107,0.739,0.982,0.878,0.602,0.481,1.014,1.002,0.706,0.297,0.107,105.546,H
0.739,0.982,0.878,0.602,0.481,1.014,1.002,0.706,0.297,0.107,0.739,0.982,0.878,0.602,0.481,1.014,1.002,0.706,0.297,0.107,105.546,H
0.739,0.982,0.878,0.602,0.481,1.014,1.002,0.706,0.297,0.107,0.739,0.982,0.878,0.602,0.481,1.014,1.002,0.706,0.297,0.107,105.546,H
0.739,0.982,0.878,0.602,0.481,1.014,1.002,0.706,0.297,0.107,0.739,0.982,0.878,0.602,0.481,1.014,1.002,0.706,0.297,0.107,105.546,H
0.739,0.982,0.878,0.602,0.481,1.014,1.002,0.706,0.297,0.107,0.739,0.982,0.878,0.602,0.481,1.014,1.002,0.706,0.297,0.107,105.546,H
0.739,0.982,0.878,0.602,0.481,1.014,1.002,0.706,0.297,0.107,0.739,0.982,0.878,0.602,0.481,1.014,1.002,0.706,0.297,0.107,105.546,H
1.495,1.194,0.924,2.137,1.198,1.266,1.181,1.107,0.173,0.229,1.495,1.194,0.924,2.137,1.198,1.266,1.181,1.107,0.173,0.229,162.788,I
1.495,1.194,0.924,2.137,1.198,1.266,1.181,1.107,0.173,0.229,1.495,1.194,0.924,2.137,1.198,1.266,1.181,1.107,0.173,0.229,162.788,I
1.495,1.194,0.924,2.137,1.198,1.266,1.181,1.107,0.173,0.229,1.495,1.194,0.924,2.137,1.198,1.266,1.181,1.107,0.173,0.229,162.788,I
1.495,1.194,0.924,2.137,1.198,1.266,1.181,1.107,0.173,0.229,1.495,1.194,0.924,2.137,1.198,1.266,1.181,1.107,0.173,0.229,162.788,I
1.495,1.194,0.924,2.137,1.198,1.266,1.181,1.107,0.173,0.229,1.495,1.194,0.924,2.137,1.198,1.266,1.181,1.107,0.173,0.229,162.788,I
1.495,1.194,0.924,2.137,1.198,1.266,1.181,1.107,0.173,0.229,1.495,1.194,0.924,2.137,1.198,1.266,1.181,1.107,0.173,0.229,162.788,I
1.495,1.194,0.924,2.137,1.198,1.266,1.181,1.107,0.173,0.229,1.495,1.194,0.924,2.137,1.198,1.266,1.181,1.107,0.173,0.229,162.788,I
1.495,1.194,0.924,2.137,1.198,1.266,1.181,1.107,0.173,0.229,1.495,1.194,0.924,2.137,1.198,1.266,1.181,1.107,0.173,0.229,162.788,I
1.495,1.194,0.924,2.137,1.198,1.266,1.181,1.107,0.173,0.229,1.495,1.194,0.924,2.137,1.198,1.266,1.181,1.107,0.173,0.229,162.788,I
1.495,1.194,0.924,2.137,1.198,1.266,1.181,1.107,0.173,0.229,1.495,1.194,0.924,2.137,1.198,1.266,1.181,1.107,0.173,0.229,162.788,I
1.495,1.194,0.924,2.137,1.198,1.266,1.181,1.107,0.173,0.229,1.495,1.194,0.924,2.137,1.198,1.266,1.181,1.107,0.173,0.229,162.788,I
1.495,1.194,0.924,2.137,1.198,1.266,1.181,1.107,0.173,0.229,1.495,1.194,0.924,2.137,1.198,1.266,1.181,1.107,0.173,0.229,162.788,I
1.495,1.194,0.924,2.137,1.198,1.266,1.181,1.107,0.173,0.229,1.495,1.194,0.924,2.137,1.198,1.266,1.181,1.107,0.173,0.229,162.788,I
1.495,1.194,0.924,2.137,1.198,1.266,1.181,1.107,0.173,0.229,1.495,1.194,0.924,2.137,1.198,1.266,1.181,1.107,0.173,0.229,162.788,I
1.495,1.194,0.924,2.137,1.198,1.266,1.181,1.107,0.173,0.229,1.495,1.194,0.924,2.137,1.198,1.266,1.181,1.107,0.173,0.229,162.788,I
1.495,1.194,0.924,2.137,1.198,1.266,1.181,1.107,0.173,0.229,1.495,1.194,0.924,2.137,1.198,1.266,1.181,1.107,0.173,0.229,162.788,I
1.495,1.194,0.924,2.137,1.198,1.266,1.181,1.107,0.173,0.229,1.495,1.194,0.924,2.137,1.198,1.266,1.181,1.107,0.173,0.229,162.788,I
1.495,1.194,0.924,2.137,1.198,1.266,1.181,1.107,0.173,0.229,1.495,1.194,0.924,2.137,1.198,1.266,1.181,1.107,0.173,0.229,162.788,I
1.495,1.194,0.924,2.137,1.198,1.266,1.181,1.107,0.173,0.229,1.495,1.194,0.924,2.137,1.198,1.266,1.181,1.107,0.173,0.229,162.788,I
1.495,1.194,0.924,2.137,1.198,1.266,1.181,1.107,0.173,0.229,1.495,1.194,0.924,2.137,1.198,1.266,1.181,1.107,0.173,0.229,162.788,I
1.495,1.194,0.924,2.137,1.198,1.266,1.181,1.107,0.173,0.229,1.495,1.194,0.924,2.137,1.198,1.266,1.181,1.107,0.173,0.229,162.788,I
2.818,4.272,0.555,0.548,2.924,1.37,0.348,0.16,0.19,1.141,2.818,4.272,0.555,0.548,2.924,1.37,0.348,0.16,0.19,1.141,5,J
1.486,1.276,0.72,0.46,1.133,0.781,0.478,0.248,0.312,0.454,1.486,1.276,0.72,0.46,1.133,0.781,0.478,0.248,0.312,0.454,67.082,J
1.369,1.227,0.716,0.484,1.308,0.857,0.524,0.21,0.341,0.447,1.369,1.227,0.716,0.484,1.308,0.857,0.524,0.21,0.341,0.447,64.777,J
1.404,1.287,0.697,0.439,1.364,0.903,0.535,0.213,0.368,0.501,1.404,1.287,0.697,0.439,1.364,0.903,0.535,0.213,0.368,0.501,69.584,J
1.069,1.297,0.714,0.48,1.022,1.189,0.68,0.28,0.43,0.656,1.069,1.297,0.714,0.48,1.022,1.189,0.68,0.28,0.43,0.656,84.345,J
0.902,1.26,0.671,0.41,0.697,1.481,0.912,0.382,0.567,0.838,0.902,1.26,0.671,0.41,0.697,1.481,0.912,0.382,0.567,0.838,89.805,J
0.902,1.26,0.671,0.41,0.697,1.481,0.912,0.382,0.567,0.838,0.902,1.26,0.671,0.41,0.697,1.481,0.912,0.382,0.567,0.838,89.805,J
0.902,1.26,0.671,0.41,0.697,1.481,0.912,0.382,0.567,0.838,0.902,1.26,0.671,0.41,0.697,1.481,0.912,0.382,0.567,0.838,89.805,J
0.902,1.26,0.671,0.41,0.697,1.481,0.912,0.382,0.567,0.838,0.902,1.26,0.671,0.41,0.697,1.481,0.912,0.382,0.567,0.838,89.805,J
1.68,1.39,0.582,0.206,1.772,0.803,0.521,0.238,0.325,0.434,1.68,1.39,0.582,0.206,1.772,0.803,0.521,0.238,0.325,0.434,72.25,J
1.953,1.603,0.556,0.186,2.131,0.825,0.519,0.263,0.312,0.377,1.953,1.603,0.556,0.186,2.131,0.825,0.519,0.263,0.312,0.377,71.063,J
1.767,1.788,0.559,0.226,1.554,1.015,0.499,0.224,0.3,0.631,1.767,1.788,0.559,0.226,1.554,1.015,0.499,0.224,0.3,0.631,70.612,J
1.515,1.785,0.589,0.346,1.328,1.193,0.519,0.189,0.425,0.77,1.515,1.785,0.589,0.346,1.328,1.193,0.519,0.189,0.425,0.77,71.568,J
1.765,1.802,0.402,0.105,1.704,1.021,0.575,0.232,0.351,0.566,1.765,1.802,0.402,0.105,1.704,1.021,0.575,0.232,0.351,0.566,67.365,J
1.207,2.568,0.513,0.212,1.017,2.316,0.8,0.323,0.479,1.691,1.207,2.568,0.513,0.212,1.017,2.316,0.8,0.323,0.479,1.691,74.33,J
2.337,3.538,0.634,0.602,2.322,1.353,0.369,0.18,0.195,1.11,2.337,3.538,0.634,0.602,2.322,1.353,0.369,0.18,0.195,1.11,19.209,J
2.337,3.538,0.634,0.602,2.322,1.353,0.369,0.18,0.195,1.11,2.337,3.538,0.634,0.602,2.322,1.353,0.369,0.18,0.195,1.11,19.209,J
1.236,1.109,0.784,0.605,1.157,0.828,0.497,0.21,0.298,0.457,1.236,1.109,0.784,0.605,1.157,0.828,0.497,0.21,0.298,0.457,76.118,J
1.25,1.178,0.862,0.691,1.233,0.793,0.395,0.164,0.263,0.476,1.25,1.178,0.862,0.691,1.233,0.793,0.395,0.164,0.263,0.476,73,J
1.187,1.268,0.762,0.571,1.122,0.974,0.541,0.216,0.344,0.514,1.187,1.268,0.762,0.571,1.122,0.974,0.541,0.216,0.344,0.514,76.026,J
1.021,1.187,0.655,0.547,0.984,0.972,0.605,0.185,0.421,0.463,1.021,1.187,0.655,0.547,0.984,0.972,0.605,0.185,0.421,0.463,86.701,J
1.189,1.657,0.672,0.585,0.606,1.815,0.697,0.16,0.544,1.128,1.189,1.657,0.672,0.585,0.606,1.815,0.697,0.16,0.544,1.128,76.844,K
1.165,1.623,0.629,0.514,0.652,1.728,0.748,0.19,0.571,1.006,1.165,1.623,0.629,0.514,0.652,1.728,0.748,0.19,0.571,1.006,74.632,K
1.237,1.724,0.673,0.552,0.685,1.731,0.663,0.196,0.477,1.069,1.237,1.724,0.673,0.552,0.685,1.731,0.663,0.196,0.477,1.069,74.202,K
1.19,1.598,0.625,0.529,0.664,1.644,0.714,0.154,0.565,0.954,1.19,1.598,0.625,0.529,0.664,1.644,0.714,0.154,0.565,0.954,71.561,K
1.169,1.619,0.648,0.555,0.616,1.762,0.733,0.191,0.572,1.037,1.169,1.619,0.648,0.555,0.616,1.762,0.733,0.191,0.572,1.037,74.632,K
1.222,1.643,0.654,0.579,0.655,1.681,0.675,0.159,0.534,1.006,1.222,1.643,0.654,0.579,0.655,1.681,0.675,0.159,0.534,1.006,71.028,K
1.222,1.658,0.635,0.534,0.693,1.668,0.689,0.165,0.529,0.988,1.222,1.658,0.635,0.534,0.693,1.668,0.689,0.165,0.529,0.988,64.637,K
1.299,1.652,0.675,0.586,0.718,1.523,0.608,0.172,0.456,0.916,1.299,1.652,0.675,0.586,0.718,1.523,0.608,0.172,0.456,0.916,70.803,K
1.262,1.595,0.654,0.542,0.723,1.478,0.645,0.189,0.479,0.833,1.262,1.595,0.654,0.542,0.723,1.478,0.645,0.189,0.479,0.833,69.635,K
1.256,1.579,0.653,0.542,0.714,1.47,0.651,0.171,0.487,0.819,1.256,1.579,0.653,0.542,0.714,1.47,0.651,0.171,0.487,0.819,72.622,K
1.256,1.62,0.671,0.567,0.691,1.549,0.64,0.174,0.477,0.91,1.256,1.62,0.671,0.567,0.691,1.549,0.64,0.174,0.477,0.91,71.028,K
1.334,1.642,0.669,0.567,0.777,1.417,0.579,0.158,0.429,0.838,1.334,1.642,0.669,0.567,0.777,1.417,0.579,0.158,0.429,0.838,67.119,K
1.304,1.607,0.647,0.531,0.781,1.403,0.612,0.159,0.455,0.794,1.304,1.607,0.647,0.531,0.781,1.403,0.612,0.159,0.455,0.794,66.37,K
1.328,1.61,0.671,0.541,0.788,1.368,0.593,0.179,0.418,0.776,1.328,1.61,0.671,0.541,0.788,1.368,0.593,0.179,0.418,0.776,64.637,K
1.292,1.619,0.644,0.523,0.779,1.43,0.618,0.16,0.459,0.823,1.292,1.619,0.644,0.523,0.779,1.43,0.618,0.16,0.459,0.823,65,K
1.313,1.626,0.664,0.566,0.751,1.436,0.592,0.149,0.45,0.844,1.313,1.626,0.664,0.566,0.751,1.436,0.592,0.149,0.45,0.844,63.82,K
1.277,1.63,0.68,0.606,0.674,1.556,0.61,0.182,0.475,0.945,1.277,1.63,0.68,0.606,0.674,1.556,0.61,0.182,0.475,0.945,72.801,K
1.286,1.643,0.672,0.561,0.727,1.514,0.621,0.179,0.452,0.893,1.286,1.643,0.672,0.561,0.727,1.514,0.621,0.179,0.452,0.893,70.605,K
1.27,1.603,0.67,0.578,0.694,1.504,0.626,0.16,0.478,0.878,1.27,1.603,0.67,0.578,0.694,1.504,0.626,0.16,0.478,0.878,71.84,K
1.311,1.649,0.689,0.568,0.746,1.475,0.606,0.187,0.423,0.872,1.311,1.649,0.689,0.568,0.746,1.475,0.606,0.187,0.423,0.872,72.201,K
1.328,1.62,0.675,0.573,0.764,1.4,0.577,0.157,0.427,0.823,1.328,1.62,0.675,0.573,0.764,1.4,0.577,0.157,0.427,0.823,68.264,K
2.031,1.253,0.557,0.478,2.199,0.537,0.416,0.175,0.243,0.122,2.031,1.253,0.557,0.478,2.199,0.537,0.416,0.175,0.243,0.122,32.016,L
2.031,1.253,0.557,0.478,2.199,0.537,0.416,0.175,0.243,0.122,2.031,1.253,0.557,0.478,2.199,0.537,0.416,0.175,0.243,0.122,32.016,L
2.031,1.253,0.557,0.478,2.199,0.537,0.416,0.175,0.243,0.122,2.031,1.253,0.557,0.478,2.199,0.537,0.416,0.175,0.243,0.122,32.016,L
2.031,1.253,0.557,0.478,2.199,0.537,0.416,0.175,0.243,0.122,2.031,1.253,0.557,0.478,2.199,0.537,0.416,0.175,0.243,0.122,32.016,L
2.031,1.253,0.557,0.478,2.199,0.537,0.416,0.175,0.243,0.122,2.031,1.253,0.557,0.478,2.199,0.537,0.416,0.175,0.243,0.122,32.016,L
1.87,1.33,0.56,0.536,2.038,0.596,0.451,0.175,0.278,0.162,1.87,1.33,0.56,0.536,2.038,0.596,0.451,0.175,0.278,0.162,40.05,L
2.047,3.273,0.655,0.528,2.145,1.333,0.387,0.18,0.207,1.102,2.047,3.273,0.655,0.528,2.145,1.333,0.387,0.18,0.207,1.102,19.647,L
2.047,3.273,0.655,0.528,2.145,1.333,0.387,0.18,0.207,1.102,2.047,3.273,0.655,0.528,2.145,1.333,0.387,0.18,0.207,1.102,19.647,L
2.047,3.273,0.655,0.528,2.145,1.333,0.387,0.18,0.207,1.102,2.047,3.273,0.655,0.528,2.145,1.333,0.387,0.18,0.207,1.102,19.647,L
1.928,3.212,0.54,0.437,2.104,1.413,0.441,0.189,0.253,1.073,1.928,3.212,0.54,0.437,2.104,1.413,0.441,0.189,0.253,1.073,28.071,L
2.155,3.715,0.596,0.484,2.23,1.492,0.38,0.173,0.21,1.267,2.155,3.715,0.596,0.484,2.23,1.492,0.38,0.173,0.21,1.267,19.026,L
2.155,3.715,0.596,0.484,2.23,1.492,0.38,0.173,0.21,1.267,2.155,3.715,0.596,0.484,2.23,1.492,0.38,0.173,0.21,1.267,19.026,L
2.08,3.921,0.555,0.42,2.258,1.628,0.428,0.2,0.229,1.335,2.08,3.921,0.555,0.42,2.258,1.628,0.428,0.2,0.229,1.335,25,L
2.08,3.921,0.555,0.42,2.258,1.628,0.428,0.2,0.229,1.335,2.08,3.921,0.555,0.42,2.258,1.628,0.428,0.2,0.229,1.335,25,L
1.684,1.579,0.741,0.85,1.841,0.907,0.484,0.204,0.285,0.423,1.684,1.579,0.741,0.85,1.841,0.907,0.484,0.204,0.285,0.423,97.329,L
2.432,1.937,0.491,0.431,2.786,0.788,0.418,0.17,0.251,0.38,2.432,1.937,0.491,0.431,2.786,0.788,0.418,0.17,0.251,0.38,99.202,L
2.127,1.422,0.438,0.267,2.134,0.708,0.513,0.246,0.27,0.198,2.127,1.422,0.438,0.267,2.134,0.708,0.513,0.246,0.27,0.198,104.695,L
1.137,1.502,0.413,0.416,1.39,1.265,0.905,0.407,0.499,0.363,1.137,1.502,0.413,0.416,1.39,1.265,0.905,0.407,0.499,0.363,96.421,L
1.435,1.708,0.603,0.454,1.581,1.035,0.598,0.271,0.327,0.45,1.435,1.708,0.603,0.454,1.581,1.035,0.598,0.271,0.327,0.45,61.612,L
1.988,2.616,0.67,0.581,2.149,1.067,0.397,0.195,0.203,0.758,1.988,2.616,0.67,0.581,2.149,1.067,0.397,0.195,0.203,0.758,25.318,L
1.988,2.616,0.67,0.581,2.149,1.067,0.397,0.195,0.203,0.758,1.988,2.616,0.67,0.581,2.149,1.067,0.397,0.195,0.203,0.758,25.318,L
0.575,0.885,0.944,0.765,0.832,0.685,0.587,0.414,0.184,0.261,0.575,0.885,0.944,0.765,0.832,0.685,0.587,0.414,0.184,0.261,102.825,M
0.585,0.894,0.948,0.756,0.847,0.672,0.578,0.409,0.184,0.248,0.585,0.894,0.948,0.756,0.847,0.672,0.578,0.409,0.184,0.248,100.285,M
0.587,0.907,0.96,0.762,0.831,0.688,0.578,0.412,0.188,0.249,0.587,0.907,0.96,0.762,0.831,0.688,0.578,0.412,0.188,0.249,97.867,M
0.575,0.904,0.956,0.766,0.838,0.693,0.574,0.422,0.166,0.26,0.575,0.904,0.956,0.766,0.838,0.693,0.574,0.422,0.166,0.26,101.272,M
0.577,0.888,0.946,0.762,0.858,0.667,0.567,0.41,0.166,0.257,0.577,0.888,0.946,0.762,0.858,0.667,0.567,0.41,0.166,0.257,101.607,M
0.576,0.889,0.948,0.759,0.847,0.691,0.585,0.422,0.175,0.264,0.576,0.889,0.948,0.759,0.847,0.691,0.585,0.422,0.175,0.264,100.717,M
0.557,0.897,0.947,0.761,0.805,0.72,0.622,0.442,0.194,0.254,0.557,0.897,0.947,0.761,0.805,0.72,0.622,0.442,0.194,0.254,95.131,M
0.586,0.899,0.953,0.762,0.853,0.695,0.599,0.425,0.192,0.24,0.586,0.899,0.953,0.762,0.853,0.695,0.599,0.425,0.192,0.24,105.076,M
0.578,0.901,0.949,0.765,0.844,0.692,0.599,0.423,0.189,0.235,0.578,0.901,0.949,0.765,0.844,0.692,0.599,0.423,0.189,0.235,101.119,M
0.588,0.885,0.949,0.753,0.857,0.679,0.598,0.426,0.188,0.243,0.588,0.885,0.949,0.753,0.857,0.679,0.598,0.426,0.188,0.243,102.956,M
0.579,0.892,0.945,0.763,0.853,0.677,0.586,0.414,0.184,0.242,0.579,0.892,0.945,0.763,0.853,0.677,0.586,0.414,0.184,0.242,100.975,M
0.551,0.893,0.949,0.759,0.798,0.726,0.631,0.447,0.2,0.257,0.551,0.893,0.949,0.759,0.798,0.726,0.631,0.447,0.2,0.257,94.085,M
0.573,0.896,0.951,0.764,0.805,0.713,0.614,0.437,0.193,0.255,0.573,0.896,0.951,0.764,0.805,0.713,0.614,0.437,0.193,0.255,102.396,M
0.583,0.91,0.965,0.763,0.818,0.709,0.606,0.447,0.181,0.24,0.583,0.91,0.965,0.763,0.818,0.709,0.606,0.447,0.181,0.24,97.739,M
0.591,0.896,0.944,0.749,0.838,0.682,0.594,0.43,0.175,0.243,0.591,0.896,0.944,0.749,0.838,0.682,0.594,0.43,0.175,0.243,102.108,M
0.59,0.887,0.946,0.756,0.833,0.69,0.593,0.423,0.182,0.263,0.59,0.887,0.946,0.756,0.833,0.69,0.593,0.423,0.182,0.263,102.703,M
0.578,0.895,0.955,0.77,0.83,0.682,0.577,0.416,0.176,0.255,0.578,0.895,0.955,0.77,0.83,0.682,0.577,0.416,0.176,0.255,101.272,M
0.562,0.89,0.969,0.78,0.807,0.704,0.593,0.416,0.204,0.266,0.562,0.89,0.969,0.78,0.807,0.704,0.593,0.416,0.204,0.266,99.247,M
0.578,0.891,0.97,0.786,0.836,0.653,0.553,0.374,0.21,0.247,0.578,0.891,0.97,0.786,0.836,0.653,0.553,0.374,0.21,0.247,98.995,M
0.563,0.892,0.975,0.777,0.826,0.679,0.56,0.393,0.203,0.272,0.563,0.892,0.975,0.777,0.826,0.679,0.56,0.393,0.203,0.272,98.732,M
0.564,0.897,0.981,0.789,0.803,0.703,0.577,0.403,0.213,0.271,0.564,0.897,0.981,0.789,0.803,0.703,0.577,0.403,0.213,0.271,99.323,M
0.591,0.91,0.955,0.757,0.786,0.73,0.605,0.43,0.195,0.274,0.591,0.91,0.955,0.757,0.786,0.73,0.605,0.43,0.195,0.274,135.148,N
0.583,0.906,0.952,0.757,0.783,0.726,0.611,0.43,0.2,0.267,0.583,0.906,0.952,0.757,0.783,0.726,0.611,0.43,0.2,0.267,133.881,N
0.603,0.906,0.948,0.759,0.792,0.709,0.595,0.418,0.193,0.263,0.603,0.906,0.948,0.759,0.792,0.709,0.595,0.418,0.193,0.263,144.309,N
0.604,0.914,0.952,0.752,0.772,0.725,0.616,0.44,0.196,0.255,0.604,0.914,0.952,0.752,0.772,0.725,0.616,0.44,0.196,0.255,138.741,N
0.593,0.911,0.958,0.762,0.771,0.73,0.613,0.442,0.191,0.263,0.593,0.911,0.958,0.762,0.771,0.73,0.613,0.442,0.191,0.263,136.795,N
0.603,0.907,0.952,0.757,0.782,0.719,0.616,0.43,0.208,0.253,0.603,0.907,0.952,0.757,0.782,0.719,0.616,0.43,0.208,0.253,137.539,N
0.598,0.922,0.959,0.764,0.765,0.732,0.614,0.439,0.197,0.251,0.598,0.922,0.959,0.764,0.765,0.732,0.614,0.439,0.197,0.251,139.714,N
0.6,0.913,0.944,0.752,0.772,0.726,0.608,0.426,0.197,0.268,0.6,0.913,0.944,0.752,0.772,0.726,0.608,0.426,0.197,0.268,135.093,N
0.594,0.912,0.94,0.753,0.752,0.736,0.622,0.438,0.194,0.268,0.594,0.912,0.94,0.753,0.752,0.736,0.622,0.438,0.194,0.268,144.368,N
0.59,0.907,0.95,0.758,0.769,0.721,0.616,0.438,0.194,0.258,0.59,0.907,0.95,0.758,0.769,0.721,0.616,0.438,0.194,0.258,132.22,N
0.599,0.907,0.95,0.751,0.775,0.713,0.611,0.434,0.196,0.256,0.599,0.907,0.95,0.751,0.775,0.713,0.611,0.434,0.196,0.256,138.246,N
0.588,0.911,0.951,0.766,0.75,0.723,0.617,0.437,0.196,0.254,0.588,0.911,0.951,0.766,0.75,0.723,0.617,0.437,0.196,0.254,137.102,N
0.606,0.92,0.949,0.749,0.762,0.719,0.623,0.444,0.197,0.236,0.606,0.92,0.949,0.749,0.762,0.719,0.623,0.444,0.197,0.236,141.4,N
0.584,0.916,0.955,0.766,0.762,0.729,0.623,0.448,0.192,0.244,0.584,0.916,0.955,0.766,0.762,0.729,0.623,0.448,0.192,0.244,135.823,N
0.6,0.915,0.946,0.757,0.785,0.717,0.616,0.432,0.199,0.24,0.6,0.915,0.946,0.757,0.785,0.717,0.616,0.432,0.199,0.24,133.881,N
0.602,0.922,0.953,0.759,0.787,0.722,0.618,0.438,0.198,0.233,0.602,0.922,0.953,0.759,0.787,0.722,0.618,0.438,0.198,0.233,135.366,N
0.603,0.914,0.949,0.765,0.776,0.719,0.621,0.435,0.201,0.235,0.603,0.914,0.949,0.765,0.776,0.719,0.621,0.435,0.201,0.235,141.156,N
0.592,0.92,0.952,0.753,0.752,0.738,0.638,0.457,0.2,0.24,0.592,0.92,0.952,0.753,0.752,0.738,0.638,0.457,0.2,0.24,132.004,N
0.611,0.916,0.964,0.755,0.761,0.715,0.621,0.463,0.182,0.237,0.611,0.916,0.964,0.755,0.761,0.715,0.621,0.463,0.182,0.237,136.062,N
0.592,0.912,0.943,0.753,0.729,0.734,0.631,0.444,0.201,0.258,0.592,0.912,0.943,0.753,0.729,0.734,0.631,0.444,0.201,0.258,133.754,N
0.596,0.901,0.954,0.752,0.747,0.721,0.626,0.455,0.19,0.261,0.596,0.901,0.954,0.752,0.747,0.721,0.626,0.455,0.19,0.261,140.186,N
0.974,0.967,1.011,0.932,0.162,0.23,0.429,0.527,0.143,0.256,0.974,0.967,1.011,0.932,0.162,0.23,0.429,0.527,0.143,0.256,2.236,O
0.974,0.967,1.011,0.932,0.162,0.23,0.429,0.527,0.143,0.256,0.974,0.967,1.011,0.932,0.162,0.23,0.429,0.527,0.143,0.256,2.236,O
0.974,0.967,1.011,0.932,0.162,0.23,0.429,0.527,0.143,0.256,0.974,0.967,1.011,0.932,0.162,0.23,0.429,0.527,0.143,0.256,2.236,O
0.974,0.967,1.011,0.932,0.162,0.23,0.429,0.527,0.143,0.256,0.974,0.967,1.011,0.932,0.162,0.23,0.429,0.527,0.143,0.256,2.236,O
0.974,0.967,1.011,0.932,0.162,0.23,0.429,0.527,0.143,0.256,0.974,0.967,1.011,0.932,0.162,0.23,0.429,0.527,0.143,0.256,2.236,O
0.974,0.967,1.011,0.932,0.162,0.23,0.429,0.527,0.143,0.256,0.974,0.967,1.011,0.932,0.162,0.23,0.429,0.527,0.143,0.256,2.236,O
0.967,0.994,0.994,0.939,0.142,0.438,0.455,0.438,0.072,0.072,0.967,0.994,0.994,0.939,0.142,0.438,0.455,0.438,0.072,0.072,3.606,O
0.967,0.994,0.994,0.939,0.142,0.438,0.455,0.438,0.072,0.072,0.967,0.994,0.994,0.939,0.142,0.438,0.455,0.438,0.072,0.072,3.606,O
0.967,0.994,0.994,0.939,0.142,0.438,0.455,0.438,0.072,0.072,0.967,0.994,0.994,0.939,0.142,0.438,0.455,0.438,0.072,0.072,3.606,O
0.967,0.983,1.009,0.944,0.205,0.221,0.279,0.349,0.21,0.099,0.967,0.983,1.009,0.944,0.205,0.221,0.279,0.349,0.21,0.099,1.414,O
0.967,0.983,1.009,0.944,0.205,0.221,0.279,0.349,0.21,0.099,0.967,0.983,1.009,0.944,0.205,0.221,0.279,0.349,0.21,0.099,1.414,O
0.98,1.015,1.014,0.942,0.191,0.385,0.308,0.397,0.196,0.077,0.98,1.015,1.014,0.942,0.191,0.385,0.308,0.397,0.196,0.077,1.414,O
0.98,1.015,1.014,0.942,0.191,0.385,0.308,0.397,0.196,0.077,0.98,1.015,1.014,0.942,0.191,0.385,0.308,0.397,0.196,0.077,1.414,O
0.98,1.015,1.014,0.942,0.191,0.385,0.308,0.397,0.196,0.077,0.98,1.015,1.014,0.942,0.191,0.385,0.308,0.397,0.196,0.077,1.414,O
0.98,1.015,1.014,0.942,0.191,0.385,0.308,0.397,0.196,0.077,0.98,1.015,1.014,0.942,0.191,0.385,0.308,0.397,0.196,0.077,1.414,O
0.98,1.015,1.014,0.942,0.191,0.385,0.308,0.397,0.196,0.077,0.98,1.015,1.014,0.942,0.191,0.385,0.308,0.397,0.196,0.077,1.414,O
0.973,1.006,0.997,0.942,0.189,0.339,0.309,0.322,0.119,0.053,0.973,1.006,0.997,0.942,0.189,0.339,0.309,0.322,0.119,0.053,1.414,O
0.973,1.006,0.997,0.942,0.189,0.339,0.309,0.322,0.119,0.053,0.973,1.006,0.997,0.942,0.189,0.339,0.309,0.322,0.119,0.053,1.414,O
0.973,1.006,0.997,0.942,0.189,0.339,0.309,0.322,0.119,0.053,0.973,1.006,0.997,0.942,0.189,0.339,0.309,0.322,0.119,0.053,1.414,O
0.973,1.006,0.997,0.942,0.189,0.339,0.309,0.322,0.119,0.053,0.973,1.006,0.997,0.942,0.189,0.339,0.309,0.322,0.119,0.053,1.414,O
0.973,1.006,0.997,0.942,0.189,0.339,0.309,0.322,0.119,0.053,0.973,1.006,0.997,0.942,0.189,0.339,0.309,0.322,0.119,0.053,1.414,O
1.22,2.534,0.722,0.615,0.607,3.314,0.634,0.188,0.466,2.823,1.22,2.534,0.722,0.615,0.607,3.314,0.634,0.188,0.466,2.823,103.586,P
1.246,2.543,0.729,0.598,0.65,3.131,0.618,0.207,0.421,2.655,1.246,2.543,0.729,0.598,0.65,3.131,0.618,0.207,0.421,2.655,103.947,P
1.276,2.584,0.734,0.627,0.654,3.129,0.571,0.168,0.413,2.706,1.276,2.584,0.734,0.627,0.654,3.129,0.571,0.168,0.413,2.706,101.966,P
1.253,2.587,0.714,0.605,0.65,3.196,0.607,0.181,0.446,2.726,1.253,2.587,0.714,0.605,0.65,3.196,0.607,0.181,0.446,2.726,102.703,P
1.25,2.587,0.732,0.589,0.668,3.106,0.616,0.216,0.406,2.629,1.25,2.587,0.732,0.589,0.668,3.106,0.616,0.216,0.406,2.629,105.929,P
1.255,2.629,0.763,0.625,0.643,3.227,0.584,0.218,0.372,2.743,1.255,2.629,0.763,0.625,0.643,3.227,0.584,0.218,0.372,2.743,103.697,P
1.243,2.506,0.713,0.61,0.635,3.139,0.615,0.169,0.453,2.66,1.243,2.506,0.713,0.61,0.635,3.139,0.615,0.169,0.453,2.66,101.71,P
1.262,2.537,0.76,0.624,0.642,3.118,0.587,0.223,0.377,2.629,1.262,2.537,0.76,0.624,0.642,3.118,0.587,0.223,0.377,2.629,103.697,P
1.251,2.604,0.747,0.636,0.619,3.319,0.588,0.191,0.413,2.838,1.251,2.604,0.747,0.636,0.619,3.319,0.588,0.191,0.413,2.838,103.484,P
1.226,2.514,0.749,0.643,0.585,3.385,0.613,0.208,0.435,2.884,1.226,2.514,0.749,0.643,0.585,3.385,0.613,0.208,0.435,2.884,104.69,P
1.235,2.512,0.718,0.609,0.626,3.205,0.629,0.198,0.452,2.676,1.235,2.512,0.718,0.609,0.626,3.205,0.629,0.198,0.452,2.676,102.703,P
1.228,2.551,0.724,0.612,0.621,3.263,0.627,0.202,0.449,2.737,1.228,2.551,0.724,0.612,0.621,3.263,0.627,0.202,0.449,2.737,104.69,P
1.221,2.548,0.725,0.65,0.572,3.519,0.618,0.171,0.485,3.001,1.221,2.548,0.725,0.65,0.572,3.519,0.618,0.171,0.485,3.001,104.58,P
1.216,2.543,0.743,0.651,0.565,3.542,0.625,0.194,0.456,3.002,1.216,2.543,0.743,0.651,0.565,3.542,0.625,0.194,0.456,3.002,103.586,P
1.242,2.488,0.739,0.692,0.549,3.523,0.574,0.158,0.477,3.025,1.242,2.488,0.739,0.692,0.549,3.523,0.574,0.158,0.477,3.025,101.71,P
1.244,2.626,0.726,0.711,0.54,3.861,0.588,0.247,0.51,3.303,1.244,2.626,0.726,0.711,0.54,3.861,0.588,0.247,0.51,3.303,101.4,P
1.266,2.587,0.721,0.733,0.538,3.761,0.537,0.197,0.52,3.261,1.266,2.587,0.721,0.733,0.538,3.761,0.537,0.197,0.52,3.261,99.85,P
1.232,2.615,0.72,0.691,0.541,3.8,0.59,0.199,0.524,3.267,1.232,2.615,0.72,0.691,0.541,3.8,0.59,0.199,0.524,3.267,103.586,P
1.21,2.54,0.728,0.686,0.525,3.813,0.62,0.207,0.523,3.265,1.21,2.54,0.728,0.686,0.525,3.813,0.62,0.207,0.523,3.265,102.703,P
1.244,2.561,0.713,0.677,0.567,3.569,0.574,0.108,0.507,3.11,1.244,2.561,0.713,0.677,0.567,3.569,0.574,0.108,0.507,3.11,103.247,P
1.233,2.575,0.728,0.697,0.538,3.771,0.589,0.18,0.506,3.241,1.233,2.575,0.728,0.697,0.538,3.771,0.589,0.18,0.506,3.241,102.703,P
0.534,0.564,0.759,0.609,0.748,1.055,0.933,0.546,0.392,0.913,0.534,0.564,0.759,0.609,0.748,1.055,0.933,0.546,0.392,0.913,93.776,Q
0.544,0.562,0.76,0.601,0.795,0.988,0.87,0.521,0.356,0.873,0.544,0.562,0.76,0.601,0.795,0.988,0.87,0.521,0.356,0.873,84.433,Q
0.552,0.572,0.763,0.616,0.823,0.972,0.84,0.504,0.344,0.835,0.552,0.572,0.763,0.616,0.823,0.972,0.84,0.504,0.344,0.835,80.056,Q
0.555,0.566,0.764,0.606,0.814,0.984,0.845,0.516,0.337,0.871,0.555,0.566,0.764,0.606,0.814,0.984,0.845,0.516,0.337,0.871,82.97,Q
0.533,0.56,0.754,0.607,0.787,1.016,0.89,0.534,0.366,0.889,0.533,0.56,0.754,0.607,0.787,1.016,0.89,0.534,0.366,0.889,86.377,Q
0.564,0.576,0.753,0.594,0.82,0.982,0.859,0.513,0.354,0.854,0.564,0.576,0.753,0.594,0.82,0.982,0.859,0.513,0.354,0.854,83.487,Q
0.562,0.556,0.762,0.603,0.831,0.966,0.852,0.516,0.342,0.849,0.562,0.556,0.762,0.603,0.831,0.966,0.852,0.516,0.342,0.849,81.271,Q
0.561,0.569,0.765,0.608,0.801,1.003,0.874,0.526,0.354,0.868,0.561,0.569,0.765,0.608,0.801,1.003,0.874,0.526,0.354,0.868,86.683,Q
0.563,0.574,0.765,0.619,0.839,0.985,0.847,0.521,0.333,0.833,0.563,0.574,0.765,0.619,0.839,0.985,0.847,0.521,0.333,0.833,84.119,Q
0.549,0.554,0.758,0.602,0.809,0.994,0.88,0.534,0.354,0.875,0.549,0.554,0.758,0.602,0.809,0.994,0.88,0.534,0.354,0.875,85.703,Q
0.577,0.588,0.773,0.607,0.825,0.985,0.849,0.513,0.339,0.834,0.577,0.588,0.773,0.607,0.825,0.985,0.849,0.513,0.339,0.834,83.815,Q
0.556,0.569,0.775,0.615,0.835,0.982,0.848,0.525,0.328,0.839,0.556,0.569,0.775,0.615,0.835,0.982,0.848,0.525,0.328,0.839,82.861,Q
0.56,0.584,0.779,0.613,0.802,1.023,0.865,0.526,0.342,0.874,0.56,0.584,0.779,0.613,0.802,1.023,0.865,0.526,0.342,0.874,88.6,Q
0.54,0.56,0.767,0.61,0.745,1.068,0.942,0.566,0.381,0.927,0.54,0.56,0.767,0.61,0.745,1.068,0.942,0.566,0.381,0.927,97.499,Q
0.573,0.557,0.768,0.612,0.841,0.981,0.852,0.522,0.335,0.853,0.573,0.557,0.768,0.612,0.841,0.981,0.852,0.522,0.335,0.853,81.32,Q
0.563,0.572,0.767,0.606,0.815,1,0.87,0.513,0.359,0.859,0.563,0.572,0.767,0.606,0.815,1,0.87,0.513,0.359,0.859,85.726,Q
0.563,0.574,0.766,0.61,0.826,0.985,0.86,0.519,0.345,0.836,0.563,0.574,0.766,0.61,0.826,0.985,0.86,0.519,0.345,0.836,84.202,Q
0.567,0.565,0.763,0.606,0.811,1.003,0.869,0.523,0.352,0.876,0.567,0.565,0.763,0.606,0.811,1.003,0.869,0.523,0.352,0.876,83.815,Q
0.548,0.556,0.771,0.618,0.806,0.991,0.881,0.531,0.353,0.848,0.548,0.556,0.771,0.618,0.806,0.991,0.881,0.531,0.353,0.848,87.316,Q
0.562,0.58,0.758,0.597,0.815,1.016,0.883,0.537,0.351,0.87,0.562,0.58,0.758,0.597,0.815,1.016,0.883,0.537,0.351,0.87,85.726,Q
0.568,0.579,0.77,0.616,0.834,0.985,0.855,0.505,0.352,0.823,0.568,0.579,0.77,0.616,0.834,0.985,0.855,0.505,0.352,0.823,85.866,Q
0.649,0.959,0.922,0.729,0.843,0.85,0.598,0.416,0.188,0.388,0.649,0.959,0.922,0.729,0.843,0.85,0.598,0.416,0.188,0.388,152.118,R
0.649,0.959,0.922,0.729,0.843,0.85,0.598,0.416,0.188,0.388,0.649,0.959,0.922,0.729,0.843,0.85,0.598,0.416,0.188,0.388,152.118,R
0.629,0.968,0.928,0.726,0.789,0.907,0.646,0.444,0.215,0.395,0.629,0.968,0.928,0.726,0.789,0.907,0.646,0.444,0.215,0.395,146.328,R
0.643,0.962,0.927,0.732,0.837,0.85,0.601,0.415,0.196,0.379,0.643,0.962,0.927,0.732,0.837,0.85,0.601,0.415,0.196,0.379,151.796,R
0.653,0.963,0.92,0.736,0.854,0.843,0.585,0.406,0.183,0.386,0.653,0.963,0.92,0.736,0.854,0.843,0.585,0.406,0.183,0.386,154.029,R
0.649,0.956,0.916,0.734,0.845,0.845,0.594,0.413,0.184,0.386,0.649,0.956,0.916,0.734,0.845,0.845,0.594,0.413,0.184,0.386,150.376,R
0.649,0.956,0.916,0.734,0.845,0.845,0.594,0.413,0.184,0.386,0.649,0.956,0.916,0.734,0.845,0.845,0.594,0.413,0.184,0.386,150.376,R
0.635,0.957,0.926,0.733,0.829,0.888,0.629,0.442,0.194,0.397,0.635,0.957,0.926,0.733,0.829,0.888,0.629,0.442,0.194,0.397,146.7,R
0.609,0.957,0.925,0.728,0.817,0.871,0.613,0.425,0.197,0.4,0.609,0.957,0.925,0.728,0.817,0.871,0.613,0.425,0.197,0.4,144.586,R
0.639,0.951,0.92,0.728,0.844,0.85,0.6,0.414,0.192,0.393,0.639,0.951,0.92,0.728,0.844,0.85,0.6,0.414,0.192,0.393,150.376,R
0.655,0.963,0.922,0.729,0.848,0.849,0.594,0.414,0.187,0.386,0.655,0.963,0.922,0.729,0.848,0.849,0.594,0.414,0.187,0.386,153.026,R
0.658,0.961,0.916,0.727,0.849,0.85,0.594,0.411,0.188,0.391,0.658,0.961,0.916,0.727,0.849,0.85,0.594,0.411,0.188,0.391,153.026,R
0.631,0.946,0.921,0.733,0.84,0.847,0.6,0.414,0.191,0.392,0.631,0.946,0.921,0.733,0.84,0.847,0.6,0.414,0.191,0.392,153.522,R
0.647,0.965,0.92,0.733,0.84,0.855,0.596,0.407,0.195,0.389,0.647,0.965,0.92,0.733,0.84,0.855,0.596,0.407,0.195,0.389,150.306,R
0.654,0.962,0.917,0.728,0.845,0.843,0.59,0.404,0.191,0.386,0.654,0.962,0.917,0.728,0.845,0.843,0.59,0.404,0.191,0.386,151.7,R
0.655,0.964,0.916,0.736,0.847,0.847,0.585,0.401,0.188,0.392,0.655,0.964,0.916,0.736,0.847,0.847,0.585,0.401,0.188,0.392,154.353,R
0.652,0.953,0.913,0.725,0.846,0.842,0.602,0.411,0.195,0.381,0.652,0.953,0.913,0.725,0.846,0.842,0.602,0.411,0.195,0.381,151.7,R
0.649,0.956,0.914,0.724,0.84,0.854,0.603,0.411,0.196,0.393,0.649,0.956,0.914,0.724,0.84,0.854,0.603,0.411,0.196,0.393,151.7,R
0.653,0.963,0.922,0.729,0.847,0.85,0.6,0.416,0.19,0.381,0.653,0.963,0.922,0.729,0.847,0.85,0.6,0.416,0.19,0.381,153.026,R
0.65,0.955,0.92,0.732,0.847,0.848,0.599,0.409,0.197,0.384,0.65,0.955,0.92,0.732,0.847,0.848,0.599,0.409,0.197,0.384,153.026,R
0.651,0.964,0.922,0.732,0.847,0.859,0.602,0.418,0.19,0.386,0.651,0.964,0.922,0.732,0.847,0.859,0.602,0.418,0.19,0.386,152.201,R
2.607,1.534,0.528,4.031,5.47,0.83,0.737,0.68,0.114,0.117,2.607,1.534,0.528,4.031,5.47,0.83,0.737,0.68,0.114,0.117,261.398,S
3.036,1.72,0.505,4.839,6.63,0.836,0.748,0.687,0.102,0.119,3.036,1.72,0.505,4.839,6.63,0.836,0.748,0.687,0.102,0.119,259.738,S
3.64,2.083,0.333,4.649,7.453,0.816,0.685,0.581,0.144,0.152,3.64,2.083,0.333,4.649,7.453,0.816,0.685,0.581,0.144,0.152,264.821,S
3.046,1.805,0.566,5.022,6.765,0.847,0.753,0.684,0.107,0.13,3.046,1.805,0.566,5.022,6.765,0.847,0.753,0.684,0.107,0.13,259.625,S
3.098,1.764,0.309,4.705,6.856,0.821,0.728,0.665,0.116,0.118,3.098,1.764,0.309,4.705,6.856,0.821,0.728,0.665,0.116,0.118,251.448,S
3.246,1.808,0.131,4.634,7.205,0.795,0.718,0.648,0.121,0.112,3.246,1.808,0.131,4.634,7.205,0.795,0.718,0.648,0.121,0.112,262.909,S
3.403,2.245,0.16,5.215,7.689,0.888,0.757,0.699,0.117,0.163,3.403,2.245,0.16,5.215,7.689,0.888,0.757,0.699,0.117,0.163,248.697,S
3.786,2.065,0.221,5.472,8.089,0.829,0.735,0.685,0.097,0.133,3.786,2.065,0.221,5.472,8.089,0.829,0.735,0.685,0.097,0.133,255.131,S
2.461,1.556,0.644,3.741,4.909,0.82,0.742,0.677,0.114,0.126,2.461,1.556,0.644,3.741,4.909,0.82,0.742,0.677,0.114,0.126,252.786,S
3.375,1.92,0.144,5.029,7.484,0.834,0.743,0.663,0.124,0.124,3.375,1.92,0.144,5.029,7.484,0.834,0.743,0.663,0.124,0.124,252.907,S
3.632,1.92,0.349,5.522,8.129,0.794,0.711,0.644,0.112,0.118,3.632,1.92,0.349,5.522,8.129,0.794,0.711,0.644,0.112,0.118,257.67,S
3.334,1.801,0.449,4.391,7.333,0.812,0.728,0.65,0.113,0.119,3.334,1.801,0.449,4.391,7.333,0.812,0.728,0.65,0.113,0.119,252.723,S
3.768,2.1,0.436,5.722,8.949,0.813,0.733,0.675,0.114,0.128,3.768,2.1,0.436,5.722,8.949,0.813,0.733,0.675,0.114,0.128,262.214,S
3.329,1.909,0.402,4.457,7.086,0.847,0.747,0.685,0.11,0.13,3.329,1.909,0.402,4.457,7.086,0.847,0.747,0.685,0.11,0.13,256.425,S
3.309,1.882,0.506,4.575,7.333,0.834,0.747,0.69,0.099,0.128,3.309,1.882,0.506,4.575,7.333,0.834,0.747,0.69,0.099,0.128,259.239,S
3.981,2.054,0.189,5.9,9.197,0.803,0.726,0.656,0.11,0.117,3.981,2.054,0.189,5.9,9.197,0.803,0.726,0.656,0.11,0.117,262.48,S
2.396,1.502,0.505,3.522,4.834,0.804,0.724,0.695,0.108,0.116,2.396,1.502,0.505,3.522,4.834,0.804,0.724,0.695,0.108,0.116,259.372,S
3.054,1.882,0.216,4.268,6.426,0.848,0.742,0.655,0.133,0.139,3.054,1.882,0.216,4.268,6.426,0.848,0.742,0.655,0.133,0.139,255.65,S
3.026,1.766,0.319,4.899,6.717,0.826,0.737,0.695,0.12,0.125,3.026,1.766,0.319,4.899,6.717,0.826,0.737,0.695,0.12,0.125,254.152,S
3.538,1.997,0.101,5.034,7.739,0.839,0.729,0.645,0.123,0.131,3.538,1.997,0.101,5.034,7.739,0.839,0.729,0.645,0.123,0.131,254.772,S
3.563,2.046,0.164,5.327,8.036,0.833,0.739,0.683,0.111,0.13,3.563,2.046,0.164,5.327,8.036,0.833,0.739,0.683,0.111,0.13,259.65,S
1.212,1.983,0.911,0.803,0.529,2.582,0.652,0.355,0.299,1.96,1.212,1.983,0.911,0.803,0.529,2.582,0.652,0.355,0.299,1.96,55.154,T
1.204,2.049,0.908,0.807,0.523,2.691,0.677,0.387,0.29,2.07,1.204,2.049,0.908,0.807,0.523,2.691,0.677,0.387,0.29,2.07,60.828,T
1.278,2.001,0.877,0.796,0.59,2.351,0.601,0.313,0.291,1.78,1.278,2.001,0.877,0.796,0.59,2.351,0.601,0.313,0.291,1.78,48.836,T
1.267,1.98,0.889,0.802,0.573,2.338,0.631,0.323,0.308,1.762,1.267,1.98,0.889,0.802,0.573,2.338,0.631,0.323,0.308,1.762,53.038,T
1.285,1.96,0.867,0.784,0.594,2.263,0.587,0.293,0.297,1.698,1.285,1.96,0.867,0.784,0.594,2.263,0.587,0.293,0.297,1.698,48.415,T
1.121,1.867,0.887,0.784,0.476,2.589,0.732,0.397,0.335,1.894,1.121,1.867,0.887,0.784,0.476,2.589,0.732,0.397,0.335,1.894,64.661,T
1.226,1.896,0.872,0.786,0.547,2.305,0.659,0.336,0.326,1.691,1.226,1.896,0.872,0.786,0.547,2.305,0.659,0.336,0.326,1.691,52.326,T
1.302,1.937,0.877,0.77,0.613,2.153,0.622,0.322,0.299,1.572,1.302,1.937,0.877,0.77,0.613,2.153,0.622,0.322,0.299,1.572,42.45,T
1.24,1.935,0.876,0.763,0.575,2.294,0.637,0.338,0.299,1.684,1.24,1.935,0.876,0.763,0.575,2.294,0.637,0.338,0.299,1.684,48.918,T
1.253,1.931,0.878,0.769,0.599,2.215,0.629,0.34,0.289,1.617,1.253,1.931,0.878,0.769,0.599,2.215,0.629,0.34,0.289,1.617,48.795,T
1.29,1.961,0.882,0.79,0.602,2.21,0.622,0.326,0.296,1.64,1.29,1.961,0.882,0.79,0.602,2.21,0.622,0.326,0.296,1.64,46.098,T
1.254,1.94,0.881,0.773,0.607,2.193,0.595,0.323,0.273,1.62,1.254,1.94,0.881,0.773,0.607,2.193,0.595,0.323,0.273,1.62,50.99,T
1.286,1.972,0.887,0.787,0.58,2.34,0.637,0.338,0.298,1.741,1.286,1.972,0.887,0.787,0.58,2.34,0.637,0.338,0.298,1.741,46.098,T
1.214,1.938,0.873,0.772,0.538,2.455,0.701,0.358,0.343,1.797,1.214,1.938,0.873,0.772,0.538,2.455,0.701,0.358,0.343,1.797,50,T
1.227,1.985,0.876,0.796,0.58,2.358,0.641,0.352,0.293,1.762,1.227,1.985,0.876,0.796,0.58,2.358,0.641,0.352,0.293,1.762,57.315,T
1.235,1.959,0.888,0.79,0.562,2.37,0.651,0.346,0.305,1.764,1.235,1.959,0.888,0.79,0.562,2.37,0.651,0.346,0.305,1.764,55.172,T
1.244,1.958,0.889,0.779,0.591,2.281,0.622,0.343,0.279,1.69,1.244,1.958,0.889,0.779,0.591,2.281,0.622,0.343,0.279,1.69,55.227,T
1.231,1.976,0.896,0.796,0.613,2.22,0.607,0.334,0.273,1.654,1.231,1.976,0.896,0.796,0.613,2.22,0.607,0.334,0.273,1.654,57.315,T
1.241,1.961,0.875,0.764,0.583,2.333,0.659,0.342,0.317,1.708,1.241,1.961,0.875,0.764,0.583,2.333,0.659,0.342,0.317,1.708,50.21,T
1.252,2.001,0.895,0.771,0.595,2.341,0.636,0.353,0.284,1.741,1.252,2.001,0.895,0.771,0.595,2.341,0.636,0.353,0.284,1.741,54.489,T
1.28,2.025,0.877,0.765,0.616,2.323,0.605,0.328,0.277,1.74,1.28,2.025,0.877,0.765,0.616,2.323,0.605,0.328,0.277,1.74,50.912,T
1.508,2.573,0.677,0.42,1.144,1.974,0.535,0.232,0.311,1.464,1.508,2.573,0.677,0.42,1.144,1.974,0.535,0.232,0.311,1.464,67.469,U
1.508,2.573,0.677,0.42,1.144,1.974,0.535,0.232,0.311,1.464,1.508,2.573,0.677,0.42,1.144,1.974,0.535,0.232,0.311,1.464,67.469,U
1.508,2.573,0.677,0.42,1.144,1.974,0.535,0.232,0.311,1.464,1.508,2.573,0.677,0.42,1.144,1.974,0.535,0.232,0.311,1.464,67.469,U
1.508,2.573,0.677,0.42,1.144,1.974,0.535,0.232,0.311,1.464,1.508,2.573,0.677,0.42,1.144,1.974,0.535,0.232,0.311,1.464,67.469,U
1.508,2.573,0.677,0.42,1.144,1.974,0.535,0.232,0.311,1.464,1.508,2.573,0.677,0.42,1.144,1.974,0.535,0.232,0.311,1.464,67.469,U
1.508,2.573,0.677,0.42,1.144,1.974,0.535,0.232,0.311,1.464,1.508,2.573,0.677,0.42,1.144,1.974,0.535,0.232,0.311,1.464,67.469,U
1.508,2.573,0.677,0.42,1.144,1.974,0.535,0.232,0.311,1.464,1.508,2.573,0.677,0.42,1.144,1.974,0.535,0.232,0.311,1.464,67.469,U
1.508,2.573,0.677,0.42,1.144,1.974,0.535,0.232,0.311,1.464,1.508,2.573,0.677,0.42,1.144,1.974,0.535,0.232,0.311,1.464,67.469,U
1.508,2.573,0.677,0.42,1.144,1.974,0.535,0.232,0.311,1.464,1.508,2.573,0.677,0.42,1.144,1.974,0.535,0.232,0.311,1.464,67.469,U
1.508,2.573,0.677,0.42,1.144,1.974,0.535,0.232,0.311,1.464,1.508,2.573,0.677,0.42,1.144,1.974,0.535,0.232,0.311,1.464,67.469,U
1.502,2.579,0.702,0.469,1.164,1.932,0.5,0.215,0.291,1.449,1.502,2.579,0.702,0.469,1.164,1.932,0.5,0.215,0.291,1.449,76.942,U
1.71,2.539,0.684,0.45,1.289,1.629,0.427,0.183,0.248,1.213,1.71,2.539,0.684,0.45,1.289,1.629,0.427,0.183,0.248,1.213,19.235,U
1.71,2.539,0.684,0.45,1.289,1.629,0.427,0.183,0.248,1.213,1.71,2.539,0.684,0.45,1.289,1.629,0.427,0.183,0.248,1.213,19.235,U
1.71,2.539,0.684,0.45,1.289,1.629,0.427,0.183,0.248,1.213,1.71,2.539,0.684,0.45,1.289,1.629,0.427,0.183,0.248,1.213,19.235,U
1.71,2.539,0.684,0.45,1.289,1.629,0.427,0.183,0.248,1.213,1.71,2.539,0.684,0.45,1.289,1.629,0.427,0.183,0.248,1.213,19.235,U
1.71,2.539,0.684,0.45,1.289,1.629,0.427,0.183,0.248,1.213,1.71,2.539,0.684,0.45,1.289,1.629,0.427,0.183,0.248,1.213,19.235,U
1.476,2.527,0.743,0.488,1.118,1.955,0.489,0.243,0.248,1.506,1.476,2.527,0.743,0.488,1.118,1.955,0.489,0.243,0.248,1.506,78.262,U
1.476,2.527,0.743,0.488,1.118,1.955,0.489,0.243,0.248,1.506,1.476,2.527,0.743,0.488,1.118,1.955,0.489,0.243,0.248,1.506,78.262,U
1.476,2.527,0.743,0.488,1.118,1.955,0.489,0.243,0.248,1.506,1.476,2.527,0.743,0.488,1.118,1.955,0.489,0.243,0.248,1.506,78.262,U
1.476,2.527,0.743,0.488,1.118,1.955,0.489,0.243,0.248,1.506,1.476,2.527,0.743,0.488,1.118,1.955,0.489,0.243,0.248,1.506,78.262,U
1.476,2.527,0.743,0.488,1.118,1.955,0.489,0.243,0.248,1.506,1.476,2.527,0.743,0.488,1.118,1.955,0.489,0.243,0.248,1.506,78.262,U
0.35,1.068,0.227,0.151,0.224,4.231,4.108,0.412,3.72,1.614,0.35,1.068,0.227,0.151,0.224,4.231,4.108,0.412,3.72,1.614,5,V
0.35,1.068,0.227,0.151,0.224,4.231,4.108,0.412,3.72,1.614,0.35,1.068,0.227,0.151,0.224,4.231,4.108,0.412,3.72,1.614,5,V
0.793,3.078,0.387,0.177,0.639,4.604,1.339,0.329,1.127,3.267,0.793,3.078,0.387,0.177,0.639,4.604,1.339,0.329,1.127,3.267,3,V
0.372,1.254,0.227,0.129,0.265,4.348,3.543,0.392,3.254,1.88,0.372,1.254,0.227,0.129,0.265,4.348,3.543,0.392,3.254,1.88,3.606,V
0.372,1.254,0.227,0.129,0.265,4.348,3.543,0.392,3.254,1.88,0.372,1.254,0.227,0.129,0.265,4.348,3.543,0.392,3.254,1.88,3.606,V
0.688,2.032,0.445,0.232,0.47,3.883,1.698,0.458,1.291,2.198,0.688,2.032,0.445,0.232,0.47,3.883,1.698,0.458,1.291,2.198,1.414,V
0.361,1.148,0.224,0.145,0.231,4.436,3.965,0.355,3.698,1.82,0.361,1.148,0.224,0.145,0.231,4.436,3.965,0.355,3.698,1.82,5.385,V
0.361,1.148,0.224,0.145,0.231,4.436,3.965,0.355,3.698,1.82,0.361,1.148,0.224,0.145,0.231,4.436,3.965,0.355,3.698,1.82,5.385,V
0.361,1.148,0.224,0.145,0.231,4.436,3.965,0.355,3.698,1.82,0.361,1.148,0.224,0.145,0.231,4.436,3.965,0.355,3.698,1.82,5.385,V
0.361,1.148,0.224,0.145,0.231,4.436,3.965,0.355,3.698,1.82,0.361,1.148,0.224,0.145,0.231,4.436,3.965,0.355,3.698,1.82,5.385,V
1.254,5.167,0.591,0.197,1.129,4.523,0.763,0.349,0.599,3.836,1.254,5.167,0.591,0.197,1.129,4.523,0.763,0.349,0.599,3.836,4,V
0.344,1.214,0.234,0.119,0.256,4.434,3.774,0.509,3.379,1.927,0.344,1.214,0.234,0.119,0.256,4.434,3.774,0.509,3.379,1.927,1,V
0.344,1.214,0.234,0.119,0.256,4.434,3.774,0.509,3.379,1.927,0.344,1.214,0.234,0.119,0.256,4.434,3.774,0.509,3.379,1.927,1,V
0.449,1.322,0.287,0.185,0.312,3.845,2.98,0.355,2.733,1.508,0.449,1.322,0.287,0.185,0.312,3.845,2.98,0.355,2.733,1.508,3.606,V
0.449,1.322,0.287,0.185,0.312,3.845,2.98,0.355,2.733,1.508,0.449,1.322,0.287,0.185,0.312,3.845,2.98,0.355,2.733,1.508,3.606,V
1.215,1.288,0.792,0.466,0.795,1.236,0.767,0.411,0.576,0.535,1.215,1.288,0.792,0.466,0.795,1.236,0.767,0.411,0.576,0.535,5,V
1.113,1.105,0.797,0.284,0.915,0.981,0.825,0.566,0.369,0.267,1.113,1.105,0.797,0.284,0.915,0.981,0.825,0.566,0.369,0.267,5,V
1.113,1.105,0.797,0.284,0.915,0.981,0.825,0.566,0.369,0.267,1.113,1.105,0.797,0.284,0.915,0.981,0.825,0.566,0.369,0.267,5,V
1.102,3.975,0.648,0.389,0.827,4.637,0.853,0.315,0.745,3.855,1.102,3.975,0.648,0.389,0.827,4.637,0.853,0.315,0.745,3.855,5.385,V
0.353,1.203,0.211,0.122,0.257,4.345,3.722,0.414,3.364,1.842,0.353,1.203,0.211,0.122,0.257,4.345,3.722,0.414,3.364,1.842,2.236,V
0.353,1.203,0.211,0.122,0.257,4.345,3.722,0.414,3.364,1.842,0.353,1.203,0.211,0.122,0.257,4.345,3.722,0.414,3.364,1.842,2.236,V
2.74,3.985,0.729,0.708,2.568,1.305,0.27,0.108,0.164,1.193,2.74,3.985,0.729,0.708,2.568,1.305,0.27,0.108,0.164,1.193,23.537,W
2.738,3.943,0.753,0.687,2.523,1.309,0.258,0.108,0.15,1.201,2.738,3.943,0.753,0.687,2.523,1.309,0.258,0.108,0.15,1.201,24.515,W
2.719,3.887,0.744,0.685,2.516,1.294,0.265,0.106,0.159,1.182,2.719,3.887,0.744,0.685,2.516,1.294,0.265,0.106,0.159,1.182,23.345,W
2.75,3.949,0.739,0.659,2.534,1.316,0.262,0.096,0.166,1.201,2.75,3.949,0.739,0.659,2.534,1.316,0.262,0.096,0.166,1.201,24.331,W
2.747,3.945,0.74,0.656,2.536,1.315,0.271,0.117,0.154,1.205,2.747,3.945,0.74,0.656,2.536,1.315,0.271,0.117,0.154,1.205,24.739,W
2.76,4.002,0.748,0.695,2.568,1.312,0.27,0.114,0.156,1.205,2.76,4.002,0.748,0.695,2.568,1.312,0.27,0.114,0.156,1.205,24.515,W
2.75,3.944,0.726,0.682,2.56,1.298,0.27,0.096,0.175,1.186,2.75,3.944,0.726,0.682,2.56,1.298,0.27,0.096,0.175,1.186,24.187,W
2.69,3.894,0.738,0.673,2.473,1.322,0.269,0.108,0.161,1.208,2.69,3.894,0.738,0.673,2.473,1.322,0.269,0.108,0.161,1.208,24.739,W
2.733,3.944,0.726,0.655,2.547,1.313,0.271,0.096,0.175,1.192,2.733,3.944,0.726,0.655,2.547,1.313,0.271,0.096,0.175,1.192,23.77,W
2.772,4.039,0.779,0.708,2.587,1.313,0.268,0.112,0.156,1.209,2.772,4.039,0.779,0.708,2.587,1.313,0.268,0.112,0.156,1.209,24.739,W
2.772,4.001,0.723,0.666,2.602,1.307,0.271,0.101,0.17,1.188,2.772,4.001,0.723,0.666,2.602,1.307,0.271,0.101,0.17,1.188,26.683,W
2.84,4.068,0.73,0.693,2.649,1.298,0.266,0.102,0.165,1.194,2.84,4.068,0.73,0.693,2.649,1.298,0.266,0.102,0.165,1.194,25.318,W
2.772,4.014,0.755,0.7,2.546,1.321,0.256,0.098,0.158,1.218,2.772,4.014,0.755,0.7,2.546,1.321,0.256,0.098,0.158,1.218,25.71,W
2.727,3.943,0.722,0.656,2.527,1.322,0.268,0.102,0.166,1.2,2.727,3.943,0.722,0.656,2.527,1.322,0.268,0.102,0.166,1.2,26.306,W
2.763,4.007,0.742,0.681,2.575,1.315,0.269,0.102,0.167,1.203,2.763,4.007,0.742,0.681,2.575,1.315,0.269,0.102,0.167,1.203,25.71,W
2.818,4.056,0.738,0.666,2.628,1.313,0.263,0.097,0.166,1.197,2.818,4.056,0.738,0.666,2.628,1.313,0.263,0.097,0.166,1.197,23.345,W
2.831,4.086,0.739,0.683,2.63,1.315,0.252,0.091,0.161,1.204,2.831,4.086,0.739,0.683,2.63,1.315,0.252,0.091,0.161,1.204,23.345,W
2.813,4.054,0.739,0.693,2.644,1.299,0.267,0.107,0.16,1.187,2.813,4.054,0.739,0.693,2.644,1.299,0.267,0.107,0.16,1.187,24.331,W
2.818,4.05,0.712,0.666,2.628,1.311,0.263,0.097,0.166,1.194,2.818,4.05,0.712,0.666,2.628,1.311,0.263,0.097,0.166,1.194,25.495,W
2.8,4.031,0.731,0.682,2.598,1.311,0.261,0.098,0.163,1.2,2.8,4.031,0.731,0.682,2.598,1.311,0.261,0.098,0.163,1.2,25.495,W
2.798,4.046,0.746,0.709,2.617,1.303,0.259,0.098,0.162,1.191,2.798,4.046,0.746,0.709,2.617,1.303,0.259,0.098,0.162,1.191,24.515,W
1.143,4.167,0.528,0.281,1.001,3.903,0.884,0.343,0.549,3.405,1.143,4.167,0.528,0.281,1.001,3.903,0.884,0.343,0.549,3.405,93.434,X
1.137,4.079,0.539,0.259,0.998,3.848,0.896,0.378,0.525,3.353,1.137,4.079,0.539,0.259,0.998,3.848,0.896,0.378,0.525,3.353,91.548,X
1.097,4.008,0.526,0.234,0.981,3.866,0.913,0.379,0.541,3.318,1.097,4.008,0.526,0.234,0.981,3.866,0.913,0.379,0.541,3.318,92.195,X
1.171,4.048,0.53,0.254,1.046,3.646,0.858,0.354,0.51,3.162,1.171,4.048,0.53,0.254,1.046,3.646,0.858,0.354,0.51,3.162,91.269,X
1.143,3.95,0.514,0.243,0.991,3.747,0.872,0.345,0.529,3.246,1.143,3.95,0.514,0.243,0.991,3.747,0.872,0.345,0.529,3.246,88.278,X
1.153,4.115,0.52,0.31,1.06,3.642,0.879,0.351,0.53,3.147,1.153,4.115,0.52,0.31,1.06,3.642,0.879,0.351,0.53,3.147,90.355,X
1.228,3.848,0.563,0.355,1.031,3.41,0.824,0.317,0.509,2.998,1.228,3.848,0.563,0.355,1.031,3.41,0.824,0.317,0.509,2.998,84.853,X
1.139,3.998,0.595,0.349,0.904,4.045,0.865,0.355,0.514,3.548,1.139,3.998,0.595,0.349,0.904,4.045,0.865,0.355,0.514,3.548,91.269,X
1.284,4.068,0.548,0.353,1.082,3.454,0.769,0.267,0.507,3.022,1.284,4.068,0.548,0.353,1.082,3.454,0.769,0.267,0.507,3.022,87.693,X
1.16,4.12,0.557,0.345,0.965,3.928,0.854,0.32,0.537,3.464,1.16,4.12,0.557,0.345,0.965,3.928,0.854,0.32,0.537,3.464,92.266,X
1.299,3.966,0.552,0.333,1.095,3.329,0.76,0.289,0.473,2.923,1.299,3.966,0.552,0.333,1.095,3.329,0.76,0.289,0.473,2.923,82.608,X
1.053,3.84,0.558,0.276,0.869,4.1,0.957,0.397,0.565,3.629,1.053,3.84,0.558,0.276,0.869,4.1,0.957,0.397,0.565,3.629,92.087,X
1.197,4.113,0.555,0.301,1.054,3.639,0.828,0.352,0.479,3.169,1.197,4.113,0.555,0.301,1.054,3.639,0.828,0.352,0.479,3.169,87.144,X
1.2,3.807,0.511,0.243,1.1,3.257,0.829,0.335,0.499,2.822,1.2,3.807,0.511,0.243,1.1,3.257,0.829,0.335,0.499,2.822,79.158,X
1.147,3.926,0.519,0.249,1.078,3.438,0.86,0.37,0.491,2.975,1.147,3.926,0.519,0.249,1.078,3.438,0.86,0.37,0.491,2.975,87.006,X
1.271,4.118,0.504,0.277,1.227,3.174,0.774,0.31,0.467,2.747,1.271,4.118,0.504,0.277,1.227,3.174,0.774,0.31,0.467,2.747,79.025,X
1.164,4.18,0.553,0.3,1.103,3.569,0.853,0.385,0.472,3.09,1.164,4.18,0.553,0.3,1.103,3.569,0.853,0.385,0.472,3.09,88.142,X
1.231,4.101,0.532,0.338,1.207,3.194,0.819,0.361,0.46,2.777,1.231,4.101,0.532,0.338,1.207,3.194,0.819,0.361,0.46,2.777,84.095,X
1.16,4.065,0.543,0.257,1.063,3.611,0.864,0.375,0.497,3.14,1.16,4.065,0.543,0.257,1.063,3.611,0.864,0.375,0.497,3.14,88.204,X
1.136,4.076,0.498,0.218,1.072,3.627,0.884,0.372,0.516,3.159,1.136,4.076,0.498,0.218,1.072,3.627,0.884,0.372,0.516,3.159,84.054,X
1.207,4.03,0.532,0.227,1.104,3.454,0.807,0.34,0.475,3.004,1.207,4.03,0.532,0.227,1.104,3.454,0.807,0.34,0.475,3.004,84.024,X
2.839,4.154,0.712,0.911,2.792,1.253,0.305,0.17,0.153,1.142,2.839,4.154,0.712,0.911,2.792,1.253,0.305,0.17,0.153,1.142,245.601,Y
2.872,4.217,0.692,0.916,2.835,1.258,0.3,0.167,0.156,1.145,2.872,4.217,0.692,0.916,2.835,1.258,0.3,0.167,0.156,1.145,201.437,Y
2.746,4.075,0.697,0.876,2.628,1.299,0.298,0.159,0.163,1.181,2.746,4.075,0.697,0.876,2.628,1.299,0.298,0.159,0.163,1.181,225.497,Y
2.842,4.177,0.733,0.914,2.704,1.288,0.29,0.157,0.152,1.185,2.842,4.177,0.733,0.914,2.704,1.288,0.29,0.157,0.152,1.185,207.183,Y
2.812,4.101,0.729,0.914,2.683,1.272,0.303,0.16,0.16,1.169,2.812,4.101,0.729,0.914,2.683,1.272,0.303,0.16,0.16,1.169,246.455,Y
2.788,4.139,0.738,0.911,2.639,1.306,0.298,0.159,0.156,1.201,2.788,4.139,0.738,0.911,2.639,1.306,0.298,0.159,0.156,1.201,245.491,Y
2.849,4.179,0.737,0.884,2.705,1.293,0.288,0.159,0.144,1.187,2.849,4.179,0.737,0.884,2.705,1.293,0.288,0.159,0.144,1.187,241.897,Y
2.77,4.076,0.721,0.901,2.677,1.277,0.319,0.173,0.161,1.164,2.77,4.076,0.721,0.901,2.677,1.277,0.319,0.173,0.161,1.164,219.784,Y
2.829,4.17,0.71,0.878,2.681,1.305,0.3,0.158,0.161,1.197,2.829,4.17,0.71,0.878,2.681,1.305,0.3,0.158,0.161,1.197,222.335,Y
2.79,4.082,0.697,0.859,2.62,1.302,0.303,0.165,0.159,1.193,2.79,4.082,0.697,0.859,2.62,1.302,0.303,0.165,0.159,1.193,215.058,Y
2.878,4.189,0.702,0.847,2.734,1.287,0.287,0.156,0.15,1.184,2.878,4.189,0.702,0.847,2.734,1.287,0.287,0.156,0.15,1.184,248.357,Y
2.729,4.11,0.69,0.803,2.56,1.353,0.297,0.151,0.164,1.233,2.729,4.11,0.69,0.803,2.56,1.353,0.297,0.151,0.164,1.233,232.181,Y
2.763,4.271,0.686,0.736,2.614,1.412,0.304,0.153,0.161,1.273,2.763,4.271,0.686,0.736,2.614,1.412,0.304,0.153,0.161,1.273,240.709,Y
2.875,4.214,0.689,0.733,2.745,1.323,0.284,0.143,0.15,1.19,2.875,4.214,0.689,0.733,2.745,1.323,0.284,0.143,0.15,1.19,202.781,Y
2.738,4.149,0.665,0.679,2.58,1.392,0.299,0.145,0.164,1.246,2.738,4.149,0.665,0.679,2.58,1.392,0.299,0.145,0.164,1.246,189.763,Y
2.774,4.197,0.667,0.716,2.661,1.37,0.308,0.157,0.161,1.225,2.774,4.197,0.667,0.716,2.661,1.37,0.308,0.157,0.161,1.225,232.691,Y
2.799,4.181,0.659,0.691,2.741,1.342,0.315,0.156,0.165,1.184,2.799,4.181,0.659,0.691,2.741,1.342,0.315,0.156,0.165,1.184,228.232,Y
2.855,4.297,0.664,0.714,2.738,1.366,0.301,0.147,0.163,1.229,2.855,4.297,0.664,0.714,2.738,1.366,0.301,0.147,0.163,1.229,191.481,Y
2.811,4.236,0.676,0.717,2.713,1.362,0.298,0.146,0.16,1.211,2.811,4.236,0.676,0.717,2.713,1.362,0.298,0.146,0.16,1.211,222.252,Y
2.847,4.203,0.662,0.672,2.717,1.35,0.299,0.144,0.161,1.207,2.847,4.203,0.662,0.672,2.717,1.35,0.299,0.144,0.161,1.207,248.131,Y
2.78,4.236,0.676,0.717,2.69,1.373,0.301,0.147,0.162,1.222,2.78,4.236,0.676,0.717,2.69,1.373,0.301,0.147,0.162,1.222,240.601,Y
0.654,0.963,0.99,0.881,0.27,0.429,0.457,0.4,0.134,0.234,0.654,0.963,0.99,0.881,0.27,0.429,0.457,0.4,0.134,0.234,93.434,Z
0.651,0.96,0.986,0.878,0.259,0.417,0.488,0.418,0.12,0.221,0.651,0.96,0.986,0.878,0.259,0.417,0.488,0.418,0.12,0.221,95.016,Z
0.666,0.96,0.978,0.866,0.245,0.484,0.566,0.459,0.173,0.235,0.666,0.96,0.978,0.866,0.245,0.484,0.566,0.459,0.173,0.235,92.315,Z
0.647,0.962,0.987,0.878,0.251,0.423,0.502,0.431,0.124,0.2,0.647,0.962,0.987,0.878,0.251,0.423,0.502,0.431,0.124,0.2,98.858,Z
0.652,0.948,0.976,0.851,0.237,0.495,0.641,0.528,0.146,0.274,0.652,0.948,0.976,0.851,0.237,0.495,0.641,0.528,0.146,0.274,93.606,Z
0.659,0.961,0.983,0.861,0.225,0.545,0.631,0.541,0.124,0.269,0.659,0.961,0.983,0.861,0.225,0.545,0.631,0.541,0.124,0.269,94.81,Z
0.653,0.956,0.982,0.859,0.241,0.501,0.599,0.511,0.134,0.266,0.653,0.956,0.982,0.859,0.241,0.501,0.599,0.511,0.134,0.266,90.686,Z
0.652,0.954,0.987,0.868,0.252,0.441,0.539,0.471,0.124,0.246,0.652,0.954,0.987,0.868,0.252,0.441,0.539,0.471,0.124,0.246,91.439,Z
0.66,0.956,0.983,0.864,0.242,0.487,0.577,0.495,0.114,0.265,0.66,0.956,0.983,0.864,0.242,0.487,0.577,0.495,0.114,0.265,91.439,Z
0.651,0.958,0.984,0.862,0.218,0.568,0.667,0.566,0.168,0.256,0.651,0.958,0.984,0.862,0.218,0.568,0.667,0.566,0.168,0.256,102.343,Z
0.656,0.96,0.988,0.871,0.235,0.48,0.561,0.499,0.11,0.252,0.656,0.96,0.988,0.871,0.235,0.48,0.561,0.499,0.11,0.252,97.201,Z
0.664,0.954,0.983,0.86,0.231,0.488,0.615,0.533,0.119,0.268,0.664,0.954,0.983,0.86,0.231,0.488,0.615,0.533,0.119,0.268,92.957,Z
0.649,0.957,0.991,0.873,0.256,0.458,0.513,0.458,0.141,0.262,0.649,0.957,0.991,0.873,0.256,0.458,0.513,0.458,0.141,0.262,94.366,Z
0.67,0.967,0.987,0.873,0.216,0.567,0.608,0.526,0.145,0.271,0.67,0.967,0.987,0.873,0.216,0.567,0.608,0.526,0.145,0.271,95.441,Z
0.65,0.958,0.988,0.882,0.262,0.367,0.459,0.407,0.101,0.221,0.65,0.958,0.988,0.882,0.262,0.367,0.459,0.407,0.101,0.221,94.921,Z
0.667,0.964,0.985,0.866,0.241,0.549,0.578,0.496,0.152,0.275,0.667,0.964,0.985,0.866,0.241,0.549,0.578,0.496,0.152,0.275,90.139,Z
0.656,0.96,0.982,0.866,0.24,0.472,0.565,0.483,0.135,0.25,0.656,0.96,0.982,0.866,0.24,0.472,0.565,0.483,0.135,0.25,95.016,Z
0.659,0.952,0.982,0.86,0.229,0.515,0.62,0.532,0.141,0.311,0.659,0.952,0.982,0.86,0.229,0.515,0.62,0.532,0.141,0.311,93.086,Z
0.65,0.954,0.977,0.866,0.248,0.438,0.549,0.447,0.137,0.247,0.65,0.954,0.977,0.866,0.248,0.438,0.549,0.447,0.137,0.247,94.493,Z
0.658,0.96,0.993,0.88,0.242,0.446,0.512,0.468,0.106,0.247,0.658,0.96,0.993,0.88,0.242,0.446,0.512,0.468,0.106,0.247,97.005,Z
0.67,0.967,0.982,0.86,0.232,0.578,0.622,0.527,0.203,0.255,0.67,0.967,0.982,0.86,0.232,0.578,0.622,0.527,0.203,0.255,91.049,Z