1.848,1.213,0.81,0.754,1.63,0.465,0.283,0.117,0.168,0.182,1.848,1.213,0.81,0.754,1.63,0.465,0.283,0.117,0.168,0.182,24.187
1.822,1.209,0.828,0.772,1.599,0.463,0.28,0.126,0.156,0.183,1.822,1.209,0.828,0.772,1.599,0.463,0.28,0.126,0.156,0.183,24.083
1.813,1.178,0.833,0.78,1.606,0.448,0.273,0.127,0.149,0.176,1.813,1.178,0.833,0.78,1.606,0.448,0.273,0.127,0.149,0.176,25.02
1.818,1.18,0.816,0.757,1.591,0.447,0.272,0.111,0.163,0.177,1.818,1.18,0.816,0.757,1.591,0.447,0.272,0.111,0.163,0.177,23.087
1.839,1.18,0.83,0.777,1.633,0.447,0.276,0.116,0.161,0.172,1.839,1.18,0.83,0.777,1.633,0.447,0.276,0.116,0.161,0.172,23.195
1.818,1.186,0.816,0.754,1.577,0.451,0.266,0.112,0.157,0.187,1.818,1.186,0.816,0.754,1.577,0.451,0.266,0.112,0.157,0.187,25.08
1.812,1.17,0.813,0.76,1.613,0.459,0.287,0.128,0.163,0.174,1.812,1.17,0.813,0.76,1.613,0.459,0.287,0.128,0.163,0.174,25.08
1.84,1.186,0.825,0.765,1.618,0.448,0.273,0.118,0.157,0.176,1.84,1.186,0.825,0.765,1.618,0.448,0.273,0.118,0.157,0.176,24.083
1.855,1.17,0.837,0.779,1.642,0.44,0.277,0.127,0.151,0.164,1.855,1.17,0.837,0.779,1.642,0.44,0.277,0.127,0.151,0.164,23.022
1.873,1.173,0.834,0.791,1.662,0.437,0.273,0.124,0.152,0.164,1.873,1.173,0.834,0.791,1.662,0.437,0.273,0.124,0.152,0.164,24.021
1.829,1.14,0.84,0.783,1.614,0.434,0.277,0.127,0.152,0.159,1.829,1.14,0.84,0.783,1.614,0.434,0.277,0.127,0.152,0.159,24.0
1.83,1.154,0.83,0.777,1.629,0.44,0.273,0.127,0.149,0.17,1.83,1.154,0.83,0.777,1.629,0.44,0.273,0.127,0.149,0.17,23.195
1.835,1.137,0.828,0.775,1.637,0.433,0.282,0.132,0.153,0.155,1.835,1.137,0.828,0.775,1.637,0.433,0.282,0.132,0.153,0.155,23.195
1.782,1.137,0.833,0.767,1.579,0.449,0.288,0.136,0.154,0.165,1.782,1.137,0.833,0.767,1.579,0.449,0.288,0.136,0.154,0.165,24.187
1.86,1.181,0.84,0.804,1.662,0.444,0.278,0.131,0.15,0.166,1.86,1.181,0.84,0.804,1.662,0.444,0.278,0.131,0.15,0.166,24.083
1.845,1.17,0.813,0.76,1.646,0.45,0.282,0.125,0.16,0.17,1.845,1.17,0.813,0.76,1.646,0.45,0.282,0.125,0.16,0.17,25.495
1.812,1.163,0.828,0.761,1.613,0.451,0.29,0.129,0.162,0.162,1.812,1.163,0.828,0.761,1.613,0.451,0.29,0.129,0.162,0.162,26.306
1.818,1.161,0.83,0.763,1.619,0.443,0.282,0.121,0.162,0.162,1.818,1.161,0.83,0.763,1.619,0.443,0.282,0.121,0.162,0.162,24.187
1.85,1.187,0.824,0.774,1.666,0.459,0.286,0.125,0.162,0.174,1.85,1.187,0.824,0.774,1.666,0.459,0.286,0.125,0.162,0.174,25.318
1.824,1.185,0.818,0.768,1.638,0.459,0.277,0.126,0.155,0.184,1.824,1.185,0.818,0.768,1.638,0.459,0.277,0.126,0.155,0.184,24.187

0.926,1.013,0.973,0.92,0.18,0.549,0.507,0.399,0.152,0.094,0.926,1.013,0.973,0.92,0.18,0.549,0.507,0.399,0.152,0.094,11.045
0.894,1.016,0.967,0.9,0.152,0.764,0.67,0.504,0.251,0.159,0.894,1.016,0.967,0.9,0.152,0.764,0.67,0.504,0.251,0.159,15.0
0.898,1.003,0.973,0.917,0.158,0.584,0.582,0.447,0.175,0.049,0.898,1.003,0.973,0.917,0.158,0.584,0.582,0.447,0.175,0.049,16.0
0.905,1.03,0.972,0.91,0.173,0.701,0.589,0.472,0.163,0.243,0.905,1.03,0.972,0.91,0.173,0.701,0.589,0.472,0.163,0.243,13.038
0.908,1.016,0.96,0.902,0.166,0.69,0.611,0.428,0.263,0.147,0.908,1.016,0.96,0.902,0.166,0.69,0.611,0.428,0.263,0.147,13.038
0.894,1.013,0.965,0.905,0.162,0.686,0.624,0.434,0.214,0.107,0.894,1.013,0.965,0.905,0.162,0.686,0.624,0.434,0.214,0.107,17.029
0.917,1.02,0.97,0.909,0.159,0.695,0.59,0.439,0.206,0.2,0.917,1.02,0.97,0.909,0.159,0.695,0.59,0.439,0.206,0.2,11.402
0.909,1.007,0.969,0.915,0.172,0.587,0.542,0.429,0.192,0.045,0.909,1.007,0.969,0.915,0.172,0.587,0.542,0.429,0.192,0.045,15.0
0.897,1.027,0.962,0.901,0.148,0.851,0.693,0.477,0.264,0.236,0.897,1.027,0.962,0.901,0.148,0.851,0.693,0.477,0.264,0.236,14.036
0.884,1.003,0.97,0.912,0.173,0.544,0.539,0.412,0.19,0.045,0.884,1.003,0.97,0.912,0.173,0.544,0.539,0.412,0.19,0.045,17.117
0.901,1.023,0.962,0.897,0.143,0.879,0.763,0.555,0.272,0.277,0.901,1.023,0.962,0.897,0.143,0.879,0.763,0.555,0.272,0.277,13.153
0.911,1.013,0.972,0.921,0.181,0.563,0.527,0.427,0.156,0.097,0.911,1.013,0.972,0.921,0.181,0.563,0.527,0.427,0.156,0.097,13.0
0.903,1.019,0.96,0.901,0.155,0.767,0.691,0.532,0.279,0.204,0.903,1.019,0.96,0.901,0.155,0.767,0.691,0.532,0.279,0.204,12.0
0.906,1.017,0.969,0.919,0.171,0.579,0.506,0.378,0.194,0.145,0.906,1.017,0.969,0.919,0.171,0.579,0.506,0.378,0.194,0.145,15.0
0.912,1.034,0.972,0.916,0.176,0.672,0.544,0.429,0.163,0.286,0.912,1.034,0.972,0.916,0.176,0.672,0.544,0.429,0.163,0.286,15.033
0.894,1.007,0.969,0.907,0.172,0.641,0.595,0.478,0.194,0.046,0.894,1.007,0.969,0.907,0.172,0.641,0.595,0.478,0.194,0.046,16.0
0.894,1.006,0.967,0.912,0.167,0.573,0.558,0.439,0.232,0.093,0.894,1.006,0.967,0.912,0.167,0.573,0.558,0.439,0.232,0.093,15.297
0.919,1.027,0.975,0.92,0.186,0.604,0.52,0.405,0.135,0.191,0.919,1.027,0.975,0.92,0.186,0.604,0.52,0.405,0.135,0.191,13.038
0.902,1.006,0.972,0.912,0.167,0.583,0.575,0.442,0.173,0.096,0.902,1.006,0.972,0.912,0.167,0.583,0.575,0.442,0.173,0.096,15.0
0.885,1.02,0.969,0.914,0.159,0.663,0.553,0.399,0.21,0.204,0.885,1.02,0.969,0.914,0.159,0.663,0.553,0.399,0.21,0.204,16.125
0.911,1.014,0.977,0.914,0.173,0.632,0.542,0.472,0.163,0.09,0.911,1.014,0.977,0.914,0.173,0.632,0.542,0.472,0.163,0.09,12.369

0.932,1.011,0.968,0.911,0.151,0.697,0.638,0.489,0.225,0.075,0.932,1.011,0.968,0.911,0.151,0.697,0.638,0.489,0.225,0.075,11.045
0.932,1.011,0.968,0.911,0.151,0.697,0.638,0.489,0.225,0.075,0.932,1.011,0.968,0.911,0.151,0.697,0.638,0.489,0.225,0.075,11.045
0.932,1.011,0.968,0.911,0.151,0.697,0.638,0.489,0.225,0.075,0.932,1.011,0.968,0.911,0.151,0.697,0.638,0.489,0.225,0.075,11.045
0.932,1.011,0.968,0.911,0.151,0.697,0.638,0.489,0.225,0.075,0.932,1.011,0.968,0.911,0.151,0.697,0.638,0.489,0.225,0.075,11.045
0.932,1.011,0.968,0.911,0.151,0.697,0.638,0.489,0.225,0.075,0.932,1.011,0.968,0.911,0.151,0.697,0.638,0.489,0.225,0.075,11.045
0.932,1.011,0.968,0.911,0.151,0.697,0.638,0.489,0.225,0.075,0.932,1.011,0.968,0.911,0.151,0.697,0.638,0.489,0.225,0.075,11.045
0.932,1.011,0.968,0.911,0.151,0.697,0.638,0.489,0.225,0.075,0.932,1.011,0.968,0.911,0.151,0.697,0.638,0.489,0.225,0.075,11.045
0.932,1.011,0.968,0.911,0.151,0.697,0.638,0.489,0.225,0.075,0.932,1.011,0.968,0.911,0.151,0.697,0.638,0.489,0.225,0.075,11.045
0.932,1.011,0.968,0.911,0.151,0.697,0.638,0.489,0.225,0.075,0.932,1.011,0.968,0.911,0.151,0.697,0.638,0.489,0.225,0.075,11.045
0.932,1.011,0.968,0.911,0.151,0.697,0.638,0.489,0.225,0.075,0.932,1.011,0.968,0.911,0.151,0.697,0.638,0.489,0.225,0.075,11.045
0.932,1.011,0.968,0.911,0.151,0.697,0.638,0.489,0.225,0.075,0.932,1.011,0.968,0.911,0.151,0.697,0.638,0.489,0.225,0.075,11.045
0.932,1.011,0.968,0.911,0.151,0.697,0.638,0.489,0.225,0.075,0.932,1.011,0.968,0.911,0.151,0.697,0.638,0.489,0.225,0.075,11.045
0.932,1.011,0.968,0.911,0.151,0.697,0.638,0.489,0.225,0.075,0.932,1.011,0.968,0.911,0.151,0.697,0.638,0.489,0.225,0.075,11.045
0.932,1.011,0.968,0.911,0.151,0.697,0.638,0.489,0.225,0.075,0.932,1.011,0.968,0.911,0.151,0.697,0.638,0.489,0.225,0.075,11.045
0.932,1.011,0.968,0.911,0.151,0.697,0.638,0.489,0.225,0.075,0.932,1.011,0.968,0.911,0.151,0.697,0.638,0.489,0.225,0.075,11.045
0.932,1.011,0.968,0.911,0.151,0.697,0.638,0.489,0.225,0.075,0.932,1.011,0.968,0.911,0.151,0.697,0.638,0.489,0.225,0.075,11.045
0.932,1.011,0.968,0.911,0.151,0.697,0.638,0.489,0.225,0.075,0.932,1.011,0.968,0.911,0.151,0.697,0.638,0.489,0.225,0.075,11.045
0.932,1.011,0.968,0.911,0.151,0.697,0.638,0.489,0.225,0.075,0.932,1.011,0.968,0.911,0.151,0.697,0.638,0.489,0.225,0.075,11.045
0.932,1.011,0.968,0.911,0.151,0.697,0.638,0.489,0.225,0.075,0.932,1.011,0.968,0.911,0.151,0.697,0.638,0.489,0.225,0.075,11.045
0.932,1.011,0.968,0.911,0.151,0.697,0.638,0.489,0.225,0.075,0.932,1.011,0.968,0.911,0.151,0.697,0.638,0.489,0.225,0.075,11.045
0.932,1.011,0.968,0.911,0.151,0.697,0.638,0.489,0.225,0.075,0.932,1.011,0.968,0.911,0.151,0.697,0.638,0.489,0.225,0.075,11.045


1.572,1.946,0.854,0.721,0.878,1.4,0.352,0.17,0.182,1.083,1.572,1.946,0.854,0.721,0.878,1.4,0.352,0.17,0.182,1.083,66.94
1.589,1.953,0.852,0.728,0.884,1.394,0.349,0.165,0.185,1.084,1.589,1.953,0.852,0.728,0.884,1.394,0.349,0.165,0.185,1.084,65.146
1.606,1.963,0.847,0.72,0.899,1.396,0.368,0.175,0.194,1.075,1.606,1.963,0.847,0.72,0.899,1.396,0.368,0.175,0.194,1.075,64.846
1.585,1.943,0.837,0.71,0.885,1.41,0.391,0.179,0.212,1.07,1.585,1.943,0.837,0.71,0.885,1.41,0.391,0.179,0.212,1.07,66.483
1.573,1.933,0.837,0.704,0.883,1.405,0.386,0.173,0.213,1.061,1.573,1.933,0.837,0.704,0.883,1.405,0.386,0.173,0.213,1.061,66.098
1.545,1.92,0.84,0.717,0.845,1.436,0.375,0.164,0.211,1.09,1.545,1.92,0.84,0.717,0.845,1.436,0.375,0.164,0.211,1.09,68.007
1.569,1.907,0.844,0.698,0.883,1.384,0.399,0.199,0.199,1.033,1.569,1.907,0.844,0.698,0.883,1.384,0.399,0.199,0.199,1.033,66.761
1.603,1.941,0.844,0.698,0.921,1.362,0.37,0.177,0.194,1.026,1.603,1.941,0.844,0.698,0.921,1.362,0.37,0.177,0.194,1.026,67.72
1.615,1.943,0.846,0.714,0.913,1.358,0.362,0.168,0.194,1.036,1.615,1.943,0.846,0.714,0.913,1.358,0.362,0.168,0.194,1.036,67.446
1.552,1.904,0.847,0.691,0.877,1.393,0.401,0.204,0.197,1.039,1.552,1.904,0.847,0.691,0.877,1.393,0.401,0.204,0.197,1.039,65.734
1.54,1.865,0.84,0.703,0.855,1.37,0.401,0.187,0.214,1.018,1.54,1.865,0.84,0.703,0.855,1.37,0.401,0.187,0.214,1.018,65.0
1.569,1.937,0.847,0.703,0.879,1.416,0.393,0.197,0.197,1.071,1.569,1.937,0.847,0.703,0.879,1.416,0.393,0.197,0.197,1.071,66.483
1.565,1.898,0.829,0.709,0.871,1.378,0.387,0.167,0.22,1.035,1.565,1.898,0.829,0.709,0.871,1.378,0.387,0.167,0.22,1.035,66.761
1.585,1.937,0.837,0.718,0.878,1.405,0.373,0.166,0.207,1.068,1.585,1.937,0.837,0.718,0.878,1.405,0.373,0.166,0.207,1.068,69.857
1.57,1.861,0.838,0.719,0.871,1.323,0.37,0.165,0.205,0.992,1.57,1.861,0.838,0.719,0.871,1.323,0.37,0.165,0.205,0.992,66.761
1.573,1.928,0.842,0.719,0.868,1.409,0.388,0.178,0.21,1.073,1.573,1.928,0.842,0.719,0.868,1.409,0.388,0.178,0.21,1.073,66.761
1.561,1.911,0.838,0.719,0.86,1.396,0.375,0.167,0.208,1.064,1.561,1.911,0.838,0.719,0.86,1.396,0.375,0.167,0.208,1.064,66.219
1.549,1.909,0.83,0.706,0.868,1.391,0.367,0.157,0.21,1.05,1.549,1.909,0.83,0.706,0.868,1.391,0.367,0.157,0.21,1.05,66.761
1.545,1.914,0.831,0.713,0.847,1.433,0.394,0.17,0.224,1.082,1.545,1.914,0.831,0.713,0.847,1.433,0.394,0.17,0.224,1.082,65.521
1.566,1.881,0.847,0.711,0.874,1.348,0.372,0.182,0.19,1.011,1.566,1.881,0.847,0.711,0.874,1.348,0.372,0.182,0.19,1.011,68.964

0.533,1.081,0.706,0.638,0.934,1.482,1.253,0.552,0.737,0.321,0.533,1.081,0.706,0.638,0.934,1.482,1.253,0.552,0.737,0.321,54.332
0.533,1.081,0.706,0.638,0.934,1.482,1.253,0.552,0.737,0.321,0.533,1.081,0.706,0.638,0.934,1.482,1.253,0.552,0.737,0.321,54.332
0.533,1.081,0.706,0.638,0.934,1.482,1.253,0.552,0.737,0.321,0.533,1.081,0.706,0.638,0.934,1.482,1.253,0.552,0.737,0.321,54.332
0.533,1.081,0.706,0.638,0.934,1.482,1.253,0.552,0.737,0.321,0.533,1.081,0.706,0.638,0.934,1.482,1.253,0.552,0.737,0.321,54.332
0.533,1.081,0.706,0.638,0.934,1.482,1.253,0.552,0.737,0.321,0.533,1.081,0.706,0.638,0.934,1.482,1.253,0.552,0.737,0.321,54.332
0.533,1.081,0.706,0.638,0.934,1.482,1.253,0.552,0.737,0.321,0.533,1.081,0.706,0.638,0.934,1.482,1.253,0.552,0.737,0.321,54.332
0.533,1.081,0.706,0.638,0.934,1.482,1.253,0.552,0.737,0.321,0.533,1.081,0.706,0.638,0.934,1.482,1.253,0.552,0.737,0.321,54.332
0.533,1.081,0.706,0.638,0.934,1.482,1.253,0.552,0.737,0.321,0.533,1.081,0.706,0.638,0.934,1.482,1.253,0.552,0.737,0.321,54.332
0.533,1.081,0.706,0.638,0.934,1.482,1.253,0.552,0.737,0.321,0.533,1.081,0.706,0.638,0.934,1.482,1.253,0.552,0.737,0.321,54.332
0.533,1.081,0.706,0.638,0.934,1.482,1.253,0.552,0.737,0.321,0.533,1.081,0.706,0.638,0.934,1.482,1.253,0.552,0.737,0.321,54.332
0.533,1.081,0.706,0.638,0.934,1.482,1.253,0.552,0.737,0.321,0.533,1.081,0.706,0.638,0.934,1.482,1.253,0.552,0.737,0.321,54.332
0.533,1.081,0.706,0.638,0.934,1.482,1.253,0.552,0.737,0.321,0.533,1.081,0.706,0.638,0.934,1.482,1.253,0.552,0.737,0.321,54.332
0.533,1.081,0.706,0.638,0.934,1.482,1.253,0.552,0.737,0.321,0.533,1.081,0.706,0.638,0.934,1.482,1.253,0.552,0.737,0.321,54.332
0.533,1.081,0.706,0.638,0.934,1.482,1.253,0.552,0.737,0.321,0.533,1.081,0.706,0.638,0.934,1.482,1.253,0.552,0.737,0.321,54.332
0.533,1.081,0.706,0.638,0.934,1.482,1.253,0.552,0.737,0.321,0.533,1.081,0.706,0.638,0.934,1.482,1.253,0.552,0.737,0.321,54.332
0.533,1.081,0.706,0.638,0.934,1.482,1.253,0.552,0.737,0.321,0.533,1.081,0.706,0.638,0.934,1.482,1.253,0.552,0.737,0.321,54.332
0.533,1.081,0.706,0.638,0.934,1.482,1.253,0.552,0.737,0.321,0.533,1.081,0.706,0.638,0.934,1.482,1.253,0.552,0.737,0.321,54.332
0.533,1.081,0.706,0.638,0.934,1.482,1.253,0.552,0.737,0.321,0.533,1.081,0.706,0.638,0.934,1.482,1.253,0.552,0.737,0.321,54.332
0.533,1.081,0.706,0.638,0.934,1.482,1.253,0.552,0.737,0.321,0.533,1.081,0.706,0.638,0.934,1.482,1.253,0.552,0.737,0.321,54.332
0.533,1.081,0.706,0.638,0.934,1.482,1.253,0.552,0.737,0.321,0.533,1.081,0.706,0.638,0.934,1.482,1.253,0.552,0.737,0.321,54.332
0.533,1.081,0.706,0.638,0.934,1.482,1.253,0.552,0.737,0.321,0.533,1.081,0.706,0.638,0.934,1.482,1.253,0.552,0.737,0.321,54.332

1.155,1.17,0.942,0.944,0.701,0.966,0.527,0.161,0.366,0.441,1.155,1.17,0.942,0.944,0.701,0.966,0.527,0.161,0.366,0.441,52.631
1.019,1.014,0.798,0.736,0.778,0.956,0.597,0.242,0.359,0.479,1.019,1.014,0.798,0.736,0.778,0.956,0.597,0.242,0.359,0.479,38.053
0.835,0.769,0.528,0.515,0.506,0.941,0.967,0.16,0.939,1.072,0.835,0.769,0.528,0.515,0.506,0.941,0.967,0.16,0.939,1.072,52.953
0.735,0.888,0.313,0.263,0.551,1.253,1.346,0.201,1.259,0.8,0.735,0.888,0.313,0.263,0.551,1.253,1.346,0.201,1.259,0.8,47.424
0.813,0.936,0.551,0.509,0.568,1.121,0.893,0.287,0.805,0.885,0.813,0.936,0.551,0.509,0.568,1.121,0.893,0.287,0.805,0.885,52.498
0.173,1.08,0.426,0.486,0.597,1.437,0.993,0.251,0.971,0.799,0.173,1.08,0.426,0.486,0.597,1.437,0.993,0.251,0.971,0.799,103.619
0.173,1.08,0.426,0.486,0.597,1.437,0.993,0.251,0.971,0.799,0.173,1.08,0.426,0.486,0.597,1.437,0.993,0.251,0.971,0.799,103.619
0.173,1.08,0.426,0.486,0.597,1.437,0.993,0.251,0.971,0.799,0.173,1.08,0.426,0.486,0.597,1.437,0.993,0.251,0.971,0.799,103.619
0.173,1.08,0.426,0.486,0.597,1.437,0.993,0.251,0.971,0.799,0.173,1.08,0.426,0.486,0.597,1.437,0.993,0.251,0.971,0.799,103.619
0.173,1.08,0.426,0.486,0.597,1.437,0.993,0.251,0.971,0.799,0.173,1.08,0.426,0.486,0.597,1.437,0.993,0.251,0.971,0.799,103.619
0.173,1.08,0.426,0.486,0.597,1.437,0.993,0.251,0.971,0.799,0.173,1.08,0.426,0.486,0.597,1.437,0.993,0.251,0.971,0.799,103.619
0.173,1.08,0.426,0.486,0.597,1.437,0.993,0.251,0.971,0.799,0.173,1.08,0.426,0.486,0.597,1.437,0.993,0.251,0.971,0.799,103.619
0.173,1.08,0.426,0.486,0.597,1.437,0.993,0.251,0.971,0.799,0.173,1.08,0.426,0.486,0.597,1.437,0.993,0.251,0.971,0.799,103.619
0.173,1.08,0.426,0.486,0.597,1.437,0.993,0.251,0.971,0.799,0.173,1.08,0.426,0.486,0.597,1.437,0.993,0.251,0.971,0.799,103.619
0.173,1.08,0.426,0.486,0.597,1.437,0.993,0.251,0.971,0.799,0.173,1.08,0.426,0.486,0.597,1.437,0.993,0.251,0.971,0.799,103.619
0.173,1.08,0.426,0.486,0.597,1.437,0.993,0.251,0.971,0.799,0.173,1.08,0.426,0.486,0.597,1.437,0.993,0.251,0.971,0.799,103.619
0.173,1.08,0.426,0.486,0.597,1.437,0.993,0.251,0.971,0.799,0.173,1.08,0.426,0.486,0.597,1.437,0.993,0.251,0.971,0.799,103.619
0.173,1.08,0.426,0.486,0.597,1.437,0.993,0.251,0.971,0.799,0.173,1.08,0.426,0.486,0.597,1.437,0.993,0.251,0.971,0.799,103.619
0.173,1.08,0.426,0.486,0.597,1.437,0.993,0.251,0.971,0.799,0.173,1.08,0.426,0.486,0.597,1.437,0.993,0.251,0.971,0.799,103.619
0.173,1.08,0.426,0.486,0.597,1.437,0.993,0.251,0.971,0.799,0.173,1.08,0.426,0.486,0.597,1.437,0.993,0.251,0.971,0.799,103.619

1.773,1.128,0.914,0.912,1.228,0.672,0.433,0.207,0.227,0.24,1.773,1.128,0.914,0.912,1.228,0.672,0.433,0.207,0.227,0.24,152.03
1.835,1.148,0.923,0.907,1.278,0.662,0.417,0.205,0.212,0.246,1.835,1.148,0.923,0.907,1.278,0.662,0.417,0.205,0.212,0.246,155.052
1.784,1.14,0.911,0.898,1.216,0.661,0.419,0.199,0.219,0.243,1.784,1.14,0.911,0.898,1.216,0.661,0.419,0.199,0.219,0.243,152.761
1.799,1.142,0.921,0.905,1.246,0.67,0.431,0.208,0.223,0.24,1.799,1.142,0.921,0.905,1.246,0.67,0.431,0.208,0.223,0.24,152.306
1.8,1.14,0.913,0.911,1.249,0.67,0.431,0.206,0.225,0.24,1.8,1.14,0.913,0.911,1.249,0.67,0.431,0.206,0.225,0.24,149.335
1.789,1.132,0.921,0.901,1.23,0.668,0.428,0.202,0.226,0.242,1.789,1.132,0.921,0.901,1.23,0.668,0.428,0.202,0.226,0.242,146.386
1.778,1.13,0.924,0.907,1.225,0.672,0.43,0.203,0.228,0.243,1.778,1.13,0.924,0.907,1.225,0.672,0.43,0.203,0.228,0.243,151.347
1.769,1.12,0.911,0.888,1.208,0.664,0.424,0.203,0.221,0.242,1.769,1.12,0.911,0.888,1.208,0.664,0.424,0.203,0.221,0.242,150.748
1.746,1.123,0.912,0.892,1.187,0.67,0.436,0.213,0.222,0.236,1.746,1.123,0.912,0.892,1.187,0.67,0.436,0.213,0.222,0.236,150.748
1.829,1.155,0.916,0.897,1.278,0.675,0.428,0.207,0.222,0.247,1.829,1.155,0.916,0.897,1.278,0.675,0.428,0.207,0.222,0.247,151.321
1.747,1.123,0.917,0.889,1.192,0.672,0.429,0.207,0.222,0.245,1.747,1.123,0.917,0.889,1.192,0.672,0.429,0.207,0.222,0.245,148.661
1.836,1.138,0.93,0.911,1.265,0.679,0.423,0.209,0.214,0.258,1.836,1.138,0.93,0.911,1.265,0.679,0.423,0.209,0.214,0.258,152.227
1.798,1.122,0.923,0.917,1.239,0.669,0.428,0.21,0.219,0.242,1.798,1.122,0.923,0.917,1.239,0.669,0.428,0.21,0.219,0.242,146.373
1.785,1.138,0.909,0.887,1.221,0.675,0.424,0.203,0.221,0.253,1.785,1.138,0.909,0.887,1.221,0.675,0.424,0.203,0.221,0.253,144.25
1.755,1.14,0.917,0.918,1.207,0.697,0.442,0.211,0.231,0.255,1.755,1.14,0.917,0.918,1.207,0.697,0.442,0.211,0.231,0.255,145.836
1.775,1.135,0.924,0.929,1.201,0.692,0.435,0.212,0.223,0.257,1.775,1.135,0.924,0.929,1.201,0.692,0.435,0.212,0.223,0.257,148.6
1.818,1.132,0.907,0.893,1.265,0.683,0.437,0.218,0.218,0.249,1.818,1.132,0.907,0.893,1.265,0.683,0.437,0.218,0.218,0.249,142.215
1.793,1.135,0.911,0.91,1.253,0.681,0.439,0.21,0.23,0.243,1.793,1.135,0.911,0.91,1.253,0.681,0.439,0.21,0.23,0.243,142.899
1.82,1.138,0.923,0.911,1.271,0.673,0.428,0.207,0.222,0.246,1.82,1.138,0.923,0.911,1.271,0.673,0.428,0.207,0.222,0.246,144.972
1.783,1.14,0.92,0.897,1.219,0.682,0.427,0.206,0.222,0.256,1.783,1.14,0.92,0.897,1.219,0.682,0.427,0.206,0.222,0.256,146.509
1.78,1.122,0.923,0.921,1.222,0.687,0.443,0.212,0.231,0.246,1.78,1.122,0.923,0.921,1.222,0.687,0.443,0.212,0.231,0.246,143.586

0.639,0.945,0.971,0.802,0.46,0.709,0.613,0.454,0.192,0.267,0.639,0.945,0.971,0.802,0.46,0.709,0.613,0.454,0.192,0.267,2.828
0.62,0.945,0.966,0.768,0.457,0.791,0.707,0.529,0.218,0.273,0.62,0.945,0.966,0.768,0.457,0.791,0.707,0.529,0.218,0.273,2.0
0.62,0.945,0.966,0.768,0.457,0.791,0.707,0.529,0.218,0.273,0.62,0.945,0.966,0.768,0.457,0.791,0.707,0.529,0.218,0.273,2.0
0.633,0.953,0.969,0.801,0.486,0.704,0.581,0.435,0.171,0.274,0.633,0.953,0.969,0.801,0.486,0.704,0.581,0.435,0.171,0.274,4.472
0.633,0.953,0.969,0.801,0.486,0.704,0.581,0.435,0.171,0.274,0.633,0.953,0.969,0.801,0.486,0.704,0.581,0.435,0.171,0.274,4.472
0.66,0.947,0.97,0.791,0.467,0.783,0.672,0.509,0.192,0.275,0.66,0.947,0.97,0.791,0.467,0.783,0.672,0.509,0.192,0.275,11.402
0.66,0.947,0.97,0.791,0.467,0.783,0.672,0.509,0.192,0.275,0.66,0.947,0.97,0.791,0.467,0.783,0.672,0.509,0.192,0.275,11.402
0.614,0.95,0.959,0.761,0.479,0.779,0.696,0.522,0.199,0.254,0.614,0.95,0.959,0.761,0.479,0.779,0.696,0.522,0.199,0.254,1.414
0.614,0.95,0.959,0.761,0.479,0.779,0.696,0.522,0.199,0.254,0.614,0.95,0.959,0.761,0.479,0.779,0.696,0.522,0.199,0.254,1.414
0.614,0.95,0.959,0.761,0.479,0.779,0.696,0.522,0.199,0.254,0.614,0.95,0.959,0.761,0.479,0.779,0.696,0.522,0.199,0.254,1.414
0.669,0.95,0.954,0.793,0.49,0.73,0.607,0.41,0.224,0.283,0.669,0.95,0.954,0.793,0.49,0.73,0.607,0.41,0.224,0.283,4.472
0.669,0.95,0.954,0.793,0.49,0.73,0.607,0.41,0.224,0.283,0.669,0.95,0.954,0.793,0.49,0.73,0.607,0.41,0.224,0.283,4.472
0.636,0.947,0.966,0.784,0.468,0.769,0.688,0.499,0.228,0.245,0.636,0.947,0.966,0.784,0.468,0.769,0.688,0.499,0.228,0.245,5.657
0.636,0.947,0.966,0.784,0.468,0.769,0.688,0.499,0.228,0.245,0.636,0.947,0.966,0.784,0.468,0.769,0.688,0.499,0.228,0.245,5.657
0.666,0.94,0.976,0.81,0.498,0.743,0.617,0.435,0.228,0.281,0.666,0.94,0.976,0.81,0.498,0.743,0.617,0.435,0.228,0.281,4.243
0.666,0.94,0.976,0.81,0.498,0.743,0.617,0.435,0.228,0.281,0.666,0.94,0.976,0.81,0.498,0.743,0.617,0.435,0.228,0.281,4.243
0.657,0.947,0.973,0.807,0.493,0.686,0.552,0.416,0.165,0.297,0.657,0.947,0.973,0.807,0.493,0.686,0.552,0.416,0.165,0.297,2.828
0.657,0.947,0.973,0.807,0.493,0.686,0.552,0.416,0.165,0.297,0.657,0.947,0.973,0.807,0.493,0.686,0.552,0.416,0.165,0.297,2.828
0.665,0.952,0.968,0.801,0.492,0.715,0.602,0.433,0.203,0.257,0.665,0.952,0.968,0.801,0.492,0.715,0.602,0.433,0.203,0.257,8.062
0.665,0.952,0.968,0.801,0.492,0.715,0.602,0.433,0.203,0.257,0.665,0.952,0.968,0.801,0.492,0.715,0.602,0.433,0.203,0.257,8.062
0.665,0.952,0.968,0.801,0.492,0.715,0.602,0.433,0.203,0.257,0.665,0.952,0.968,0.801,0.492,0.715,0.602,0.433,0.203,0.257,8.062

1.302,1.206,0.751,2.131,1.514,1.056,0.987,1.023,0.177,0.177,1.302,1.206,0.751,2.131,1.514,1.056,0.987,1.023,0.177,0.177,4.472
1.302,1.206,0.751,2.131,1.514,1.056,0.987,1.023,0.177,0.177,1.302,1.206,0.751,2.131,1.514,1.056,0.987,1.023,0.177,0.177,4.472
1.302,1.206,0.751,2.131,1.514,1.056,0.987,1.023,0.177,0.177,1.302,1.206,0.751,2.131,1.514,1.056,0.987,1.023,0.177,0.177,4.472
1.302,1.206,0.751,2.131,1.514,1.056,0.987,1.023,0.177,0.177,1.302,1.206,0.751,2.131,1.514,1.056,0.987,1.023,0.177,0.177,4.472
1.302,1.206,0.751,2.131,1.514,1.056,0.987,1.023,0.177,0.177,1.302,1.206,0.751,2.131,1.514,1.056,0.987,1.023,0.177,0.177,4.472
1.302,1.206,0.751,2.131,1.514,1.056,0.987,1.023,0.177,0.177,1.302,1.206,0.751,2.131,1.514,1.056,0.987,1.023,0.177,0.177,4.472
1.302,1.206,0.751,2.131,1.514,1.056,0.987,1.023,0.177,0.177,1.302,1.206,0.751,2.131,1.514,1.056,0.987,1.023,0.177,0.177,4.472
1.302,1.206,0.751,2.131,1.514,1.056,0.987,1.023,0.177,0.177,1.302,1.206,0.751,2.131,1.514,1.056,0.987,1.023,0.177,0.177,4.472
1.302,1.206,0.751,2.131,1.514,1.056,0.987,1.023,0.177,0.177,1.302,1.206,0.751,2.131,1.514,1.056,0.987,1.023,0.177,0.177,4.472
1.302,1.206,0.751,2.131,1.514,1.056,0.987,1.023,0.177,0.177,1.302,1.206,0.751,2.131,1.514,1.056,0.987,1.023,0.177,0.177,4.472
1.302,1.206,0.751,2.131,1.514,1.056,0.987,1.023,0.177,0.177,1.302,1.206,0.751,2.131,1.514,1.056,0.987,1.023,0.177,0.177,4.472
1.302,1.206,0.751,2.131,1.514,1.056,0.987,1.023,0.177,0.177,1.302,1.206,0.751,2.131,1.514,1.056,0.987,1.023,0.177,0.177,4.472
1.302,1.206,0.751,2.131,1.514,1.056,0.987,1.023,0.177,0.177,1.302,1.206,0.751,2.131,1.514,1.056,0.987,1.023,0.177,0.177,4.472
1.302,1.206,0.751,2.131,1.514,1.056,0.987,1.023,0.177,0.177,1.302,1.206,0.751,2.131,1.514,1.056,0.987,1.023,0.177,0.177,4.472
1.302,1.206,0.751,2.131,1.514,1.056,0.987,1.023,0.177,0.177,1.302,1.206,0.751,2.131,1.514,1.056,0.987,1.023,0.177,0.177,4.472
1.302,1.206,0.751,2.131,1.514,1.056,0.987,1.023,0.177,0.177,1.302,1.206,0.751,2.131,1.514,1.056,0.987,1.023,0.177,0.177,4.472
1.302,1.206,0.751,2.131,1.514,1.056,0.987,1.023,0.177,0.177,1.302,1.206,0.751,2.131,1.514,1.056,0.987,1.023,0.177,0.177,4.472
1.302,1.206,0.751,2.131,1.514,1.056,0.987,1.023,0.177,0.177,1.302,1.206,0.751,2.131,1.514,1.056,0.987,1.023,0.177,0.177,4.472
1.302,1.206,0.751,2.131,1.514,1.056,0.987,1.023,0.177,0.177,1.302,1.206,0.751,2.131,1.514,1.056,0.987,1.023,0.177,0.177,4.472
1.302,1.206,0.751,2.131,1.514,1.056,0.987,1.023,0.177,0.177,1.302,1.206,0.751,2.131,1.514,1.056,0.987,1.023,0.177,0.177,4.472
1.302,1.206,0.751,2.131,1.514,1.056,0.987,1.023,0.177,0.177,1.302,1.206,0.751,2.131,1.514,1.056,0.987,1.023,0.177,0.177,4.472

1.302,1.206,0.751,2.131,1.514,1.056,0.987,1.023,0.177,0.177,1.302,1.206,0.751,2.131,1.514,1.056,0.987,1.023,0.177,0.177,4.472
1.302,1.206,0.751,2.131,1.514,1.056,0.987,1.023,0.177,0.177,1.302,1.206,0.751,2.131,1.514,1.056,0.987,1.023,0.177,0.177,4.472
1.302,1.206,0.751,2.131,1.514,1.056,0.987,1.023,0.177,0.177,1.302,1.206,0.751,2.131,1.514,1.056,0.987,1.023,0.177,0.177,4.472
1.302,1.206,0.751,2.131,1.514,1.056,0.987,1.023,0.177,0.177,1.302,1.206,0.751,2.131,1.514,1.056,0.987,1.023,0.177,0.177,4.472
1.302,1.206,0.751,2.131,1.514,1.056,0.987,1.023,0.177,0.177,1.302,1.206,0.751,2.131,1.514,1.056,0.987,1.023,0.177,0.177,4.472
1.302,1.206,0.751,2.131,1.514,1.056,0.987,1.023,0.177,0.177,1.302,1.206,0.751,2.131,1.514,1.056,0.987,1.023,0.177,0.177,4.472
1.302,1.206,0.751,2.131,1.514,1.056,0.987,1.023,0.177,0.177,1.302,1.206,0.751,2.131,1.514,1.056,0.987,1.023,0.177,0.177,4.472
1.302,1.206,0.751,2.131,1.514,1.056,0.987,1.023,0.177,0.177,1.302,1.206,0.751,2.131,1.514,1.056,0.987,1.023,0.177,0.177,4.472
1.302,1.206,0.751,2.131,1.514,1.056,0.987,1.023,0.177,0.177,1.302,1.206,0.751,2.131,1.514,1.056,0.987,1.023,0.177,0.177,4.472
1.302,1.206,0.751,2.131,1.514,1.056,0.987,1.023,0.177,0.177,1.302,1.206,0.751,2.131,1.514,1.056,0.987,1.023,0.177,0.177,4.472
1.302,1.206,0.751,2.131,1.514,1.056,0.987,1.023,0.177,0.177,1.302,1.206,0.751,2.131,1.514,1.056,0.987,1.023,0.177,0.177,4.472
1.302,1.206,0.751,2.131,1.514,1.056,0.987,1.023,0.177,0.177,1.302,1.206,0.751,2.131,1.514,1.056,0.987,1.023,0.177,0.177,4.472
1.302,1.206,0.751,2.131,1.514,1.056,0.987,1.023,0.177,0.177,1.302,1.206,0.751,2.131,1.514,1.056,0.987,1.023,0.177,0.177,4.472
1.302,1.206,0.751,2.131,1.514,1.056,0.987,1.023,0.177,0.177,1.302,1.206,0.751,2.131,1.514,1.056,0.987,1.023,0.177,0.177,4.472
1.302,1.206,0.751,2.131,1.514,1.056,0.987,1.023,0.177,0.177,1.302,1.206,0.751,2.131,1.514,1.056,0.987,1.023,0.177,0.177,4.472
1.302,1.206,0.751,2.131,1.514,1.056,0.987,1.023,0.177,0.177,1.302,1.206,0.751,2.131,1.514,1.056,0.987,1.023,0.177,0.177,4.472
1.302,1.206,0.751,2.131,1.514,1.056,0.987,1.023,0.177,0.177,1.302,1.206,0.751,2.131,1.514,1.056,0.987,1.023,0.177,0.177,4.472
1.302,1.206,0.751,2.131,1.514,1.056,0.987,1.023,0.177,0.177,1.302,1.206,0.751,2.131,1.514,1.056,0.987,1.023,0.177,0.177,4.472
1.302,1.206,0.751,2.131,1.514,1.056,0.987,1.023,0.177,0.177,1.302,1.206,0.751,2.131,1.514,1.056,0.987,1.023,0.177,0.177,4.472
1.302,1.206,0.751,2.131,1.514,1.056,0.987,1.023,0.177,0.177,1.302,1.206,0.751,2.131,1.514,1.056,0.987,1.023,0.177,0.177,4.472
1.302,1.206,0.751,2.131,1.514,1.056,0.987,1.023,0.177,0.177,1.302,1.206,0.751,2.131,1.514,1.056,0.987,1.023,0.177,0.177,4.472

1.428,1.935,0.824,1.118,0.563,3.462,0.566,0.585,0.373,2.912,1.428,1.935,0.824,1.118,0.563,3.462,0.566,0.585,0.373,2.912,87.092
1.397,1.943,0.819,1.101,0.566,3.523,0.608,0.57,0.399,2.92,1.397,1.943,0.819,1.101,0.566,3.523,0.608,0.57,0.399,2.92,84.149
1.466,2.064,0.853,1.113,0.582,3.571,0.663,0.585,0.322,2.921,1.466,2.064,0.853,1.113,0.582,3.571,0.663,0.585,0.322,2.921,85.006
1.478,2.038,0.835,1.023,0.64,3.216,0.566,0.449,0.313,2.651,1.478,2.038,0.835,1.023,0.64,3.216,0.566,0.449,0.313,2.651,82.098
1.402,1.915,0.896,1.075,0.547,3.495,0.575,0.431,0.308,2.924,1.402,1.915,0.896,1.075,0.547,3.495,0.575,0.431,0.308,2.924,83.024
1.311,1.783,0.81,1.048,0.497,3.57,0.593,0.584,0.425,2.977,1.311,1.783,0.81,1.048,0.497,3.57,0.593,0.584,0.425,2.977,84.024
1.398,1.862,0.811,1.064,0.517,3.558,0.603,0.6,0.407,2.957,1.398,1.862,0.811,1.064,0.517,3.558,0.603,0.6,0.407,2.957,85.006
1.362,1.818,0.755,1.072,0.504,3.618,0.666,0.738,0.518,2.954,1.362,1.818,0.755,1.072,0.504,3.618,0.666,0.738,0.518,2.954,84.095
1.367,1.835,0.853,1.136,0.492,3.727,0.673,0.642,0.399,3.079,1.367,1.835,0.853,1.136,0.492,3.727,0.673,0.642,0.399,3.079,80.056
1.425,2.014,0.885,1.179,0.457,4.428,0.876,0.767,0.388,3.607,1.425,2.014,0.885,1.179,0.457,4.428,0.876,0.767,0.388,3.607,91.137
1.356,1.825,0.817,1.054,0.52,3.489,0.548,0.55,0.392,2.942,1.356,1.825,0.817,1.054,0.52,3.489,0.548,0.55,0.392,2.942,82.006
1.389,1.872,0.832,1.108,0.51,3.626,0.628,0.618,0.403,3.014,1.389,1.872,0.832,1.108,0.51,3.626,0.628,0.618,0.403,3.014,83.054
1.383,1.938,0.783,1.086,0.537,3.593,0.687,0.675,0.457,2.913,1.383,1.938,0.783,1.086,0.537,3.593,0.687,0.675,0.457,2.913,79.101
1.299,1.717,0.859,1.013,0.512,3.346,0.503,0.36,0.383,2.847,1.299,1.717,0.859,1.013,0.512,3.346,0.503,0.36,0.383,2.847,85.094
1.32,1.769,0.781,1.07,0.492,3.646,0.59,0.65,0.499,3.057,1.32,1.769,0.781,1.07,0.492,3.646,0.59,0.65,0.499,3.057,84.006
1.338,1.788,0.815,1.067,0.505,3.509,0.64,0.597,0.433,2.87,1.338,1.788,0.815,1.067,0.505,3.509,0.64,0.597,0.433,2.87,81.0
1.359,1.863,0.854,1.081,0.523,3.553,0.581,0.495,0.388,2.976,1.359,1.863,0.854,1.081,0.523,3.553,0.581,0.495,0.388,2.976,80.025
1.508,2.042,0.82,1.186,0.546,3.653,0.737,0.766,0.388,2.98,1.508,2.042,0.82,1.186,0.546,3.653,0.737,0.766,0.388,2.98,79.006
1.352,1.803,0.84,1.043,0.543,3.274,0.596,0.46,0.399,2.679,1.352,1.803,0.84,1.043,0.543,3.274,0.596,0.46,0.399,2.679,79.057
1.448,2.015,0.822,1.117,0.574,3.525,0.69,0.638,0.373,2.85,1.448,2.015,0.822,1.117,0.574,3.525,0.69,0.638,0.373,2.85,78.026
1.314,1.737,0.789,1.059,0.487,3.557,0.632,0.662,0.469,2.925,1.314,1.737,0.789,1.059,0.487,3.557,0.632,0.662,0.469,2.925,81.099

1.512,1.986,0.86,0.836,0.802,2.387,0.55,0.312,0.252,1.864,1.512,1.986,0.86,0.836,0.802,2.387,0.55,0.312,0.252,1.864,82.055
1.512,1.986,0.86,0.836,0.802,2.387,0.55,0.312,0.252,1.864,1.512,1.986,0.86,0.836,0.802,2.387,0.55,0.312,0.252,1.864,82.055
1.512,1.986,0.86,0.836,0.802,2.387,0.55,0.312,0.252,1.864,1.512,1.986,0.86,0.836,0.802,2.387,0.55,0.312,0.252,1.864,82.055
1.512,1.986,0.86,0.836,0.802,2.387,0.55,0.312,0.252,1.864,1.512,1.986,0.86,0.836,0.802,2.387,0.55,0.312,0.252,1.864,82.055
1.512,1.986,0.86,0.836,0.802,2.387,0.55,0.312,0.252,1.864,1.512,1.986,0.86,0.836,0.802,2.387,0.55,0.312,0.252,1.864,82.055
1.512,1.986,0.86,0.836,0.802,2.387,0.55,0.312,0.252,1.864,1.512,1.986,0.86,0.836,0.802,2.387,0.55,0.312,0.252,1.864,82.055
1.512,1.986,0.86,0.836,0.802,2.387,0.55,0.312,0.252,1.864,1.512,1.986,0.86,0.836,0.802,2.387,0.55,0.312,0.252,1.864,82.055
1.512,1.986,0.86,0.836,0.802,2.387,0.55,0.312,0.252,1.864,1.512,1.986,0.86,0.836,0.802,2.387,0.55,0.312,0.252,1.864,82.055
1.512,1.986,0.86,0.836,0.802,2.387,0.55,0.312,0.252,1.864,1.512,1.986,0.86,0.836,0.802,2.387,0.55,0.312,0.252,1.864,82.055
1.512,1.986,0.86,0.836,0.802,2.387,0.55,0.312,0.252,1.864,1.512,1.986,0.86,0.836,0.802,2.387,0.55,0.312,0.252,1.864,82.055
1.512,1.986,0.86,0.836,0.802,2.387,0.55,0.312,0.252,1.864,1.512,1.986,0.86,0.836,0.802,2.387,0.55,0.312,0.252,1.864,82.055
1.512,1.986,0.86,0.836,0.802,2.387,0.55,0.312,0.252,1.864,1.512,1.986,0.86,0.836,0.802,2.387,0.55,0.312,0.252,1.864,82.055
1.512,1.986,0.86,0.836,0.802,2.387,0.55,0.312,0.252,1.864,1.512,1.986,0.86,0.836,0.802,2.387,0.55,0.312,0.252,1.864,82.055
1.512,1.986,0.86,0.836,0.802,2.387,0.55,0.312,0.252,1.864,1.512,1.986,0.86,0.836,0.802,2.387,0.55,0.312,0.252,1.864,82.055
1.512,1.986,0.86,0.836,0.802,2.387,0.55,0.312,0.252,1.864,1.512,1.986,0.86,0.836,0.802,2.387,0.55,0.312,0.252,1.864,82.055
1.512,1.986,0.86,0.836,0.802,2.387,0.55,0.312,0.252,1.864,1.512,1.986,0.86,0.836,0.802,2.387,0.55,0.312,0.252,1.864,82.055
1.512,1.986,0.86,0.836,0.802,2.387,0.55,0.312,0.252,1.864,1.512,1.986,0.86,0.836,0.802,2.387,0.55,0.312,0.252,1.864,82.055
1.512,1.986,0.86,0.836,0.802,2.387,0.55,0.312,0.252,1.864,1.512,1.986,0.86,0.836,0.802,2.387,0.55,0.312,0.252,1.864,82.055
1.512,1.986,0.86,0.836,0.802,2.387,0.55,0.312,0.252,1.864,1.512,1.986,0.86,0.836,0.802,2.387,0.55,0.312,0.252,1.864,82.055
1.512,1.986,0.86,0.836,0.802,2.387,0.55,0.312,0.252,1.864,1.512,1.986,0.86,0.836,0.802,2.387,0.55,0.312,0.252,1.864,82.055
1.512,1.986,0.86,0.836,0.802,2.387,0.55,0.312,0.252,1.864,1.512,1.986,0.86,0.836,0.802,2.387,0.55,0.312,0.252,1.864,82.055

0.635,0.941,0.92,0.742,0.579,0.63,0.577,0.373,0.214,0.227,0.635,0.941,0.92,0.742,0.579,0.63,0.577,0.373,0.214,0.227,138.362
0.625,0.934,0.926,0.732,0.574,0.637,0.59,0.397,0.207,0.245,0.625,0.934,0.926,0.732,0.574,0.637,0.59,0.397,0.207,0.245,122.016
0.637,0.945,0.927,0.741,0.58,0.632,0.571,0.377,0.209,0.232,0.637,0.945,0.927,0.741,0.58,0.632,0.571,0.377,0.209,0.232,138.293
0.633,0.949,0.923,0.742,0.582,0.634,0.571,0.378,0.202,0.223,0.633,0.949,0.923,0.742,0.582,0.634,0.571,0.378,0.202,0.223,115.039
0.633,0.945,0.927,0.738,0.581,0.643,0.581,0.386,0.209,0.232,0.633,0.945,0.927,0.738,0.581,0.643,0.581,0.386,0.209,0.232,161.009
0.63,0.949,0.93,0.746,0.585,0.634,0.568,0.383,0.197,0.221,0.63,0.949,0.93,0.746,0.585,0.634,0.568,0.383,0.197,0.221,128.035
0.615,0.947,0.925,0.744,0.586,0.645,0.576,0.384,0.2,0.229,0.615,0.947,0.925,0.744,0.586,0.645,0.576,0.384,0.2,0.229,134.183
0.614,0.943,0.932,0.743,0.592,0.642,0.573,0.388,0.199,0.236,0.614,0.943,0.932,0.743,0.592,0.642,0.573,0.388,0.199,0.236,113.111
0.63,0.943,0.92,0.743,0.592,0.632,0.567,0.37,0.204,0.234,0.63,0.943,0.92,0.743,0.592,0.632,0.567,0.37,0.204,0.234,156.924
0.624,0.952,0.928,0.745,0.588,0.645,0.568,0.375,0.208,0.228,0.624,0.952,0.928,0.745,0.588,0.645,0.568,0.375,0.208,0.228,126.0
0.629,0.947,0.927,0.741,0.584,0.64,0.574,0.383,0.204,0.229,0.629,0.947,0.927,0.741,0.584,0.64,0.574,0.383,0.204,0.229,139.291
0.618,0.942,0.921,0.739,0.59,0.634,0.573,0.377,0.204,0.234,0.618,0.942,0.921,0.739,0.59,0.634,0.573,0.377,0.204,0.234,161.009
0.641,0.948,0.93,0.738,0.6,0.635,0.565,0.387,0.19,0.23,0.641,0.948,0.93,0.738,0.6,0.635,0.565,0.387,0.19,0.23,127.142
0.629,0.95,0.933,0.753,0.608,0.638,0.554,0.372,0.194,0.229,0.629,0.95,0.933,0.753,0.608,0.638,0.554,0.372,0.194,0.229,149.405
0.628,0.94,0.928,0.749,0.606,0.627,0.555,0.369,0.196,0.236,0.628,0.94,0.928,0.749,0.606,0.627,0.555,0.369,0.196,0.236,133.094
0.631,0.946,0.935,0.742,0.599,0.645,0.572,0.399,0.185,0.231,0.631,0.946,0.935,0.742,0.599,0.645,0.572,0.399,0.185,0.231,158.534
0.63,0.951,0.927,0.74,0.596,0.659,0.584,0.394,0.2,0.225,0.63,0.951,0.927,0.74,0.596,0.659,0.584,0.394,0.2,0.225,125.016
0.628,0.943,0.923,0.75,0.601,0.632,0.55,0.365,0.19,0.245,0.628,0.943,0.923,0.75,0.601,0.632,0.55,0.365,0.19,0.245,154.548
0.631,0.945,0.923,0.75,0.605,0.638,0.561,0.365,0.204,0.23,0.631,0.945,0.923,0.75,0.605,0.638,0.561,0.365,0.204,0.23,131.004
0.611,0.935,0.923,0.747,0.601,0.618,0.565,0.372,0.201,0.224,0.611,0.935,0.923,0.747,0.601,0.618,0.565,0.372,0.201,0.224,153.209
0.637,0.947,0.923,0.749,0.615,0.633,0.555,0.36,0.205,0.226,0.637,0.947,0.923,0.749,0.615,0.633,0.555,0.36,0.205,0.226,138.362

0.632,0.945,0.934,0.785,0.718,0.659,0.56,0.377,0.188,0.201,0.632,0.945,0.934,0.785,0.718,0.659,0.56,0.377,0.188,0.201,136.18
0.637,0.948,0.935,0.794,0.728,0.65,0.544,0.362,0.186,0.2,0.637,0.948,0.935,0.794,0.728,0.65,0.544,0.362,0.186,0.2,142.594
0.624,0.934,0.932,0.793,0.723,0.65,0.55,0.365,0.187,0.212,0.624,0.934,0.932,0.793,0.723,0.65,0.55,0.365,0.187,0.212,136.092
0.634,0.947,0.94,0.796,0.732,0.655,0.549,0.374,0.18,0.198,0.634,0.947,0.94,0.796,0.732,0.655,0.549,0.374,0.18,0.198,132.034
0.642,0.942,0.926,0.782,0.722,0.654,0.548,0.353,0.199,0.214,0.642,0.942,0.926,0.782,0.722,0.654,0.548,0.353,0.199,0.214,144.42
0.623,0.933,0.928,0.787,0.736,0.654,0.555,0.374,0.183,0.212,0.623,0.933,0.928,0.787,0.736,0.654,0.555,0.374,0.183,0.212,135.059
0.629,0.935,0.928,0.785,0.731,0.654,0.555,0.363,0.196,0.212,0.629,0.935,0.928,0.785,0.731,0.654,0.555,0.363,0.196,0.212,146.219
0.633,0.942,0.929,0.78,0.727,0.66,0.556,0.372,0.187,0.212,0.633,0.942,0.929,0.78,0.727,0.66,0.556,0.372,0.187,0.212,140.175
0.634,0.937,0.93,0.787,0.734,0.663,0.555,0.371,0.187,0.218,0.634,0.937,0.93,0.787,0.734,0.663,0.555,0.371,0.187,0.218,164.985
0.63,0.947,0.94,0.8,0.736,0.668,0.549,0.365,0.189,0.211,0.63,0.947,0.94,0.8,0.736,0.668,0.549,0.365,0.189,0.211,136.015
0.635,0.945,0.932,0.783,0.728,0.668,0.559,0.372,0.191,0.213,0.635,0.945,0.932,0.783,0.728,0.668,0.559,0.372,0.191,0.213,136.132
0.633,0.947,0.941,0.796,0.729,0.659,0.547,0.368,0.185,0.206,0.633,0.947,0.941,0.796,0.729,0.659,0.547,0.368,0.185,0.206,132.034
0.635,0.946,0.935,0.791,0.732,0.659,0.55,0.368,0.186,0.206,0.635,0.946,0.935,0.791,0.732,0.659,0.55,0.368,0.186,0.206,144.42
0.639,0.936,0.934,0.789,0.735,0.658,0.555,0.374,0.185,0.212,0.639,0.936,0.934,0.789,0.735,0.658,0.555,0.374,0.185,0.212,140.228
0.636,0.945,0.928,0.787,0.732,0.659,0.547,0.362,0.188,0.213,0.636,0.945,0.928,0.787,0.732,0.659,0.547,0.362,0.188,0.213,137.179
0.644,0.943,0.936,0.787,0.741,0.645,0.543,0.372,0.175,0.204,0.644,0.943,0.936,0.787,0.741,0.645,0.543,0.372,0.175,0.204,133.184
0.638,0.944,0.933,0.795,0.74,0.663,0.549,0.359,0.194,0.211,0.638,0.944,0.933,0.795,0.74,0.663,0.549,0.359,0.194,0.211,136.18
0.628,0.938,0.933,0.786,0.731,0.672,0.562,0.382,0.182,0.22,0.628,0.938,0.933,0.786,0.731,0.672,0.562,0.382,0.182,0.22,138.362
0.635,0.94,0.937,0.794,0.735,0.659,0.546,0.363,0.188,0.217,0.635,0.94,0.937,0.794,0.735,0.659,0.546,0.363,0.188,0.217,136.235
0.629,0.937,0.934,0.794,0.746,0.654,0.545,0.369,0.179,0.215,0.629,0.937,0.934,0.794,0.746,0.654,0.545,0.369,0.179,0.215,135.37
0.638,0.944,0.935,0.787,0.734,0.668,0.552,0.371,0.185,0.218,0.638,0.944,0.935,0.787,0.734,0.668,0.552,0.371,0.185,0.218,144.222

0.924,1.029,0.945,0.854,0.507,0.555,0.463,0.3,0.163,0.093,0.924,1.029,0.945,0.854,0.507,0.555,0.463,0.3,0.163,0.093,2.236
0.924,1.029,0.945,0.854,0.507,0.555,0.463,0.3,0.163,0.093,0.924,1.029,0.945,0.854,0.507,0.555,0.463,0.3,0.163,0.093,2.236
0.924,1.029,0.945,0.854,0.507,0.555,0.463,0.3,0.163,0.093,0.924,1.029,0.945,0.854,0.507,0.555,0.463,0.3,0.163,0.093,2.236
0.924,1.029,0.945,0.854,0.507,0.555,0.463,0.3,0.163,0.093,0.924,1.029,0.945,0.854,0.507,0.555,0.463,0.3,0.163,0.093,2.236
0.924,1.029,0.945,0.854,0.507,0.555,0.463,0.3,0.163,0.093,0.924,1.029,0.945,0.854,0.507,0.555,0.463,0.3,0.163,0.093,2.236
0.924,1.029,0.945,0.854,0.507,0.555,0.463,0.3,0.163,0.093,0.924,1.029,0.945,0.854,0.507,0.555,0.463,0.3,0.163,0.093,2.236
0.924,1.029,0.945,0.854,0.507,0.555,0.463,0.3,0.163,0.093,0.924,1.029,0.945,0.854,0.507,0.555,0.463,0.3,0.163,0.093,2.236
0.924,1.029,0.945,0.854,0.507,0.555,0.463,0.3,0.163,0.093,0.924,1.029,0.945,0.854,0.507,0.555,0.463,0.3,0.163,0.093,2.236
0.924,1.029,0.945,0.854,0.507,0.555,0.463,0.3,0.163,0.093,0.924,1.029,0.945,0.854,0.507,0.555,0.463,0.3,0.163,0.093,2.236
0.924,1.029,0.945,0.854,0.507,0.555,0.463,0.3,0.163,0.093,0.924,1.029,0.945,0.854,0.507,0.555,0.463,0.3,0.163,0.093,2.236
0.924,1.029,0.945,0.854,0.507,0.555,0.463,0.3,0.163,0.093,0.924,1.029,0.945,0.854,0.507,0.555,0.463,0.3,0.163,0.093,2.236
0.924,1.029,0.945,0.854,0.507,0.555,0.463,0.3,0.163,0.093,0.924,1.029,0.945,0.854,0.507,0.555,0.463,0.3,0.163,0.093,2.236
0.924,1.029,0.945,0.854,0.507,0.555,0.463,0.3,0.163,0.093,0.924,1.029,0.945,0.854,0.507,0.555,0.463,0.3,0.163,0.093,2.236
0.924,1.029,0.945,0.854,0.507,0.555,0.463,0.3,0.163,0.093,0.924,1.029,0.945,0.854,0.507,0.555,0.463,0.3,0.163,0.093,2.236
0.924,1.029,0.945,0.854,0.507,0.555,0.463,0.3,0.163,0.093,0.924,1.029,0.945,0.854,0.507,0.555,0.463,0.3,0.163,0.093,2.236
0.924,1.029,0.945,0.854,0.507,0.555,0.463,0.3,0.163,0.093,0.924,1.029,0.945,0.854,0.507,0.555,0.463,0.3,0.163,0.093,2.236
0.924,1.029,0.945,0.854,0.507,0.555,0.463,0.3,0.163,0.093,0.924,1.029,0.945,0.854,0.507,0.555,0.463,0.3,0.163,0.093,2.236
0.924,1.029,0.945,0.854,0.507,0.555,0.463,0.3,0.163,0.093,0.924,1.029,0.945,0.854,0.507,0.555,0.463,0.3,0.163,0.093,2.236
0.924,1.029,0.945,0.854,0.507,0.555,0.463,0.3,0.163,0.093,0.924,1.029,0.945,0.854,0.507,0.555,0.463,0.3,0.163,0.093,2.236
0.924,1.029,0.945,0.854,0.507,0.555,0.463,0.3,0.163,0.093,0.924,1.029,0.945,0.854,0.507,0.555,0.463,0.3,0.163,0.093,2.236
0.924,1.029,0.945,0.854,0.507,0.555,0.463,0.3,0.163,0.093,0.924,1.029,0.945,0.854,0.507,0.555,0.463,0.3,0.163,0.093,2.236

1.457,3.359,0.575,0.219,1.24,2.576,0.631,0.288,0.346,2.213,1.457,3.359,0.575,0.219,1.24,2.576,0.631,0.288,0.346,2.213,106.569
1.426,3.158,0.593,0.22,1.211,2.464,0.648,0.311,0.338,2.135,1.426,3.158,0.593,0.22,1.211,2.464,0.648,0.311,0.338,2.135,106.921
1.519,3.59,0.563,0.192,1.336,2.563,0.614,0.281,0.336,2.248,1.519,3.59,0.563,0.192,1.336,2.563,0.614,0.281,0.336,2.248,103.484
1.48,3.418,0.575,0.209,1.273,2.555,0.623,0.288,0.339,2.215,1.48,3.418,0.575,0.209,1.273,2.555,0.623,0.288,0.339,2.215,105.575
1.456,3.439,0.547,0.177,1.305,2.506,0.652,0.295,0.361,2.179,1.456,3.439,0.547,0.177,1.305,2.506,0.652,0.295,0.361,2.179,102.825
1.411,3.202,0.586,0.259,1.158,2.58,0.645,0.285,0.361,2.216,1.411,3.202,0.586,0.259,1.158,2.58,0.645,0.285,0.361,2.216,105.929
1.511,3.466,0.551,0.187,1.342,2.454,0.621,0.284,0.337,2.131,1.511,3.466,0.551,0.187,1.342,2.454,0.621,0.284,0.337,2.131,107.056
1.47,3.366,0.617,0.244,1.235,2.563,0.618,0.306,0.312,2.24,1.47,3.366,0.617,0.244,1.235,2.563,0.618,0.306,0.312,2.24,109.772
1.504,3.368,0.578,0.207,1.3,2.467,0.612,0.288,0.324,2.136,1.504,3.368,0.578,0.207,1.3,2.467,0.612,0.288,0.324,2.136,106.212
1.46,3.384,0.575,0.232,1.237,2.576,0.628,0.281,0.349,2.233,1.46,3.384,0.575,0.232,1.237,2.576,0.628,0.281,0.349,2.233,105.802
1.44,3.293,0.581,0.213,1.233,2.528,0.643,0.302,0.342,2.193,1.44,3.293,0.581,0.213,1.233,2.528,0.643,0.302,0.342,2.193,104.69
1.454,3.385,0.56,0.196,1.272,2.524,0.647,0.296,0.351,2.223,1.454,3.385,0.56,0.196,1.272,2.524,0.647,0.296,0.351,2.223,105.802
1.491,3.326,0.576,0.248,1.242,2.542,0.605,0.264,0.343,2.214,1.491,3.326,0.576,0.248,1.242,2.542,0.605,0.264,0.343,2.214,104.938
1.356,3.018,0.572,0.239,1.117,2.56,0.681,0.299,0.386,2.206,1.356,3.018,0.572,0.239,1.117,2.56,0.681,0.299,0.386,2.206,109.659
1.39,3.326,0.572,0.233,1.177,2.645,0.674,0.304,0.37,2.337,1.39,3.326,0.572,0.233,1.177,2.645,0.674,0.304,0.37,2.337,109.458
1.421,3.284,0.608,0.266,1.158,2.659,0.637,0.297,0.34,2.335,1.421,3.284,0.608,0.266,1.158,2.659,0.637,0.297,0.34,2.335,107.229
1.454,3.353,0.576,0.259,1.196,2.645,0.621,0.265,0.356,2.314,1.454,3.353,0.576,0.259,1.196,2.645,0.621,0.265,0.356,2.314,107.466
1.502,3.627,0.545,0.205,1.333,2.571,0.622,0.273,0.349,2.236,1.502,3.627,0.545,0.205,1.333,2.571,0.622,0.273,0.349,2.236,107.378
1.457,3.423,0.566,0.223,1.293,2.475,0.642,0.298,0.345,2.115,1.457,3.423,0.566,0.223,1.293,2.475,0.642,0.298,0.345,2.115,106.301
1.44,3.11,0.609,0.292,1.148,2.53,0.617,0.276,0.342,2.19,1.44,3.11,0.609,0.292,1.148,2.53,0.617,0.276,0.342,2.19,106.569
1.438,3.326,0.545,0.18,1.279,2.469,0.66,0.3,0.36,2.151,1.438,3.326,0.545,0.18,1.279,2.469,0.66,0.3,0.36,2.151,110.291

0.733,0.719,1.026,0.94,1.28,0.977,0.758,0.46,0.348,0.474,0.733,0.719,1.026,0.94,1.28,0.977,0.758,0.46,0.348,0.474,69.203
0.744,0.703,1.047,0.959,1.301,0.955,0.748,0.45,0.355,0.459,0.744,0.703,1.047,0.959,1.301,0.955,0.748,0.45,0.355,0.459,72.622
0.737,0.697,1.047,0.965,1.305,0.956,0.745,0.455,0.344,0.465,0.737,0.697,1.047,0.965,1.305,0.956,0.745,0.455,0.344,0.465,70.605
0.728,0.689,1.046,0.952,1.279,0.951,0.74,0.453,0.343,0.473,0.728,0.689,1.046,0.952,1.279,0.951,0.74,0.453,0.343,0.473,72.007
0.743,0.701,1.056,0.971,1.334,0.952,0.729,0.451,0.334,0.47,0.743,0.701,1.056,0.971,1.334,0.952,0.729,0.451,0.334,0.47,72.007
0.746,0.697,1.055,0.968,1.32,0.952,0.728,0.444,0.34,0.474,0.746,0.697,1.055,0.968,1.32,0.952,0.728,0.444,0.34,0.474,69.814
0.75,0.694,1.062,0.981,1.333,0.953,0.715,0.443,0.328,0.482,0.75,0.694,1.062,0.981,1.333,0.953,0.715,0.443,0.328,0.482,71.84
0.752,0.685,1.049,0.967,1.317,0.938,0.726,0.442,0.338,0.466,0.752,0.685,1.049,0.967,1.317,0.938,0.726,0.442,0.338,0.466,72.471
0.742,0.701,1.05,0.963,1.313,0.948,0.733,0.444,0.344,0.464,0.742,0.701,1.05,0.963,1.313,0.948,0.733,0.444,0.344,0.464,69.405
0.754,0.69,1.052,0.967,1.333,0.953,0.725,0.44,0.34,0.485,0.754,0.69,1.052,0.967,1.333,0.953,0.725,0.44,0.34,0.485,71.84
0.741,0.687,1.048,0.958,1.302,0.953,0.735,0.44,0.351,0.481,0.741,0.687,1.048,0.958,1.302,0.953,0.735,0.44,0.351,0.481,71.218
0.761,0.697,1.054,0.967,1.337,0.953,0.722,0.443,0.336,0.483,0.761,0.697,1.054,0.967,1.337,0.953,0.722,0.443,0.336,0.483,73.246
0.747,0.698,1.058,0.98,1.338,0.949,0.725,0.438,0.343,0.467,0.747,0.698,1.058,0.98,1.338,0.949,0.725,0.438,0.343,0.467,72.007
0.742,0.688,1.057,0.971,1.313,0.945,0.733,0.45,0.34,0.465,0.742,0.688,1.057,0.971,1.313,0.945,0.733,0.45,0.34,0.465,71.218
0.736,0.694,1.042,0.964,1.314,0.944,0.726,0.439,0.336,0.469,0.736,0.694,1.042,0.964,1.314,0.944,0.726,0.439,0.336,0.469,69.203
0.749,0.694,1.051,0.964,1.308,0.948,0.729,0.446,0.338,0.471,0.749,0.694,1.051,0.964,1.308,0.948,0.729,0.446,0.338,0.471,72.007
0.741,0.701,1.056,0.971,1.317,0.952,0.737,0.448,0.346,0.462,0.741,0.701,1.056,0.971,1.317,0.952,0.737,0.448,0.346,0.462,71.61
0.758,0.701,1.053,0.969,1.342,0.949,0.717,0.445,0.326,0.478,0.758,0.701,1.053,0.969,1.342,0.949,0.717,0.445,0.326,0.478,71.218
0.735,0.688,1.047,0.963,1.3,0.956,0.741,0.445,0.352,0.475,0.735,0.688,1.047,0.963,1.3,0.956,0.741,0.445,0.352,0.475,72.801
0.744,0.68,1.059,0.977,1.342,0.942,0.723,0.44,0.34,0.475,0.744,0.68,1.059,0.977,1.342,0.942,0.723,0.44,0.34,0.475,70.434
0.755,0.705,1.066,0.999,1.373,0.949,0.711,0.442,0.323,0.469,0.755,0.705,1.066,0.999,1.373,0.949,0.711,0.442,0.323,0.469,69.656

1.173,1.461,0.762,0.773,0.527,2.248,0.631,0.137,0.545,1.734,1.173,1.461,0.762,0.773,0.527,2.248,0.631,0.137,0.545,1.734,175.0
1.251,1.488,0.776,0.769,0.596,2.062,0.573,0.168,0.442,1.594,1.251,1.488,0.776,0.769,0.596,2.062,0.573,0.168,0.442,1.594,178.986
1.261,1.503,0.783,0.802,0.591,2.084,0.534,0.157,0.439,1.629,1.261,1.503,0.783,0.802,0.591,2.084,0.534,0.157,0.439,1.629,176.774
1.214,1.441,0.794,0.793,0.544,2.136,0.572,0.157,0.454,1.671,1.214,1.441,0.794,0.793,0.544,2.136,0.572,0.157,0.454,1.671,176.465
1.168,1.424,0.749,0.754,0.54,2.165,0.638,0.186,0.519,1.675,1.168,1.424,0.749,0.754,0.54,2.165,0.638,0.186,0.519,1.675,173.954
1.192,1.414,0.757,0.749,0.555,2.08,0.606,0.124,0.511,1.636,1.192,1.414,0.757,0.749,0.555,2.08,0.606,0.124,0.511,1.636,178.037
1.212,1.487,0.775,0.782,0.564,2.178,0.594,0.149,0.488,1.683,1.212,1.487,0.775,0.782,0.564,2.178,0.594,0.149,0.488,1.683,176.465
1.19,1.415,0.768,0.741,0.554,2.059,0.609,0.129,0.492,1.616,1.19,1.415,0.768,0.741,0.554,2.059,0.609,0.129,0.492,1.616,176.139
1.225,1.475,0.76,0.773,0.556,2.139,0.596,0.148,0.507,1.647,1.225,1.475,0.76,0.773,0.556,2.139,0.596,0.148,0.507,1.647,176.774
1.197,1.432,0.753,0.768,0.545,2.141,0.609,0.146,0.526,1.662,1.197,1.432,0.753,0.768,0.545,2.141,0.609,0.146,0.526,1.662,177.725
1.213,1.438,0.758,0.754,0.573,2.04,0.584,0.136,0.486,1.597,1.213,1.438,0.758,0.754,0.573,2.04,0.584,0.136,0.486,1.597,176.139
1.238,1.519,0.797,0.791,0.561,2.185,0.552,0.147,0.436,1.725,1.238,1.519,0.797,0.791,0.561,2.185,0.552,0.147,0.436,1.725,173.954
1.179,1.424,0.759,0.764,0.54,2.152,0.636,0.136,0.54,1.646,1.179,1.424,0.759,0.764,0.54,2.152,0.636,0.136,0.54,1.646,173.612
1.17,1.426,0.73,0.74,0.537,2.163,0.646,0.167,0.553,1.683,1.17,1.426,0.73,0.74,0.537,2.163,0.646,0.167,0.553,1.683,176.162
1.188,1.473,0.762,0.756,0.542,2.207,0.631,0.147,0.519,1.703,1.188,1.473,0.762,0.756,0.542,2.207,0.631,0.147,0.519,1.703,174.909
1.197,1.453,0.766,0.769,0.569,2.1,0.601,0.166,0.483,1.614,1.197,1.453,0.766,0.769,0.569,2.1,0.601,0.166,0.483,1.614,172.977
1.112,1.39,0.727,0.738,0.511,2.216,0.701,0.17,0.602,1.688,1.112,1.39,0.727,0.738,0.511,2.216,0.701,0.17,0.602,1.688,171.747
1.159,1.45,0.768,0.757,0.554,2.137,0.614,0.161,0.488,1.657,1.159,1.45,0.768,0.757,0.554,2.137,0.614,0.161,0.488,1.657,167.932
1.216,1.468,0.783,0.785,0.565,2.096,0.578,0.167,0.457,1.612,1.216,1.468,0.783,0.785,0.565,2.096,0.578,0.167,0.457,1.612,173.925
1.198,1.468,0.765,0.757,0.55,2.198,0.642,0.216,0.481,1.678,1.198,1.468,0.765,0.757,0.55,2.198,0.642,0.216,0.481,1.678,176.819
1.217,1.452,0.774,0.769,0.574,2.064,0.596,0.171,0.464,1.577,1.217,1.452,0.774,0.769,0.574,2.064,0.596,0.171,0.464,1.577,175.191

2.771,1.904,0.59,1.918,4.277,0.875,0.653,0.455,0.206,0.221,2.771,1.904,0.59,1.918,4.277,0.875,0.653,0.455,0.206,0.221,262.011
3.423,2.312,0.401,4.765,8.002,0.879,0.717,0.548,0.175,0.164,3.423,2.312,0.401,4.765,8.002,0.879,0.717,0.548,0.175,0.164,260.461
1.96,1.441,0.792,2.067,3.635,0.938,0.792,0.652,0.156,0.15,1.96,1.441,0.792,2.067,3.635,0.938,0.792,0.652,0.156,0.15,260.837
2.262,1.736,0.512,2.874,4.879,0.941,0.787,0.63,0.167,0.154,2.262,1.736,0.512,2.874,4.879,0.941,0.787,0.63,0.167,0.154,261.819
2.323,1.729,0.494,2.693,4.729,0.932,0.77,0.601,0.175,0.166,2.323,1.729,0.494,2.693,4.729,0.932,0.77,0.601,0.175,0.166,261.262
2.208,1.751,0.504,2.75,4.666,0.957,0.787,0.595,0.196,0.171,2.208,1.751,0.504,2.75,4.666,0.957,0.787,0.595,0.196,0.171,262.612
2.483,2.03,0.586,3.688,5.933,0.962,0.785,0.641,0.158,0.178,2.483,2.03,0.586,3.688,5.933,0.962,0.785,0.641,0.158,0.178,258.496
2.654,2.051,0.364,3.761,6.177,0.941,0.769,0.582,0.192,0.172,2.654,2.051,0.364,3.761,6.177,0.941,0.769,0.582,0.192,0.172,262.711
2.387,1.889,0.468,3.144,5.309,0.946,0.776,0.598,0.189,0.17,2.387,1.889,0.468,3.144,5.309,0.946,0.776,0.598,0.189,0.17,259.925
2.998,2.222,0.62,4.358,7.079,0.929,0.756,0.585,0.187,0.176,2.998,2.222,0.62,4.358,7.079,0.929,0.756,0.585,0.187,0.176,258.768
2.264,1.893,0.463,3.44,5.538,0.963,0.799,0.637,0.173,0.165,2.264,1.893,0.463,3.44,5.538,0.963,0.799,0.637,0.173,0.165,257.614
2.862,2.089,0.485,3.304,5.755,0.933,0.741,0.56,0.187,0.193,2.862,2.089,0.485,3.304,5.755,0.933,0.741,0.56,0.187,0.193,260.461
3.098,1.989,0.633,2.686,5.298,0.868,0.667,0.456,0.213,0.201,3.098,1.989,0.633,2.686,5.298,0.868,0.667,0.456,0.213,0.201,262.069
2.555,1.644,0.828,1.825,3.746,0.865,0.669,0.45,0.229,0.196,2.555,1.644,0.828,1.825,3.746,0.865,0.669,0.45,0.229,0.196,260.279
3.04,2.291,0.304,4.509,7.405,0.914,0.738,0.578,0.174,0.176,3.04,2.291,0.304,4.509,7.405,0.914,0.738,0.578,0.174,0.176,260.739
2.624,1.983,0.607,3.582,5.948,0.936,0.767,0.622,0.167,0.171,2.624,1.983,0.607,3.582,5.948,0.936,0.767,0.622,0.167,0.171,258.768
2.473,1.935,0.505,4.106,6.415,0.941,0.796,0.646,0.172,0.148,2.473,1.935,0.505,4.106,6.415,0.941,0.796,0.646,0.172,0.148,258.132
2.502,1.805,0.725,3.019,5.133,0.927,0.754,0.597,0.167,0.175,2.502,1.805,0.725,3.019,5.133,0.927,0.754,0.597,0.167,0.175,260.739
2.342,1.972,0.443,3.67,5.884,0.956,0.794,0.631,0.184,0.169,2.342,1.972,0.443,3.67,5.884,0.956,0.794,0.631,0.184,0.169,258.94
2.153,1.763,0.534,3.384,5.357,0.961,0.815,0.636,0.194,0.153,2.153,1.763,0.534,3.384,5.357,0.961,0.815,0.636,0.194,0.153,256.301
2.371,1.99,0.56,3.719,5.822,0.979,0.802,0.643,0.169,0.178,2.371,1.99,0.56,3.719,5.822,0.979,0.802,0.643,0.169,0.178,260.1

1.233,1.731,0.922,0.95,0.642,1.671,0.719,0.349,0.375,1.159,1.233,1.731,0.922,0.95,0.642,1.671,0.719,0.349,0.375,1.159,56.613
1.216,1.717,0.929,0.947,0.622,1.703,0.712,0.331,0.383,1.182,1.216,1.717,0.929,0.947,0.622,1.703,0.712,0.331,0.383,1.182,58.009
1.245,1.778,0.952,0.969,0.652,1.69,0.67,0.326,0.345,1.223,1.245,1.778,0.952,0.969,0.652,1.69,0.67,0.326,0.345,1.223,60.745
1.229,1.736,0.937,0.958,0.621,1.71,0.7,0.348,0.355,1.213,1.229,1.736,0.937,0.958,0.621,1.71,0.7,0.348,0.355,1.213,55.218
1.264,1.794,0.942,0.975,0.639,1.742,0.704,0.34,0.367,1.267,1.264,1.794,0.942,0.975,0.639,1.742,0.704,0.34,0.367,1.267,54.203
1.22,1.698,0.926,0.939,0.623,1.692,0.713,0.341,0.373,1.152,1.22,1.698,0.926,0.939,0.623,1.692,0.713,0.341,0.373,1.152,54.406
1.183,1.692,0.921,0.928,0.584,1.76,0.753,0.361,0.394,1.207,1.183,1.692,0.921,0.928,0.584,1.76,0.753,0.361,0.394,1.207,57.628
1.211,1.708,0.933,0.933,0.576,1.813,0.743,0.378,0.366,1.258,1.211,1.708,0.933,0.933,0.576,1.813,0.743,0.378,0.366,1.258,54.452
1.211,1.67,0.922,0.934,0.598,1.707,0.722,0.352,0.374,1.155,1.211,1.67,0.922,0.934,0.598,1.707,0.722,0.352,0.374,1.155,56.223
1.254,1.764,0.928,0.957,0.667,1.663,0.695,0.33,0.368,1.17,1.254,1.764,0.928,0.957,0.667,1.663,0.695,0.33,0.368,1.17,56.851
1.285,1.773,0.935,0.952,0.657,1.722,0.684,0.333,0.353,1.213,1.285,1.773,0.935,0.952,0.657,1.722,0.684,0.333,0.353,1.213,52.01
1.253,1.767,0.946,0.973,0.634,1.713,0.687,0.324,0.364,1.24,1.253,1.767,0.946,0.973,0.634,1.713,0.687,0.324,0.364,1.24,55.227
1.255,1.743,0.93,0.947,0.638,1.693,0.687,0.33,0.36,1.193,1.255,1.743,0.93,0.947,0.638,1.693,0.687,0.33,0.36,1.193,54.644
1.194,1.642,0.905,0.894,0.593,1.711,0.716,0.356,0.363,1.121,1.194,1.642,0.905,0.894,0.593,1.711,0.716,0.356,0.363,1.121,55.444
1.274,1.766,0.947,0.97,0.656,1.686,0.701,0.347,0.355,1.196,1.274,1.766,0.947,0.97,0.656,1.686,0.701,0.347,0.355,1.196,55.606
1.147,1.582,0.889,0.879,0.571,1.683,0.756,0.354,0.407,1.051,1.147,1.582,0.889,0.879,0.571,1.683,0.756,0.354,0.407,1.051,56.036
1.255,1.734,0.929,0.95,0.625,1.727,0.713,0.359,0.357,1.205,1.255,1.734,0.929,0.95,0.625,1.727,0.713,0.359,0.357,1.205,51.662
1.27,1.762,0.945,0.955,0.659,1.675,0.658,0.319,0.34,1.191,1.27,1.762,0.945,0.955,0.659,1.675,0.658,0.319,0.34,1.191,57.428
1.239,1.741,0.932,0.93,0.626,1.742,0.708,0.343,0.365,1.212,1.239,1.741,0.932,0.93,0.626,1.742,0.708,0.343,0.365,1.212,63.008
1.259,1.75,0.932,0.961,0.654,1.673,0.706,0.356,0.352,1.172,1.259,1.75,0.932,0.961,0.654,1.673,0.706,0.356,0.352,1.172,53.075
1.2,1.65,0.91,0.908,0.615,1.649,0.711,0.355,0.359,1.086,1.2,1.65,0.91,0.908,0.615,1.649,0.711,0.355,0.359,1.086,55.317

1.449,1.877,1.013,1.049,0.753,1.552,0.669,0.318,0.352,1.179,1.449,1.877,1.013,1.049,0.753,1.552,0.669,0.318,0.352,1.179,63.411
1.449,1.877,1.013,1.049,0.753,1.552,0.669,0.318,0.352,1.179,1.449,1.877,1.013,1.049,0.753,1.552,0.669,0.318,0.352,1.179,63.411
1.449,1.877,1.013,1.049,0.753,1.552,0.669,0.318,0.352,1.179,1.449,1.877,1.013,1.049,0.753,1.552,0.669,0.318,0.352,1.179,63.411
1.449,1.877,1.013,1.049,0.753,1.552,0.669,0.318,0.352,1.179,1.449,1.877,1.013,1.049,0.753,1.552,0.669,0.318,0.352,1.179,63.411
1.449,1.877,1.013,1.049,0.753,1.552,0.669,0.318,0.352,1.179,1.449,1.877,1.013,1.049,0.753,1.552,0.669,0.318,0.352,1.179,63.411
1.449,1.877,1.013,1.049,0.753,1.552,0.669,0.318,0.352,1.179,1.449,1.877,1.013,1.049,0.753,1.552,0.669,0.318,0.352,1.179,63.411
1.449,1.877,1.013,1.049,0.753,1.552,0.669,0.318,0.352,1.179,1.449,1.877,1.013,1.049,0.753,1.552,0.669,0.318,0.352,1.179,63.411
1.449,1.877,1.013,1.049,0.753,1.552,0.669,0.318,0.352,1.179,1.449,1.877,1.013,1.049,0.753,1.552,0.669,0.318,0.352,1.179,63.411
1.449,1.877,1.013,1.049,0.753,1.552,0.669,0.318,0.352,1.179,1.449,1.877,1.013,1.049,0.753,1.552,0.669,0.318,0.352,1.179,63.411
1.449,1.877,1.013,1.049,0.753,1.552,0.669,0.318,0.352,1.179,1.449,1.877,1.013,1.049,0.753,1.552,0.669,0.318,0.352,1.179,63.411
1.449,1.877,1.013,1.049,0.753,1.552,0.669,0.318,0.352,1.179,1.449,1.877,1.013,1.049,0.753,1.552,0.669,0.318,0.352,1.179,63.411
1.449,1.877,1.013,1.049,0.753,1.552,0.669,0.318,0.352,1.179,1.449,1.877,1.013,1.049,0.753,1.552,0.669,0.318,0.352,1.179,63.411
1.449,1.877,1.013,1.049,0.753,1.552,0.669,0.318,0.352,1.179,1.449,1.877,1.013,1.049,0.753,1.552,0.669,0.318,0.352,1.179,63.411
1.449,1.877,1.013,1.049,0.753,1.552,0.669,0.318,0.352,1.179,1.449,1.877,1.013,1.049,0.753,1.552,0.669,0.318,0.352,1.179,63.411
1.449,1.877,1.013,1.049,0.753,1.552,0.669,0.318,0.352,1.179,1.449,1.877,1.013,1.049,0.753,1.552,0.669,0.318,0.352,1.179,63.411
1.449,1.877,1.013,1.049,0.753,1.552,0.669,0.318,0.352,1.179,1.449,1.877,1.013,1.049,0.753,1.552,0.669,0.318,0.352,1.179,63.411
1.449,1.877,1.013,1.049,0.753,1.552,0.669,0.318,0.352,1.179,1.449,1.877,1.013,1.049,0.753,1.552,0.669,0.318,0.352,1.179,63.411
1.449,1.877,1.013,1.049,0.753,1.552,0.669,0.318,0.352,1.179,1.449,1.877,1.013,1.049,0.753,1.552,0.669,0.318,0.352,1.179,63.411
1.449,1.877,1.013,1.049,0.753,1.552,0.669,0.318,0.352,1.179,1.449,1.877,1.013,1.049,0.753,1.552,0.669,0.318,0.352,1.179,63.411
1.449,1.877,1.013,1.049,0.753,1.552,0.669,0.318,0.352,1.179,1.449,1.877,1.013,1.049,0.753,1.552,0.669,0.318,0.352,1.179,63.411
1.449,1.877,1.013,1.049,0.753,1.552,0.669,0.318,0.352,1.179,1.449,1.877,1.013,1.049,0.753,1.552,0.669,0.318,0.352,1.179,63.411

0.044,0.968,0.03,0.102,0.14,7.607,7.636,0.785,6.965,3.61,0.044,0.968,0.03,0.102,0.14,7.607,7.636,0.785,6.965,3.61,4.472
0.044,0.968,0.03,0.102,0.14,7.607,7.636,0.785,6.965,3.61,0.044,0.968,0.03,0.102,0.14,7.607,7.636,0.785,6.965,3.61,4.472
0.044,0.968,0.03,0.102,0.14,7.607,7.636,0.785,6.965,3.61,0.044,0.968,0.03,0.102,0.14,7.607,7.636,0.785,6.965,3.61,4.472
0.044,0.968,0.03,0.102,0.14,7.607,7.636,0.785,6.965,3.61,0.044,0.968,0.03,0.102,0.14,7.607,7.636,0.785,6.965,3.61,4.472
0.044,0.968,0.03,0.102,0.14,7.607,7.636,0.785,6.965,3.61,0.044,0.968,0.03,0.102,0.14,7.607,7.636,0.785,6.965,3.61,4.472
0.044,0.968,0.03,0.102,0.14,7.607,7.636,0.785,6.965,3.61,0.044,0.968,0.03,0.102,0.14,7.607,7.636,0.785,6.965,3.61,4.472
0.044,0.968,0.03,0.102,0.14,7.607,7.636,0.785,6.965,3.61,0.044,0.968,0.03,0.102,0.14,7.607,7.636,0.785,6.965,3.61,4.472
0.044,0.968,0.03,0.102,0.14,7.607,7.636,0.785,6.965,3.61,0.044,0.968,0.03,0.102,0.14,7.607,7.636,0.785,6.965,3.61,4.472
0.044,0.968,0.03,0.102,0.14,7.607,7.636,0.785,6.965,3.61,0.044,0.968,0.03,0.102,0.14,7.607,7.636,0.785,6.965,3.61,4.472
0.044,0.968,0.03,0.102,0.14,7.607,7.636,0.785,6.965,3.61,0.044,0.968,0.03,0.102,0.14,7.607,7.636,0.785,6.965,3.61,4.472
0.044,0.968,0.03,0.102,0.14,7.607,7.636,0.785,6.965,3.61,0.044,0.968,0.03,0.102,0.14,7.607,7.636,0.785,6.965,3.61,4.472
0.044,0.968,0.03,0.102,0.14,7.607,7.636,0.785,6.965,3.61,0.044,0.968,0.03,0.102,0.14,7.607,7.636,0.785,6.965,3.61,4.472
0.044,0.968,0.03,0.102,0.14,7.607,7.636,0.785,6.965,3.61,0.044,0.968,0.03,0.102,0.14,7.607,7.636,0.785,6.965,3.61,4.472
0.044,0.968,0.03,0.102,0.14,7.607,7.636,0.785,6.965,3.61,0.044,0.968,0.03,0.102,0.14,7.607,7.636,0.785,6.965,3.61,4.472
0.044,0.968,0.03,0.102,0.14,7.607,7.636,0.785,6.965,3.61,0.044,0.968,0.03,0.102,0.14,7.607,7.636,0.785,6.965,3.61,4.472
0.044,0.968,0.03,0.102,0.14,7.607,7.636,0.785,6.965,3.61,0.044,0.968,0.03,0.102,0.14,7.607,7.636,0.785,6.965,3.61,4.472
0.044,0.968,0.03,0.102,0.14,7.607,7.636,0.785,6.965,3.61,0.044,0.968,0.03,0.102,0.14,7.607,7.636,0.785,6.965,3.61,4.472
0.044,0.968,0.03,0.102,0.14,7.607,7.636,0.785,6.965,3.61,0.044,0.968,0.03,0.102,0.14,7.607,7.636,0.785,6.965,3.61,4.472
0.044,0.968,0.03,0.102,0.14,7.607,7.636,0.785,6.965,3.61,0.044,0.968,0.03,0.102,0.14,7.607,7.636,0.785,6.965,3.61,4.472
0.044,0.968,0.03,0.102,0.14,7.607,7.636,0.785,6.965,3.61,0.044,0.968,0.03,0.102,0.14,7.607,7.636,0.785,6.965,3.61,4.472
0.044,0.968,0.03,0.102,0.14,7.607,7.636,0.785,6.965,3.61,0.044,0.968,0.03,0.102,0.14,7.607,7.636,0.785,6.965,3.61,4.472

3.522,4.549,0.884,0.975,3.616,1.046,0.266,0.143,0.124,1.013,3.522,4.549,0.884,0.975,3.616,1.046,0.266,0.143,0.124,1.013,25.02
3.355,4.337,0.859,0.904,3.447,1.052,0.266,0.15,0.116,0.998,3.355,4.337,0.859,0.904,3.447,1.052,0.266,0.15,0.116,0.998,27.0
3.388,4.365,0.83,0.946,3.459,1.044,0.269,0.152,0.118,1.004,3.388,4.365,0.83,0.946,3.459,1.044,0.269,0.152,0.118,1.004,23.022
3.539,4.463,0.836,0.917,3.582,1.041,0.262,0.141,0.121,1.001,3.539,4.463,0.836,0.917,3.582,1.041,0.262,0.141,0.121,1.001,25.318
3.498,4.402,0.85,0.919,3.553,1.033,0.252,0.143,0.109,0.984,3.498,4.402,0.85,0.919,3.553,1.033,0.252,0.143,0.109,0.984,23.022
3.242,4.004,0.827,0.848,3.259,1.017,0.273,0.145,0.128,0.959,3.242,4.004,0.827,0.848,3.259,1.017,0.273,0.145,0.128,0.959,25.02
3.301,4.165,0.809,0.838,3.304,1.052,0.266,0.146,0.121,0.995,3.301,4.165,0.809,0.838,3.304,1.052,0.266,0.146,0.121,0.995,28.018
3.378,4.221,0.832,0.903,3.391,1.031,0.27,0.148,0.122,0.984,3.378,4.221,0.832,0.903,3.391,1.031,0.27,0.148,0.122,0.984,28.0
3.392,4.269,0.824,0.9,3.413,1.039,0.273,0.152,0.121,0.995,3.392,4.269,0.824,0.9,3.413,1.039,0.273,0.152,0.121,0.995,26.077
3.282,4.13,0.847,0.944,3.315,1.02,0.272,0.157,0.115,0.973,3.282,4.13,0.847,0.944,3.315,1.02,0.272,0.157,0.115,0.973,24.187
3.141,3.972,0.839,0.891,3.153,1.031,0.275,0.15,0.125,0.973,3.141,3.972,0.839,0.891,3.153,1.031,0.275,0.15,0.125,0.973,22.091
3.386,4.299,0.827,0.923,3.442,1.04,0.283,0.154,0.128,0.996,3.386,4.299,0.827,0.923,3.442,1.04,0.283,0.154,0.128,0.996,24.331
3.282,4.143,0.848,0.898,3.255,1.044,0.254,0.143,0.112,0.992,3.282,4.143,0.848,0.898,3.255,1.044,0.254,0.143,0.112,0.992,24.0
3.337,4.179,0.85,0.882,3.32,1.039,0.264,0.151,0.114,0.993,3.337,4.179,0.85,0.882,3.32,1.039,0.264,0.151,0.114,0.993,22.023
3.348,4.267,0.832,0.936,3.393,1.038,0.281,0.159,0.122,1.0,3.348,4.267,0.832,0.936,3.393,1.038,0.281,0.159,0.122,1.0,25.08
3.255,4.053,0.823,0.905,3.239,1.021,0.266,0.149,0.118,0.974,3.255,4.053,0.823,0.905,3.239,1.021,0.266,0.149,0.118,0.974,22.091
3.351,4.242,0.85,0.962,3.376,1.028,0.275,0.149,0.126,0.993,3.351,4.242,0.85,0.962,3.376,1.028,0.275,0.149,0.126,0.993,23.195
3.226,4.065,0.837,0.91,3.235,1.028,0.265,0.146,0.119,0.975,3.226,4.065,0.837,0.91,3.235,1.028,0.265,0.146,0.119,0.975,21.024
3.205,4.065,0.817,0.883,3.243,1.037,0.275,0.149,0.127,0.976,3.205,4.065,0.817,0.883,3.243,1.037,0.275,0.149,0.127,0.976,24.021
3.152,3.99,0.831,0.889,3.16,1.034,0.279,0.155,0.124,0.98,3.152,3.99,0.831,0.889,3.16,1.034,0.279,0.155,0.124,0.98,26.077
3.293,4.135,0.846,0.91,3.29,1.029,0.268,0.146,0.121,0.986,3.293,4.135,0.846,0.91,3.29,1.029,0.268,0.146,0.121,0.986,24.021

1.315,1.963,0.944,0.965,0.704,1.777,0.654,0.312,0.343,1.378,1.315,1.963,0.944,0.965,0.704,1.777,0.654,0.312,0.343,1.378,49.254
1.339,1.985,0.94,0.969,0.712,1.797,0.643,0.319,0.325,1.397,1.339,1.985,0.94,0.969,0.712,1.797,0.643,0.319,0.325,1.397,48.508
1.344,1.962,0.942,0.95,0.736,1.714,0.618,0.306,0.313,1.318,1.344,1.962,0.942,0.95,0.736,1.714,0.618,0.306,0.313,1.318,46.011
1.336,1.994,0.943,0.967,0.712,1.791,0.646,0.317,0.33,1.405,1.336,1.994,0.943,0.967,0.712,1.791,0.646,0.317,0.33,1.405,47.096
1.336,1.959,0.932,0.944,0.736,1.714,0.625,0.306,0.32,1.313,1.336,1.959,0.932,0.944,0.736,1.714,0.625,0.306,0.32,1.313,44.181
1.308,1.932,0.934,0.936,0.692,1.785,0.646,0.313,0.334,1.359,1.308,1.932,0.934,0.936,0.692,1.785,0.646,0.313,0.334,1.359,38.471
1.316,1.939,0.934,0.945,0.721,1.721,0.625,0.306,0.32,1.315,1.316,1.939,0.934,0.945,0.721,1.721,0.625,0.306,0.32,1.315,44.181
1.28,1.944,0.933,0.945,0.683,1.812,0.641,0.323,0.32,1.395,1.28,1.944,0.933,0.945,0.683,1.812,0.641,0.323,0.32,1.395,46.39
1.287,1.902,0.942,0.939,0.669,1.789,0.638,0.322,0.316,1.363,1.287,1.902,0.942,0.939,0.669,1.789,0.638,0.322,0.316,1.363,46.325
1.287,1.966,0.942,0.949,0.714,1.766,0.627,0.295,0.332,1.364,1.287,1.966,0.942,0.949,0.714,1.766,0.627,0.295,0.332,1.364,45.011
1.316,1.922,0.938,0.933,0.726,1.695,0.629,0.308,0.321,1.28,1.316,1.922,0.938,0.933,0.726,1.695,0.629,0.308,0.321,1.28,41.012
1.256,1.888,0.92,0.921,0.661,1.807,0.672,0.322,0.352,1.354,1.256,1.888,0.92,0.921,0.661,1.807,0.672,0.322,0.352,1.354,39.0
1.309,2.006,0.929,0.934,0.692,1.865,0.633,0.309,0.325,1.463,1.309,2.006,0.929,0.934,0.692,1.865,0.633,0.309,0.325,1.463,38.21
1.266,1.933,0.924,0.924,0.65,1.898,0.678,0.331,0.348,1.446,1.266,1.933,0.924,0.924,0.65,1.898,0.678,0.331,0.348,1.446,40.608
1.327,1.974,0.926,0.937,0.698,1.778,0.626,0.294,0.334,1.401,1.327,1.974,0.926,0.937,0.698,1.778,0.626,0.294,0.334,1.401,41.049
1.294,1.891,0.917,0.921,0.727,1.659,0.644,0.309,0.336,1.231,1.294,1.891,0.917,0.921,0.727,1.659,0.644,0.309,0.336,1.231,46.098
1.298,1.921,0.935,0.933,0.703,1.728,0.624,0.308,0.316,1.32,1.298,1.921,0.935,0.933,0.703,1.728,0.624,0.308,0.316,1.32,45.011
1.324,1.948,0.935,0.948,0.703,1.742,0.605,0.29,0.316,1.361,1.324,1.948,0.935,0.948,0.703,1.742,0.605,0.29,0.316,1.361,44.181
1.307,1.973,0.922,0.934,0.692,1.824,0.642,0.311,0.334,1.414,1.307,1.973,0.922,0.934,0.692,1.824,0.642,0.311,0.334,1.414,41.012
1.293,1.904,0.935,0.929,0.699,1.712,0.615,0.304,0.311,1.304,1.293,1.904,0.935,0.929,0.699,1.712,0.615,0.304,0.311,1.304,45.044
1.271,1.936,0.928,0.937,0.666,1.839,0.683,0.319,0.365,1.411,1.271,1.936,0.928,0.937,0.666,1.839,0.683,0.319,0.365,1.411,47.096

2.654,3.838,0.748,0.977,2.648,1.176,0.348,0.195,0.167,1.098,2.654,3.838,0.748,0.977,2.648,1.176,0.348,0.195,0.167,1.098,226.153
2.821,4.084,0.811,0.965,2.753,1.217,0.302,0.157,0.15,1.135,2.821,4.084,0.811,0.965,2.753,1.217,0.302,0.157,0.15,1.135,213.002
2.821,4.084,0.811,0.965,2.753,1.217,0.302,0.157,0.15,1.135,2.821,4.084,0.811,0.965,2.753,1.217,0.302,0.157,0.15,1.135,213.002
2.821,4.084,0.811,0.965,2.753,1.217,0.302,0.157,0.15,1.135,2.821,4.084,0.811,0.965,2.753,1.217,0.302,0.157,0.15,1.135,213.002
2.821,4.084,0.811,0.965,2.753,1.217,0.302,0.157,0.15,1.135,2.821,4.084,0.811,0.965,2.753,1.217,0.302,0.157,0.15,1.135,213.002
2.821,4.084,0.811,0.965,2.753,1.217,0.302,0.157,0.15,1.135,2.821,4.084,0.811,0.965,2.753,1.217,0.302,0.157,0.15,1.135,213.002
2.821,4.084,0.811,0.965,2.753,1.217,0.302,0.157,0.15,1.135,2.821,4.084,0.811,0.965,2.753,1.217,0.302,0.157,0.15,1.135,213.002
2.821,4.084,0.811,0.965,2.753,1.217,0.302,0.157,0.15,1.135,2.821,4.084,0.811,0.965,2.753,1.217,0.302,0.157,0.15,1.135,213.002
2.821,4.084,0.811,0.965,2.753,1.217,0.302,0.157,0.15,1.135,2.821,4.084,0.811,0.965,2.753,1.217,0.302,0.157,0.15,1.135,213.002
2.821,4.084,0.811,0.965,2.753,1.217,0.302,0.157,0.15,1.135,2.821,4.084,0.811,0.965,2.753,1.217,0.302,0.157,0.15,1.135,213.002
2.821,4.084,0.811,0.965,2.753,1.217,0.302,0.157,0.15,1.135,2.821,4.084,0.811,0.965,2.753,1.217,0.302,0.157,0.15,1.135,213.002
2.821,4.084,0.811,0.965,2.753,1.217,0.302,0.157,0.15,1.135,2.821,4.084,0.811,0.965,2.753,1.217,0.302,0.157,0.15,1.135,213.002
2.821,4.084,0.811,0.965,2.753,1.217,0.302,0.157,0.15,1.135,2.821,4.084,0.811,0.965,2.753,1.217,0.302,0.157,0.15,1.135,213.002
2.821,4.084,0.811,0.965,2.753,1.217,0.302,0.157,0.15,1.135,2.821,4.084,0.811,0.965,2.753,1.217,0.302,0.157,0.15,1.135,213.002
2.821,4.084,0.811,0.965,2.753,1.217,0.302,0.157,0.15,1.135,2.821,4.084,0.811,0.965,2.753,1.217,0.302,0.157,0.15,1.135,213.002
2.821,4.084,0.811,0.965,2.753,1.217,0.302,0.157,0.15,1.135,2.821,4.084,0.811,0.965,2.753,1.217,0.302,0.157,0.15,1.135,213.002
2.821,4.084,0.811,0.965,2.753,1.217,0.302,0.157,0.15,1.135,2.821,4.084,0.811,0.965,2.753,1.217,0.302,0.157,0.15,1.135,213.002
2.821,4.084,0.811,0.965,2.753,1.217,0.302,0.157,0.15,1.135,2.821,4.084,0.811,0.965,2.753,1.217,0.302,0.157,0.15,1.135,213.002
2.821,4.084,0.811,0.965,2.753,1.217,0.302,0.157,0.15,1.135,2.821,4.084,0.811,0.965,2.753,1.217,0.302,0.157,0.15,1.135,213.002
2.821,4.084,0.811,0.965,2.753,1.217,0.302,0.157,0.15,1.135,2.821,4.084,0.811,0.965,2.753,1.217,0.302,0.157,0.15,1.135,213.002
1.021,1.065,0.909,0.825,0.8,0.707,0.484,0.229,0.258,0.234,1.021,1.065,0.909,0.825,0.8,0.707,0.484,0.229,0.258,0.234,236.381

2.903,4.04,0.738,0.866,2.902,1.166,0.324,0.177,0.151,1.084,2.903,4.04,0.738,0.866,2.902,1.166,0.324,0.177,0.151,1.084,107.056
2.978,4.193,0.738,0.88,2.994,1.181,0.321,0.173,0.153,1.102,2.978,4.193,0.738,0.88,2.994,1.181,0.321,0.173,0.153,1.102,110.635
2.841,3.999,0.746,0.883,2.843,1.173,0.329,0.172,0.161,1.089,2.841,3.999,0.746,0.883,2.843,1.173,0.329,0.172,0.161,1.089,108.374
2.92,4.13,0.724,0.889,2.935,1.18,0.327,0.176,0.157,1.103,2.92,4.13,0.724,0.889,2.935,1.18,0.327,0.176,0.157,1.103,108.977
2.912,4.101,0.731,0.896,2.95,1.168,0.334,0.178,0.161,1.089,2.912,4.101,0.731,0.896,2.95,1.168,0.334,0.178,0.161,1.089,107.517
3.092,4.422,0.745,0.95,3.169,1.181,0.324,0.171,0.158,1.114,3.092,4.422,0.745,0.95,3.169,1.181,0.324,0.171,0.158,1.114,106.775
3.004,4.302,0.739,0.939,3.092,1.18,0.338,0.189,0.154,1.104,3.004,4.302,0.739,0.939,3.092,1.18,0.338,0.189,0.154,1.104,107.48
3.13,4.405,0.73,0.948,3.243,1.157,0.337,0.179,0.162,1.091,3.13,4.405,0.73,0.948,3.243,1.157,0.337,0.179,0.162,1.091,107.517
3.004,4.271,0.748,0.958,3.106,1.162,0.342,0.188,0.158,1.091,3.004,4.271,0.748,0.958,3.106,1.162,0.342,0.188,0.158,1.091,108.245
2.971,4.197,0.724,0.93,3.044,1.162,0.337,0.185,0.158,1.087,2.971,4.197,0.724,0.93,3.044,1.162,0.337,0.185,0.158,1.087,108.904
3.004,4.26,0.757,0.921,3.123,1.164,0.342,0.181,0.162,1.082,3.004,4.26,0.757,0.921,3.123,1.164,0.342,0.181,0.162,1.082,109.659
2.979,4.171,0.751,0.895,3.03,1.162,0.327,0.171,0.159,1.083,2.979,4.171,0.751,0.895,3.03,1.162,0.327,0.171,0.159,1.083,110.39
2.916,4.097,0.72,0.867,2.994,1.163,0.337,0.184,0.157,1.074,2.916,4.097,0.72,0.867,2.994,1.163,0.337,0.184,0.157,1.074,108.977
2.994,4.287,0.721,0.949,3.075,1.177,0.337,0.185,0.159,1.103,2.994,4.287,0.721,0.949,3.075,1.177,0.337,0.185,0.159,1.103,108.931
2.912,4.185,0.789,0.975,3.031,1.161,0.342,0.18,0.164,1.081,2.912,4.185,0.789,0.975,3.031,1.161,0.342,0.18,0.164,1.081,109.622
2.92,4.133,0.754,0.894,2.984,1.169,0.335,0.179,0.158,1.087,2.92,4.133,0.754,0.894,2.984,1.169,0.335,0.179,0.158,1.087,108.931
2.956,4.244,0.751,0.94,3.004,1.185,0.332,0.182,0.155,1.114,2.956,4.244,0.751,0.94,3.004,1.185,0.332,0.182,0.155,1.114,111.072
2.841,3.982,0.71,0.853,2.882,1.167,0.337,0.181,0.162,1.073,2.841,3.982,0.71,0.853,2.882,1.167,0.337,0.181,0.162,1.073,108.245
2.937,4.116,0.746,0.877,2.997,1.165,0.328,0.178,0.153,1.073,2.937,4.116,0.746,0.877,2.997,1.165,0.328,0.178,0.153,1.073,109.713
2.952,4.137,0.738,0.896,2.98,1.166,0.328,0.179,0.153,1.09,2.952,4.137,0.738,0.896,2.98,1.166,0.328,0.179,0.153,1.09,109.713
2.972,4.185,0.71,0.904,3.025,1.169,0.327,0.174,0.16,1.086,2.972,4.185,0.71,0.904,3.025,1.169,0.327,0.174,0.16,1.086,109.786

0.693,0.993,0.87,0.615,0.323,1.325,1.276,0.848,0.428,0.218,0.693,0.993,0.87,0.615,0.323,1.325,1.276,0.848,0.428,0.218,102.357
0.629,0.979,0.861,0.616,0.388,1.107,1.071,0.691,0.38,0.247,0.629,0.979,0.861,0.616,0.388,1.107,1.071,0.691,0.38,0.247,84.593
0.669,0.968,0.862,0.626,0.337,1.208,1.207,0.776,0.431,0.26,0.669,0.968,0.862,0.626,0.337,1.208,1.207,0.776,0.431,0.26,98.489
0.655,0.975,0.871,0.621,0.339,1.288,1.225,0.814,0.412,0.345,0.655,0.975,0.871,0.621,0.339,1.288,1.225,0.814,0.412,0.345,99.464
0.686,0.964,0.873,0.617,0.33,1.224,1.254,0.836,0.42,0.229,0.686,0.964,0.873,0.617,0.33,1.224,1.254,0.836,0.42,0.229,101.139
0.678,0.99,0.862,0.61,0.348,1.264,1.213,0.803,0.411,0.233,0.678,0.99,0.862,0.61,0.348,1.264,1.213,0.803,0.411,0.233,100.896
0.649,0.974,0.872,0.628,0.307,1.29,1.296,0.857,0.439,0.233,0.649,0.974,0.872,0.628,0.307,1.29,1.296,0.857,0.439,0.233,99.04
0.619,0.975,0.87,0.618,0.358,1.176,1.163,0.782,0.381,0.229,0.619,0.975,0.87,0.618,0.358,1.176,1.163,0.782,0.381,0.229,92.542
0.693,0.974,0.866,0.619,0.33,1.232,1.234,0.806,0.428,0.234,0.693,0.974,0.866,0.619,0.33,1.232,1.234,0.806,0.428,0.234,101.139
0.652,0.977,0.871,0.622,0.346,1.22,1.193,0.803,0.391,0.247,0.652,0.977,0.871,0.622,0.346,1.22,1.193,0.803,0.391,0.247,97.082
0.629,0.97,0.871,0.621,0.376,1.112,1.107,0.743,0.364,0.22,0.629,0.97,0.871,0.621,0.376,1.112,1.107,0.743,0.364,0.22,89.944
0.657,0.965,0.869,0.625,0.327,1.232,1.252,0.821,0.431,0.241,0.657,0.965,0.869,0.625,0.327,1.232,1.252,0.821,0.431,0.241,99.04
0.613,0.964,0.877,0.62,0.374,1.124,1.117,0.769,0.348,0.262,0.613,0.964,0.877,0.62,0.374,1.124,1.117,0.769,0.348,0.262,90.554
0.653,0.971,0.873,0.623,0.325,1.258,1.257,0.842,0.415,0.252,0.653,0.971,0.873,0.623,0.325,1.258,1.257,0.842,0.415,0.252,98.656
0.658,0.984,0.866,0.614,0.345,1.258,1.224,0.81,0.414,0.219,0.658,0.984,0.866,0.614,0.345,1.258,1.224,0.81,0.414,0.219,98.717
0.646,0.97,0.871,0.626,0.31,1.27,1.294,0.868,0.428,0.219,0.646,0.97,0.871,0.626,0.31,1.27,1.294,0.868,0.428,0.219,99.04
0.656,0.974,0.874,0.623,0.317,1.309,1.298,0.876,0.422,0.253,0.656,0.974,0.874,0.623,0.317,1.309,1.298,0.876,0.422,0.253,101.203
0.656,0.985,0.867,0.619,0.319,1.321,1.298,0.865,0.434,0.202,0.656,0.985,0.867,0.619,0.319,1.321,1.298,0.865,0.434,0.202,101.98
0.646,0.971,0.87,0.615,0.304,1.363,1.377,0.922,0.455,0.236,0.646,0.971,0.87,0.615,0.304,1.363,1.377,0.922,0.455,0.236,102.772
0.682,0.991,0.867,0.613,0.326,1.318,1.289,0.861,0.428,0.166,0.682,0.991,0.867,0.613,0.326,1.318,1.289,0.861,0.428,0.166,102.489
0.658,0.976,0.879,0.623,0.298,1.358,1.364,0.937,0.427,0.219,0.658,0.976,0.879,0.623,0.298,1.358,1.364,0.937,0.427,0.219,104.139

