F1,F2,F3,F4,F5,F6,F7,F8,F9,F10,F11,F12,F13,F14,F15,F16,F17,F18,F19,F20,F21,Alphabet
2.122,1.155,0.945,0.975,2.166,0.433,0.3,0.146,0.154,0.134,2.122,1.155,0.945,0.975,2.166,0.433,0.3,0.146,0.154,0.134,15.524,A
2.127,1.149,0.95,0.982,2.168,0.431,0.292,0.139,0.153,0.139,2.127,1.149,0.95,0.982,2.168,0.431,0.292,0.139,0.153,0.139,15.811,A
2.132,1.149,0.95,0.985,2.179,0.435,0.296,0.144,0.152,0.139,2.132,1.149,0.95,0.985,2.179,0.435,0.296,0.144,0.152,0.139,16.492,A
1.996,1.13,0.936,0.95,2.011,0.444,0.302,0.141,0.161,0.142,1.996,1.13,0.936,0.95,2.011,0.444,0.302,0.141,0.161,0.142,18.439,A
2.115,1.156,0.954,1.016,2.17,0.441,0.295,0.141,0.153,0.146,2.115,1.156,0.954,1.016,2.17,0.441,0.295,0.141,0.153,0.146,19.313,A
1.858,1.138,0.815,0.784,1.52,0.471,0.327,0.149,0.183,0.144,1.858,1.138,0.815,0.784,1.52,0.471,0.327,0.149,0.183,0.144,32.062,A
2.11,1.156,0.931,0.952,2.118,0.428,0.292,0.143,0.149,0.136,2.11,1.156,0.931,0.952,2.118,0.428,0.292,0.143,0.149,0.136,14.56,A
2.107,1.147,0.949,0.976,2.13,0.431,0.292,0.139,0.153,0.139,2.107,1.147,0.949,0.976,2.13,0.431,0.292,0.139,0.153,0.139,17.72,A
2.135,1.149,0.945,0.97,2.154,0.43,0.293,0.143,0.15,0.137,2.135,1.149,0.945,0.97,2.154,0.43,0.293,0.143,0.15,0.137,15.524,A
2.138,1.152,0.945,0.952,2.14,0.425,0.285,0.139,0.147,0.139,2.138,1.152,0.945,0.952,2.14,0.425,0.285,0.139,0.147,0.139,14.866,A
2.119,1.159,0.962,0.987,2.142,0.44,0.294,0.146,0.149,0.146,2.119,1.159,0.962,0.987,2.142,0.44,0.294,0.146,0.149,0.146,19.416,A
2.107,1.151,0.945,0.992,2.155,0.444,0.305,0.146,0.159,0.139,2.107,1.151,0.945,0.992,2.155,0.444,0.305,0.146,0.159,0.139,17.464,A
2.081,1.142,0.954,0.973,2.103,0.433,0.293,0.14,0.154,0.14,2.081,1.142,0.954,0.973,2.103,0.433,0.293,0.14,0.154,0.14,18.439,A
2.124,1.139,0.951,0.961,2.128,0.419,0.285,0.139,0.147,0.133,2.124,1.139,0.951,0.961,2.128,0.419,0.285,0.139,0.147,0.133,18.682,A
2.105,1.164,0.952,0.971,2.126,0.439,0.293,0.14,0.154,0.146,2.105,1.164,0.952,0.971,2.126,0.439,0.293,0.14,0.154,0.146,18.682,A
2.116,1.147,0.949,0.976,2.128,0.431,0.292,0.139,0.153,0.139,2.116,1.147,0.949,0.976,2.128,0.431,0.292,0.139,0.153,0.139,19.647,A
2.062,1.14,0.952,0.981,2.081,0.437,0.298,0.145,0.153,0.139,2.062,1.14,0.952,0.981,2.081,0.437,0.298,0.145,0.153,0.139,20.248,A
2.055,1.139,0.95,0.963,2.058,0.434,0.296,0.144,0.152,0.139,2.055,1.139,0.95,0.963,2.058,0.434,0.296,0.144,0.152,0.139,18.439,A
2.09,1.158,0.952,0.971,2.117,0.441,0.298,0.148,0.15,0.143,2.09,1.158,0.952,0.971,2.117,0.441,0.298,0.148,0.15,0.143,15.811,A
2.049,1.148,0.95,0.977,2.058,0.44,0.302,0.151,0.152,0.138,2.049,1.148,0.95,0.977,2.058,0.44,0.302,0.151,0.152,0.138,19.416,A
2.093,1.152,0.95,0.98,2.117,0.441,0.296,0.144,0.152,0.144,2.093,1.152,0.95,0.98,2.117,0.441,0.296,0.144,0.152,0.144,18.682,A
0.98,1.036,0.963,0.888,0.211,0.718,0.533,0.362,0.176,0.236,0.98,1.036,0.963,0.888,0.211,0.718,0.533,0.362,0.176,0.236,14.765,B
0.966,1.036,0.963,0.902,0.193,0.71,0.51,0.325,0.194,0.26,0.966,1.036,0.963,0.902,0.193,0.71,0.51,0.325,0.194,0.26,15.524,B
0.975,1.036,0.968,0.903,0.191,0.723,0.51,0.338,0.183,0.235,0.975,1.036,0.968,0.903,0.191,0.723,0.51,0.338,0.183,0.235,13.342,B
0.977,1.036,0.961,0.882,0.21,0.753,0.565,0.377,0.196,0.216,0.977,1.036,0.961,0.882,0.21,0.753,0.565,0.377,0.196,0.216,15.264,B
0.976,1.029,0.961,0.875,0.22,0.72,0.57,0.392,0.188,0.188,0.976,1.029,0.961,0.875,0.22,0.72,0.57,0.392,0.188,0.188,14.765,B
0.962,1.02,0.961,0.863,0.22,0.723,0.625,0.452,0.188,0.144,0.962,1.02,0.961,0.863,0.22,0.723,0.625,0.452,0.188,0.144,12.649,B
0.955,1.027,0.961,0.876,0.201,0.765,0.618,0.425,0.204,0.175,0.955,1.027,0.961,0.876,0.201,0.765,0.618,0.425,0.204,0.175,14.318,B
0.969,1.029,0.96,0.868,0.214,0.769,0.618,0.431,0.212,0.193,0.969,1.029,0.96,0.868,0.214,0.769,0.618,0.431,0.212,0.193,14.318,B
0.969,1.027,0.953,0.86,0.218,0.784,0.647,0.427,0.234,0.162,0.969,1.027,0.953,0.86,0.218,0.784,0.647,0.427,0.234,0.162,14.56,B
0.956,1.02,0.961,0.86,0.204,0.806,0.691,0.496,0.202,0.155,0.956,1.02,0.961,0.86,0.204,0.806,0.691,0.496,0.202,0.155,14.318,B
0.968,1.02,0.969,0.876,0.223,0.657,0.556,0.419,0.142,0.142,0.968,1.02,0.969,0.876,0.223,0.657,0.556,0.419,0.142,0.142,13,B
0.945,1.019,0.959,0.873,0.2,0.746,0.64,0.432,0.227,0.128,0.945,1.019,0.959,0.873,0.2,0.746,0.64,0.432,0.227,0.128,13.928,B
0.966,1.026,0.966,0.872,0.219,0.718,0.591,0.431,0.185,0.139,0.966,1.026,0.966,0.872,0.219,0.718,0.591,0.431,0.185,0.139,13,B
0.968,1.019,0.968,0.888,0.217,0.618,0.52,0.368,0.164,0.119,0.968,1.019,0.968,0.888,0.217,0.618,0.52,0.368,0.164,0.119,14.318,B
0.97,1.02,0.968,0.881,0.214,0.67,0.558,0.405,0.167,0.149,0.97,1.02,0.968,0.881,0.214,0.67,0.558,0.405,0.167,0.149,13.892,B
0.969,1.028,0.967,0.879,0.217,0.7,0.558,0.405,0.167,0.167,0.969,1.028,0.967,0.879,0.217,0.7,0.558,0.405,0.167,0.167,12.083,B
0.98,1.028,0.967,0.892,0.219,0.641,0.495,0.34,0.167,0.167,0.98,1.028,0.967,0.892,0.219,0.641,0.495,0.34,0.167,0.167,11.705,B
0.999,1.038,0.976,0.896,0.233,0.631,0.449,0.346,0.113,0.226,0.999,1.038,0.976,0.896,0.233,0.631,0.449,0.346,0.113,0.226,11.18,B
0.984,1.038,0.969,0.889,0.215,0.708,0.515,0.372,0.151,0.243,0.984,1.038,0.969,0.889,0.215,0.708,0.515,0.372,0.151,0.243,12.083,B
0.981,1.027,0.961,0.881,0.221,0.677,0.54,0.36,0.188,0.161,0.981,1.027,0.961,0.881,0.221,0.677,0.54,0.36,0.188,0.161,10.817,B
0.976,1.029,0.961,0.883,0.216,0.689,0.54,0.362,0.191,0.191,0.976,1.029,0.961,0.883,0.216,0.689,0.54,0.362,0.191,0.191,12.083,B
0.866,0.972,1,0.948,0.336,0.086,0.189,0.189,0,0.103,0.866,0.972,1,0.948,0.336,0.086,0.189,0.189,0,0.103,1.414,C
0.866,0.972,1,0.948,0.336,0.086,0.189,0.189,0,0.103,0.866,0.972,1,0.948,0.336,0.086,0.189,0.189,0,0.103,1.414,C
0.782,1.001,1.002,0.931,0.411,0.176,0.197,0.187,0.037,0.059,0.782,1.001,1.002,0.931,0.411,0.176,0.197,0.187,0.037,0.059,12.042,C
0.782,1.001,1.002,0.931,0.411,0.176,0.197,0.187,0.037,0.059,0.782,1.001,1.002,0.931,0.411,0.176,0.197,0.187,0.037,0.059,12.042,C
0.759,0.993,0.992,0.893,0.24,0.416,0.508,0.501,0.059,0.291,0.759,0.993,0.992,0.893,0.24,0.416,0.508,0.501,0.059,0.291,43.139,C
0.859,0.971,0.997,0.923,0.337,0.151,0.233,0.22,0.019,0.086,0.859,0.971,0.997,0.923,0.337,0.151,0.233,0.22,0.019,0.086,0,C
0.859,0.971,0.997,0.923,0.337,0.151,0.233,0.22,0.019,0.086,0.859,0.971,0.997,0.923,0.337,0.151,0.233,0.22,0.019,0.086,0,C
0.796,0.995,1.003,0.894,0.436,0.297,0.366,0.346,0.037,0.093,0.796,0.995,1.003,0.894,0.436,0.297,0.366,0.346,0.037,0.093,14.318,C
0.861,0.979,0.984,0.928,0.325,0.17,0.242,0.183,0.063,0.071,0.861,0.979,0.984,0.928,0.325,0.17,0.242,0.183,0.063,0.071,2,C
0.861,0.979,0.984,0.928,0.325,0.17,0.242,0.183,0.063,0.071,0.861,0.979,0.984,0.928,0.325,0.17,0.242,0.183,0.063,0.071,2,C
0.719,0.992,0.995,0.87,0.222,0.579,0.652,0.644,0.033,0.12,0.719,0.992,0.995,0.87,0.222,0.579,0.652,0.644,0.033,0.12,53.413,C
0.863,0.979,1,0.946,0.339,0.126,0.171,0.171,0,0.063,0.863,0.979,1,0.946,0.339,0.126,0.171,0.171,0,0.063,1,C
0.863,0.979,1,0.946,0.339,0.126,0.171,0.171,0,0.063,0.863,0.979,1,0.946,0.339,0.126,0.171,0.171,0,0.063,1,C
0.694,0.98,0.985,0.875,0.181,0.621,0.854,0.815,0.095,0.308,0.694,0.98,0.985,0.875,0.181,0.621,0.854,0.815,0.095,0.308,75.166,C
0.855,0.983,0.989,0.899,0.397,0.228,0.278,0.245,0.034,0.051,0.855,0.983,0.989,0.899,0.397,0.228,0.278,0.245,0.034,0.051,2.236,C
0.855,0.983,0.989,0.899,0.397,0.228,0.278,0.245,0.034,0.051,0.855,0.983,0.989,0.899,0.397,0.228,0.278,0.245,0.034,0.051,2.236,C
0.675,0.975,0.993,0.869,0.195,0.626,0.672,0.639,0.177,0.302,0.675,0.975,0.993,0.869,0.195,0.626,0.672,0.639,0.177,0.302,78.102,C
0.878,0.992,0.983,0.894,0.366,0.282,0.314,0.26,0.055,0.041,0.878,0.992,0.983,0.894,0.366,0.282,0.314,0.26,0.055,0.041,2.236,C
0.878,0.992,0.983,0.894,0.366,0.282,0.314,0.26,0.055,0.041,0.878,0.992,0.983,0.894,0.366,0.282,0.314,0.26,0.055,0.041,2.236,C
0.677,0.975,0.99,0.895,0.218,0.566,0.571,0.452,0.19,0.18,0.677,0.975,0.99,0.895,0.218,0.566,0.571,0.452,0.19,0.18,74.404,C
0.83,0.993,0.985,0.924,0.388,0.187,0.218,0.18,0.04,0.04,0.83,0.993,0.985,0.924,0.388,0.187,0.218,0.18,0.04,0.04,7.071,C
1.3,2.183,0.51,0.305,1.009,1.964,0.699,0.209,0.49,1.835,1.3,2.183,0.51,0.305,1.009,1.964,0.699,0.209,0.49,1.835,66.272,D
1.29,2.148,0.518,0.31,1.002,1.96,0.694,0.209,0.484,1.831,1.29,2.148,0.518,0.31,1.002,1.96,0.694,0.209,0.484,1.831,66.37,D
1.301,2.152,0.507,0.291,1.027,1.919,0.696,0.213,0.483,1.781,1.301,2.152,0.507,0.291,1.027,1.919,0.696,0.213,0.483,1.781,65.49,D
1.273,2.136,0.527,0.309,0.984,1.981,0.706,0.223,0.484,1.837,1.273,2.136,0.527,0.309,0.984,1.981,0.706,0.223,0.484,1.837,67.602,D
1.304,2.148,0.509,0.292,1.031,1.908,0.694,0.213,0.481,1.78,1.304,2.148,0.509,0.292,1.031,1.908,0.694,0.213,0.481,1.78,64.777,D
1.329,2.195,0.5,0.269,1.074,1.88,0.689,0.218,0.471,1.753,1.329,2.195,0.5,0.269,1.074,1.88,0.689,0.218,0.471,1.753,61.66,D
1.316,2.176,0.504,0.285,1.048,1.904,0.689,0.212,0.477,1.777,1.316,2.176,0.504,0.285,1.048,1.904,0.689,0.212,0.477,1.777,63.285,D
1.311,2.221,0.543,0.319,1.015,2.005,0.675,0.223,0.453,1.866,1.311,2.221,0.543,0.319,1.015,2.005,0.675,0.223,0.453,1.866,66.272,D
1.298,2.138,0.505,0.291,1.023,1.906,0.7,0.212,0.489,1.767,1.298,2.138,0.505,0.291,1.023,1.906,0.7,0.212,0.489,1.767,63.285,D
1.287,2.13,0.537,0.316,0.991,1.953,0.695,0.226,0.47,1.815,1.287,2.13,0.537,0.316,0.991,1.953,0.695,0.226,0.47,1.815,66.483,D
1.321,2.104,0.509,0.317,1.028,1.865,0.667,0.188,0.479,1.708,1.321,2.104,0.509,0.317,1.028,1.865,0.667,0.188,0.479,1.708,65.765,D
1.315,2.13,0.524,0.315,1.026,1.901,0.67,0.206,0.464,1.745,1.315,2.13,0.524,0.315,1.026,1.901,0.67,0.206,0.464,1.745,66.753,D
1.292,2.117,0.517,0.315,0.995,1.93,0.693,0.205,0.488,1.768,1.292,2.117,0.517,0.315,0.995,1.93,0.693,0.205,0.488,1.768,67.742,D
1.329,2.134,0.52,0.315,1.036,1.876,0.665,0.2,0.465,1.718,1.329,2.134,0.52,0.315,1.036,1.876,0.665,0.2,0.465,1.718,65.924,D
1.3,2.119,0.526,0.313,1.007,1.916,0.687,0.213,0.473,1.766,1.3,2.119,0.526,0.313,1.007,1.916,0.687,0.213,0.473,1.766,67.742,D
1.304,2.112,0.531,0.325,1.01,1.915,0.669,0.204,0.465,1.752,1.304,2.112,0.531,0.325,1.01,1.915,0.669,0.204,0.465,1.752,66.753,D
1.285,2.112,0.508,0.313,0.988,1.941,0.699,0.198,0.501,1.79,1.285,2.112,0.508,0.313,0.988,1.941,0.699,0.198,0.501,1.79,69.584,D
1.281,2.161,0.527,0.315,0.992,1.994,0.693,0.214,0.48,1.825,1.281,2.161,0.527,0.315,0.992,1.994,0.693,0.214,0.48,1.825,67.268,D
1.28,2.145,0.511,0.304,0.991,1.965,0.709,0.211,0.498,1.819,1.28,2.145,0.511,0.304,0.991,1.965,0.709,0.211,0.498,1.819,67.268,D
1.275,2.098,0.515,0.303,0.99,1.932,0.708,0.217,0.492,1.774,1.275,2.098,0.515,0.303,0.99,1.932,0.708,0.217,0.492,1.774,66.91,D
1.292,2.157,0.526,0.317,0.995,1.97,0.693,0.213,0.481,1.834,1.292,2.157,0.526,0.317,0.995,1.97,0.693,0.213,0.481,1.834,65.49,D
0.339,0.921,0.929,0.709,0.376,0.898,0.911,0.63,0.334,0.353,0.339,0.921,0.929,0.709,0.376,0.898,0.911,0.63,0.334,0.353,19.698,E
0.339,0.921,0.929,0.709,0.376,0.898,0.911,0.63,0.334,0.353,0.339,0.921,0.929,0.709,0.376,0.898,0.911,0.63,0.334,0.353,19.698,E
0.339,0.921,0.929,0.709,0.376,0.898,0.911,0.63,0.334,0.353,0.339,0.921,0.929,0.709,0.376,0.898,0.911,0.63,0.334,0.353,19.698,E
0.331,0.93,0.916,0.57,0.253,1.894,1.964,1.471,0.624,0.486,0.331,0.93,0.916,0.57,0.253,1.894,1.964,1.471,0.624,0.486,24.698,E
0.331,0.93,0.916,0.57,0.253,1.894,1.964,1.471,0.624,0.486,0.331,0.93,0.916,0.57,0.253,1.894,1.964,1.471,0.624,0.486,24.698,E
0.331,0.93,0.916,0.57,0.253,1.894,1.964,1.471,0.624,0.486,0.331,0.93,0.916,0.57,0.253,1.894,1.964,1.471,0.624,0.486,24.698,E
0.331,0.93,0.916,0.57,0.253,1.894,1.964,1.471,0.624,0.486,0.331,0.93,0.916,0.57,0.253,1.894,1.964,1.471,0.624,0.486,24.698,E
0.331,0.93,0.916,0.57,0.253,1.894,1.964,1.471,0.624,0.486,0.331,0.93,0.916,0.57,0.253,1.894,1.964,1.471,0.624,0.486,24.698,E
0.332,0.929,0.89,0.475,0.149,3.526,3.734,2.85,1.097,0.987,0.332,0.929,0.89,0.475,0.149,3.526,3.734,2.85,1.097,0.987,21.633,E
0.332,0.929,0.89,0.475,0.149,3.526,3.734,2.85,1.097,0.987,0.332,0.929,0.89,0.475,0.149,3.526,3.734,2.85,1.097,0.987,21.633,E
0.332,0.929,0.89,0.475,0.149,3.526,3.734,2.85,1.097,0.987,0.332,0.929,0.89,0.475,0.149,3.526,3.734,2.85,1.097,0.987,21.633,E
0.328,0.932,0.921,0.673,0.347,0.993,1.009,0.721,0.387,0.423,0.328,0.932,0.921,0.673,0.347,0.993,1.009,0.721,0.387,0.423,26.249,E
0.328,0.932,0.921,0.673,0.347,0.993,1.009,0.721,0.387,0.423,0.328,0.932,0.921,0.673,0.347,0.993,1.009,0.721,0.387,0.423,26.249,E
0.337,0.926,0.904,0.598,0.263,1.522,1.617,1.183,0.523,0.547,0.337,0.926,0.904,0.598,0.263,1.522,1.617,1.183,0.523,0.547,21.587,E
0.337,0.926,0.904,0.598,0.263,1.522,1.617,1.183,0.523,0.547,0.337,0.926,0.904,0.598,0.263,1.522,1.617,1.183,0.523,0.547,21.587,E
0.312,0.942,0.893,0.627,0.32,1.336,1.301,0.879,0.473,0.469,0.312,0.942,0.893,0.627,0.32,1.336,1.301,0.879,0.473,0.469,27.731,E
0.312,0.942,0.893,0.627,0.32,1.336,1.301,0.879,0.473,0.469,0.312,0.942,0.893,0.627,0.32,1.336,1.301,0.879,0.473,0.469,27.731,E
0.337,0.948,0.893,0.513,0.185,2.674,2.737,2.08,0.775,0.805,0.337,0.948,0.893,0.513,0.185,2.674,2.737,2.08,0.775,0.805,23.409,E
0.337,0.948,0.893,0.513,0.185,2.674,2.737,2.08,0.775,0.805,0.337,0.948,0.893,0.513,0.185,2.674,2.737,2.08,0.775,0.805,23.409,E
0.348,0.929,0.924,0.674,0.336,1.097,1.131,0.796,0.405,0.355,0.348,0.929,0.924,0.674,0.336,1.097,1.131,0.796,0.405,0.355,19.925,E
0.348,0.929,0.924,0.674,0.336,1.097,1.131,0.796,0.405,0.355,0.348,0.929,0.924,0.674,0.336,1.097,1.131,0.796,0.405,0.355,19.925,E
0.508,1.137,0.49,0.372,0.195,4.261,3.394,0.914,2.613,1.118,0.508,1.137,0.49,0.372,0.195,4.261,3.394,0.914,2.613,1.118,32.558,F
0.365,1.033,0.303,0.151,0.217,4.113,3.932,0.753,3.215,0.623,0.365,1.033,0.303,0.151,0.217,4.113,3.932,0.753,3.215,0.623,31.145,F
0.325,0.975,0.278,0.139,0.186,4.51,4.629,0.768,3.883,0.598,0.325,0.975,0.278,0.139,0.186,4.51,4.629,0.768,3.883,0.598,42.45,F
0.325,0.975,0.278,0.139,0.186,4.51,4.629,0.768,3.883,0.598,0.325,0.975,0.278,0.139,0.186,4.51,4.629,0.768,3.883,0.598,42.45,F
0.325,0.975,0.278,0.139,0.186,4.51,4.629,0.768,3.883,0.598,0.325,0.975,0.278,0.139,0.186,4.51,4.629,0.768,3.883,0.598,42.45,F
0.325,0.975,0.278,0.139,0.186,4.51,4.629,0.768,3.883,0.598,0.325,0.975,0.278,0.139,0.186,4.51,4.629,0.768,3.883,0.598,42.45,F
0.717,0.991,0.763,0.534,0.218,2.738,2.436,1.222,1.216,0.832,0.717,0.991,0.763,0.534,0.218,2.738,2.436,1.222,1.216,0.832,36.235,F
0.371,1.064,0.348,0.175,0.199,4.536,4.178,0.908,3.28,0.737,0.371,1.064,0.348,0.175,0.199,4.536,4.178,0.908,3.28,0.737,29.069,F
0.371,1.064,0.348,0.175,0.199,4.536,4.178,0.908,3.28,0.737,0.371,1.064,0.348,0.175,0.199,4.536,4.178,0.908,3.28,0.737,29.069,F
0.371,1.064,0.348,0.175,0.199,4.536,4.178,0.908,3.28,0.737,0.371,1.064,0.348,0.175,0.199,4.536,4.178,0.908,3.28,0.737,29.069,F
0.371,1.064,0.348,0.175,0.199,4.536,4.178,0.908,3.28,0.737,0.371,1.064,0.348,0.175,0.199,4.536,4.178,0.908,3.28,0.737,29.069,F
0.371,1.064,0.348,0.175,0.199,4.536,4.178,0.908,3.28,0.737,0.371,1.064,0.348,0.175,0.199,4.536,4.178,0.908,3.28,0.737,29.069,F
0.371,1.064,0.348,0.175,0.199,4.536,4.178,0.908,3.28,0.737,0.371,1.064,0.348,0.175,0.199,4.536,4.178,0.908,3.28,0.737,29.069,F
0.371,1.064,0.348,0.175,0.199,4.536,4.178,0.908,3.28,0.737,0.371,1.064,0.348,0.175,0.199,4.536,4.178,0.908,3.28,0.737,29.069,F
0.371,1.064,0.348,0.175,0.199,4.536,4.178,0.908,3.28,0.737,0.371,1.064,0.348,0.175,0.199,4.536,4.178,0.908,3.28,0.737,29.069,F
0.371,1.064,0.348,0.175,0.199,4.536,4.178,0.908,3.28,0.737,0.371,1.064,0.348,0.175,0.199,4.536,4.178,0.908,3.28,0.737,29.069,F
0.371,1.064,0.348,0.175,0.199,4.536,4.178,0.908,3.28,0.737,0.371,1.064,0.348,0.175,0.199,4.536,4.178,0.908,3.28,0.737,29.069,F
0.371,1.064,0.348,0.175,0.199,4.536,4.178,0.908,3.28,0.737,0.371,1.064,0.348,0.175,0.199,4.536,4.178,0.908,3.28,0.737,29.069,F
0.371,1.064,0.348,0.175,0.199,4.536,4.178,0.908,3.28,0.737,0.371,1.064,0.348,0.175,0.199,4.536,4.178,0.908,3.28,0.737,29.069,F
0.371,1.064,0.348,0.175,0.199,4.536,4.178,0.908,3.28,0.737,0.371,1.064,0.348,0.175,0.199,4.536,4.178,0.908,3.28,0.737,29.069,F
0.371,1.064,0.348,0.175,0.199,4.536,4.178,0.908,3.28,0.737,0.371,1.064,0.348,0.175,0.199,4.536,4.178,0.908,3.28,0.737,29.069,F
1.367,1.053,0.894,0.85,0.582,1.045,0.712,0.341,0.371,0.353,1.367,1.053,0.894,0.85,0.582,1.045,0.712,0.341,0.371,0.353,156.541,G
1.355,1.051,0.897,0.853,0.568,1.045,0.707,0.33,0.377,0.359,1.355,1.051,0.897,0.853,0.568,1.045,0.707,0.33,0.377,0.359,153.418,G
1.374,1.062,0.902,0.85,0.598,1.043,0.723,0.362,0.362,0.334,1.374,1.062,0.902,0.85,0.598,1.043,0.723,0.362,0.362,0.334,153.951,G
1.379,1.042,0.906,0.851,0.593,1.007,0.684,0.342,0.342,0.348,1.379,1.042,0.906,0.851,0.593,1.007,0.684,0.342,0.342,0.348,153.473,G
1.368,1.056,0.902,0.857,0.581,1.068,0.728,0.361,0.368,0.357,1.368,1.056,0.902,0.857,0.581,1.068,0.728,0.361,0.368,0.357,151.238,G
1.381,1.051,0.904,0.861,0.588,1.04,0.721,0.357,0.364,0.335,1.381,1.051,0.904,0.861,0.588,1.04,0.721,0.357,0.364,0.335,152.532,G
1.384,1.066,0.902,0.859,0.598,1.063,0.717,0.347,0.37,0.359,1.384,1.066,0.902,0.859,0.598,1.063,0.717,0.347,0.37,0.359,153.951,G
1.371,1.04,0.887,0.844,0.59,1.023,0.695,0.328,0.368,0.358,1.371,1.04,0.887,0.844,0.59,1.023,0.695,0.328,0.368,0.358,153.951,G
1.39,1.059,0.892,0.859,0.605,1.058,0.7,0.341,0.361,0.377,1.39,1.059,0.892,0.859,0.605,1.058,0.7,0.341,0.361,0.377,154.052,G
1.381,1.047,0.896,0.853,0.59,1.06,0.687,0.336,0.352,0.403,1.381,1.047,0.896,0.853,0.59,1.06,0.687,0.336,0.352,0.403,150.233,G
1.394,1.075,0.904,0.849,0.606,1.093,0.691,0.345,0.345,0.423,1.394,1.075,0.904,0.849,0.606,1.093,0.691,0.345,0.345,0.423,149.893,G
1.396,1.064,0.898,0.852,0.61,1.071,0.709,0.351,0.358,0.382,1.396,1.064,0.898,0.852,0.61,1.071,0.709,0.351,0.358,0.382,151.605,G
1.37,1.045,0.892,0.847,0.588,1.047,0.712,0.349,0.364,0.362,1.37,1.045,0.892,0.847,0.588,1.047,0.712,0.349,0.364,0.362,151.793,G
1.362,1.061,0.887,0.837,0.588,1.063,0.724,0.347,0.377,0.359,1.362,1.061,0.887,0.837,0.588,1.063,0.724,0.347,0.377,0.359,152.856,G
1.367,1.057,0.88,0.846,0.587,1.069,0.728,0.343,0.388,0.361,1.367,1.057,0.88,0.846,0.587,1.069,0.728,0.343,0.388,0.361,152.013,G
1.379,1.056,0.887,0.85,0.592,1.047,0.721,0.36,0.364,0.343,1.379,1.056,0.887,0.85,0.592,1.047,0.721,0.36,0.364,0.343,154.019,G
1.385,1.06,0.89,0.848,0.597,1.088,0.724,0.355,0.37,0.386,1.385,1.06,0.89,0.848,0.597,1.088,0.724,0.355,0.37,0.386,151.476,G
1.389,1.065,0.898,0.839,0.616,1.052,0.7,0.334,0.366,0.373,1.389,1.065,0.898,0.839,0.616,1.052,0.7,0.334,0.366,0.373,153.17,G
1.389,1.057,0.89,0.827,0.627,1.033,0.711,0.348,0.363,0.346,1.389,1.057,0.89,0.827,0.627,1.033,0.711,0.348,0.363,0.346,152.463,G
1.374,1.059,0.892,0.847,0.587,1.075,0.72,0.362,0.36,0.375,1.374,1.059,0.892,0.847,0.587,1.075,0.72,0.362,0.36,0.375,153.496,G
1.374,1.055,0.903,0.848,0.591,1.045,0.716,0.358,0.358,0.347,1.374,1.055,0.903,0.848,0.591,1.045,0.716,0.358,0.358,0.347,154.35,G
0.771,1.001,0.904,0.661,0.452,1.006,0.97,0.669,0.316,0.066,0.771,1.001,0.904,0.661,0.452,1.006,0.97,0.669,0.316,0.066,30.887,H
0.771,1.001,0.904,0.661,0.452,1.006,0.97,0.669,0.316,0.066,0.771,1.001,0.904,0.661,0.452,1.006,0.97,0.669,0.316,0.066,30.887,H
0.771,1.001,0.904,0.661,0.452,1.006,0.97,0.669,0.316,0.066,0.771,1.001,0.904,0.661,0.452,1.006,0.97,0.669,0.316,0.066,30.887,H
0.771,1.001,0.904,0.661,0.452,1.006,0.97,0.669,0.316,0.066,0.771,1.001,0.904,0.661,0.452,1.006,0.97,0.669,0.316,0.066,30.887,H
0.771,1.001,0.904,0.661,0.452,1.006,0.97,0.669,0.316,0.066,0.771,1.001,0.904,0.661,0.452,1.006,0.97,0.669,0.316,0.066,30.887,H
0.771,1.001,0.904,0.661,0.452,1.006,0.97,0.669,0.316,0.066,0.771,1.001,0.904,0.661,0.452,1.006,0.97,0.669,0.316,0.066,30.887,H
0.771,1.001,0.904,0.661,0.452,1.006,0.97,0.669,0.316,0.066,0.771,1.001,0.904,0.661,0.452,1.006,0.97,0.669,0.316,0.066,30.887,H
0.771,1.001,0.904,0.661,0.452,1.006,0.97,0.669,0.316,0.066,0.771,1.001,0.904,0.661,0.452,1.006,0.97,0.669,0.316,0.066,30.887,H
0.771,1.001,0.904,0.661,0.452,1.006,0.97,0.669,0.316,0.066,0.771,1.001,0.904,0.661,0.452,1.006,0.97,0.669,0.316,0.066,30.887,H
0.771,1.001,0.904,0.661,0.452,1.006,0.97,0.669,0.316,0.066,0.771,1.001,0.904,0.661,0.452,1.006,0.97,0.669,0.316,0.066,30.887,H
0.771,1.001,0.904,0.661,0.452,1.006,0.97,0.669,0.316,0.066,0.771,1.001,0.904,0.661,0.452,1.006,0.97,0.669,0.316,0.066,30.887,H
0.771,1.001,0.904,0.661,0.452,1.006,0.97,0.669,0.316,0.066,0.771,1.001,0.904,0.661,0.452,1.006,0.97,0.669,0.316,0.066,30.887,H
0.771,1.001,0.904,0.661,0.452,1.006,0.97,0.669,0.316,0.066,0.771,1.001,0.904,0.661,0.452,1.006,0.97,0.669,0.316,0.066,30.887,H
0.771,1.001,0.904,0.661,0.452,1.006,0.97,0.669,0.316,0.066,0.771,1.001,0.904,0.661,0.452,1.006,0.97,0.669,0.316,0.066,30.887,H
0.771,1.001,0.904,0.661,0.452,1.006,0.97,0.669,0.316,0.066,0.771,1.001,0.904,0.661,0.452,1.006,0.97,0.669,0.316,0.066,30.887,H
0.771,1.001,0.904,0.661,0.452,1.006,0.97,0.669,0.316,0.066,0.771,1.001,0.904,0.661,0.452,1.006,0.97,0.669,0.316,0.066,30.887,H
0.771,1.001,0.904,0.661,0.452,1.006,0.97,0.669,0.316,0.066,0.771,1.001,0.904,0.661,0.452,1.006,0.97,0.669,0.316,0.066,30.887,H
0.771,1.001,0.904,0.661,0.452,1.006,0.97,0.669,0.316,0.066,0.771,1.001,0.904,0.661,0.452,1.006,0.97,0.669,0.316,0.066,30.887,H
0.771,1.001,0.904,0.661,0.452,1.006,0.97,0.669,0.316,0.066,0.771,1.001,0.904,0.661,0.452,1.006,0.97,0.669,0.316,0.066,30.887,H
0.771,1.001,0.904,0.661,0.452,1.006,0.97,0.669,0.316,0.066,0.771,1.001,0.904,0.661,0.452,1.006,0.97,0.669,0.316,0.066,30.887,H
0.771,1.001,0.904,0.661,0.452,1.006,0.97,0.669,0.316,0.066,0.771,1.001,0.904,0.661,0.452,1.006,0.97,0.669,0.316,0.066,30.887,H
1.706,1.199,1.016,2.602,1.75,1.198,1.24,1.152,0.09,0.115,1.706,1.199,1.016,2.602,1.75,1.198,1.24,1.152,0.09,0.115,308.359,I
1.706,1.199,1.016,2.602,1.75,1.198,1.24,1.152,0.09,0.115,1.706,1.199,1.016,2.602,1.75,1.198,1.24,1.152,0.09,0.115,308.359,I
1.706,1.199,1.016,2.602,1.75,1.198,1.24,1.152,0.09,0.115,1.706,1.199,1.016,2.602,1.75,1.198,1.24,1.152,0.09,0.115,308.359,I
1.706,1.199,1.016,2.602,1.75,1.198,1.24,1.152,0.09,0.115,1.706,1.199,1.016,2.602,1.75,1.198,1.24,1.152,0.09,0.115,308.359,I
1.706,1.199,1.016,2.602,1.75,1.198,1.24,1.152,0.09,0.115,1.706,1.199,1.016,2.602,1.75,1.198,1.24,1.152,0.09,0.115,308.359,I
1.706,1.199,1.016,2.602,1.75,1.198,1.24,1.152,0.09,0.115,1.706,1.199,1.016,2.602,1.75,1.198,1.24,1.152,0.09,0.115,308.359,I
1.706,1.199,1.016,2.602,1.75,1.198,1.24,1.152,0.09,0.115,1.706,1.199,1.016,2.602,1.75,1.198,1.24,1.152,0.09,0.115,308.359,I
1.706,1.199,1.016,2.602,1.75,1.198,1.24,1.152,0.09,0.115,1.706,1.199,1.016,2.602,1.75,1.198,1.24,1.152,0.09,0.115,308.359,I
1.706,1.199,1.016,2.602,1.75,1.198,1.24,1.152,0.09,0.115,1.706,1.199,1.016,2.602,1.75,1.198,1.24,1.152,0.09,0.115,308.359,I
1.706,1.199,1.016,2.602,1.75,1.198,1.24,1.152,0.09,0.115,1.706,1.199,1.016,2.602,1.75,1.198,1.24,1.152,0.09,0.115,308.359,I
1.706,1.199,1.016,2.602,1.75,1.198,1.24,1.152,0.09,0.115,1.706,1.199,1.016,2.602,1.75,1.198,1.24,1.152,0.09,0.115,308.359,I
1.706,1.199,1.016,2.602,1.75,1.198,1.24,1.152,0.09,0.115,1.706,1.199,1.016,2.602,1.75,1.198,1.24,1.152,0.09,0.115,308.359,I
1.706,1.199,1.016,2.602,1.75,1.198,1.24,1.152,0.09,0.115,1.706,1.199,1.016,2.602,1.75,1.198,1.24,1.152,0.09,0.115,308.359,I
1.706,1.199,1.016,2.602,1.75,1.198,1.24,1.152,0.09,0.115,1.706,1.199,1.016,2.602,1.75,1.198,1.24,1.152,0.09,0.115,308.359,I
1.706,1.199,1.016,2.602,1.75,1.198,1.24,1.152,0.09,0.115,1.706,1.199,1.016,2.602,1.75,1.198,1.24,1.152,0.09,0.115,308.359,I
1.706,1.199,1.016,2.602,1.75,1.198,1.24,1.152,0.09,0.115,1.706,1.199,1.016,2.602,1.75,1.198,1.24,1.152,0.09,0.115,308.359,I
1.706,1.199,1.016,2.602,1.75,1.198,1.24,1.152,0.09,0.115,1.706,1.199,1.016,2.602,1.75,1.198,1.24,1.152,0.09,0.115,308.359,I
1.706,1.199,1.016,2.602,1.75,1.198,1.24,1.152,0.09,0.115,1.706,1.199,1.016,2.602,1.75,1.198,1.24,1.152,0.09,0.115,308.359,I
1.706,1.199,1.016,2.602,1.75,1.198,1.24,1.152,0.09,0.115,1.706,1.199,1.016,2.602,1.75,1.198,1.24,1.152,0.09,0.115,308.359,I
1.706,1.199,1.016,2.602,1.75,1.198,1.24,1.152,0.09,0.115,1.706,1.199,1.016,2.602,1.75,1.198,1.24,1.152,0.09,0.115,308.359,I
1.706,1.199,1.016,2.602,1.75,1.198,1.24,1.152,0.09,0.115,1.706,1.199,1.016,2.602,1.75,1.198,1.24,1.152,0.09,0.115,308.359,I
0.777,1.114,0.777,0.751,0.398,1.462,0.943,0.332,0.658,0.549,0.777,1.114,0.777,0.751,0.398,1.462,0.943,0.332,0.658,0.549,30.364,J
0.777,1.114,0.777,0.751,0.398,1.462,0.943,0.332,0.658,0.549,0.777,1.114,0.777,0.751,0.398,1.462,0.943,0.332,0.658,0.549,30.364,J
0.777,1.114,0.777,0.751,0.398,1.462,0.943,0.332,0.658,0.549,0.777,1.114,0.777,0.751,0.398,1.462,0.943,0.332,0.658,0.549,30.364,J
0.777,1.114,0.777,0.751,0.398,1.462,0.943,0.332,0.658,0.549,0.777,1.114,0.777,0.751,0.398,1.462,0.943,0.332,0.658,0.549,30.364,J
0.777,1.114,0.777,0.751,0.398,1.462,0.943,0.332,0.658,0.549,0.777,1.114,0.777,0.751,0.398,1.462,0.943,0.332,0.658,0.549,30.364,J
0.777,1.114,0.777,0.751,0.398,1.462,0.943,0.332,0.658,0.549,0.777,1.114,0.777,0.751,0.398,1.462,0.943,0.332,0.658,0.549,30.364,J
0.777,1.114,0.777,0.751,0.398,1.462,0.943,0.332,0.658,0.549,0.777,1.114,0.777,0.751,0.398,1.462,0.943,0.332,0.658,0.549,30.364,J
0.777,1.114,0.777,0.751,0.398,1.462,0.943,0.332,0.658,0.549,0.777,1.114,0.777,0.751,0.398,1.462,0.943,0.332,0.658,0.549,30.364,J
0.777,1.114,0.777,0.751,0.398,1.462,0.943,0.332,0.658,0.549,0.777,1.114,0.777,0.751,0.398,1.462,0.943,0.332,0.658,0.549,30.364,J
0.777,1.114,0.777,0.751,0.398,1.462,0.943,0.332,0.658,0.549,0.777,1.114,0.777,0.751,0.398,1.462,0.943,0.332,0.658,0.549,30.364,J
0.777,1.114,0.777,0.751,0.398,1.462,0.943,0.332,0.658,0.549,0.777,1.114,0.777,0.751,0.398,1.462,0.943,0.332,0.658,0.549,30.364,J
0.777,1.114,0.777,0.751,0.398,1.462,0.943,0.332,0.658,0.549,0.777,1.114,0.777,0.751,0.398,1.462,0.943,0.332,0.658,0.549,30.364,J
0.777,1.114,0.777,0.751,0.398,1.462,0.943,0.332,0.658,0.549,0.777,1.114,0.777,0.751,0.398,1.462,0.943,0.332,0.658,0.549,30.364,J
0.777,1.114,0.777,0.751,0.398,1.462,0.943,0.332,0.658,0.549,0.777,1.114,0.777,0.751,0.398,1.462,0.943,0.332,0.658,0.549,30.364,J
0.777,1.114,0.777,0.751,0.398,1.462,0.943,0.332,0.658,0.549,0.777,1.114,0.777,0.751,0.398,1.462,0.943,0.332,0.658,0.549,30.364,J
0.777,1.114,0.777,0.751,0.398,1.462,0.943,0.332,0.658,0.549,0.777,1.114,0.777,0.751,0.398,1.462,0.943,0.332,0.658,0.549,30.364,J
0.777,1.114,0.777,0.751,0.398,1.462,0.943,0.332,0.658,0.549,0.777,1.114,0.777,0.751,0.398,1.462,0.943,0.332,0.658,0.549,30.364,J
0.777,1.114,0.777,0.751,0.398,1.462,0.943,0.332,0.658,0.549,0.777,1.114,0.777,0.751,0.398,1.462,0.943,0.332,0.658,0.549,30.364,J
0.777,1.114,0.777,0.751,0.398,1.462,0.943,0.332,0.658,0.549,0.777,1.114,0.777,0.751,0.398,1.462,0.943,0.332,0.658,0.549,30.364,J
0.777,1.114,0.777,0.751,0.398,1.462,0.943,0.332,0.658,0.549,0.777,1.114,0.777,0.751,0.398,1.462,0.943,0.332,0.658,0.549,30.364,J
0.777,1.114,0.777,0.751,0.398,1.462,0.943,0.332,0.658,0.549,0.777,1.114,0.777,0.751,0.398,1.462,0.943,0.332,0.658,0.549,30.364,J
1.426,1.648,0.777,0.555,0.873,1.274,0.516,0.258,0.258,0.763,1.426,1.648,0.777,0.555,0.873,1.274,0.516,0.258,0.258,0.763,90.973,K
1.409,1.696,0.78,0.568,0.842,1.371,0.519,0.256,0.264,0.864,1.409,1.696,0.78,0.568,0.842,1.371,0.519,0.256,0.264,0.864,95.131,K
1.413,1.599,0.772,0.56,0.859,1.225,0.514,0.249,0.266,0.721,1.413,1.599,0.772,0.56,0.859,1.225,0.514,0.249,0.266,0.721,95.425,K
1.414,1.609,0.775,0.552,0.872,1.217,0.513,0.255,0.26,0.717,1.414,1.609,0.775,0.552,0.872,1.217,0.513,0.255,0.26,0.717,91.608,K
1.419,1.685,0.76,0.558,0.865,1.326,0.513,0.237,0.277,0.829,1.419,1.685,0.76,0.558,0.865,1.326,0.513,0.237,0.277,0.829,90.427,K
1.436,1.862,0.775,0.552,0.89,1.491,0.506,0.253,0.253,0.995,1.436,1.862,0.775,0.552,0.89,1.491,0.506,0.253,0.253,0.995,92.801,K
1.425,1.705,0.765,0.56,0.87,1.333,0.506,0.238,0.271,0.845,1.425,1.705,0.765,0.56,0.87,1.333,0.506,0.238,0.271,0.845,91.831,K
1.467,1.833,0.762,0.549,0.923,1.409,0.49,0.234,0.258,0.935,1.467,1.833,0.762,0.549,0.923,1.409,0.49,0.234,0.258,0.935,91.4,K
1.413,1.635,0.765,0.525,0.904,1.234,0.525,0.266,0.262,0.725,1.413,1.635,0.765,0.525,0.904,1.234,0.525,0.266,0.262,0.725,91.526,K
1.436,1.603,0.731,0.506,0.94,1.174,0.525,0.24,0.288,0.676,1.436,1.603,0.731,0.506,0.94,1.174,0.525,0.24,0.288,0.676,79.057,K
1.504,1.764,0.733,0.488,1.022,1.258,0.502,0.24,0.262,0.763,1.504,1.764,0.733,0.488,1.022,1.258,0.502,0.24,0.262,0.763,74.947,K
1.489,1.779,0.734,0.501,1.008,1.273,0.496,0.234,0.264,0.801,1.489,1.779,0.734,0.501,1.008,1.273,0.496,0.234,0.264,0.801,74.706,K
1.478,1.578,0.714,0.493,0.997,1.096,0.509,0.222,0.287,0.605,1.478,1.578,0.714,0.493,0.997,1.096,0.509,0.222,0.287,0.605,75.664,K
1.489,1.592,0.737,0.489,1.017,1.088,0.502,0.244,0.259,0.592,1.489,1.592,0.737,0.489,1.017,1.088,0.502,0.244,0.259,0.592,76.942,K
1.455,1.624,0.725,0.466,0.998,1.172,0.535,0.26,0.275,0.661,1.455,1.624,0.725,0.466,0.998,1.172,0.535,0.26,0.275,0.661,82.735,K
1.464,1.576,0.717,0.474,0.999,1.116,0.528,0.244,0.284,0.6,1.464,1.576,0.717,0.474,0.999,1.116,0.528,0.244,0.284,0.6,81.884,K
1.483,1.552,0.72,0.487,1.005,1.072,0.513,0.233,0.279,0.572,1.483,1.552,0.72,0.487,1.005,1.072,0.513,0.233,0.279,0.572,82.492,K
1.471,1.56,0.724,0.468,1.016,1.083,0.524,0.253,0.272,0.572,1.471,1.56,0.724,0.468,1.016,1.083,0.524,0.253,0.272,0.572,83.528,K
1.432,1.58,0.711,0.467,0.972,1.154,0.55,0.253,0.298,0.611,1.432,1.58,0.711,0.467,0.972,1.154,0.55,0.253,0.298,0.611,85.088,K
1.449,1.581,0.725,0.479,0.98,1.134,0.534,0.254,0.28,0.604,1.449,1.581,0.725,0.479,0.98,1.134,0.534,0.254,0.28,0.604,84.38,K
1.488,1.609,0.719,0.469,1.028,1.118,0.518,0.246,0.273,0.609,1.488,1.609,0.719,0.469,1.028,1.118,0.518,0.246,0.273,0.609,83.528,K
2.385,3.683,0.846,1.085,2.379,1.199,0.32,0.168,0.168,1.134,2.385,3.683,0.846,1.085,2.379,1.199,0.32,0.168,0.168,1.134,339.706,L
2.385,3.683,0.846,1.085,2.379,1.199,0.32,0.168,0.168,1.134,2.385,3.683,0.846,1.085,2.379,1.199,0.32,0.168,0.168,1.134,339.706,L
2.385,3.683,0.846,1.085,2.379,1.199,0.32,0.168,0.168,1.134,2.385,3.683,0.846,1.085,2.379,1.199,0.32,0.168,0.168,1.134,339.706,L
2.385,3.683,0.846,1.085,2.379,1.199,0.32,0.168,0.168,1.134,2.385,3.683,0.846,1.085,2.379,1.199,0.32,0.168,0.168,1.134,339.706,L
2.385,3.683,0.846,1.085,2.379,1.199,0.32,0.168,0.168,1.134,2.385,3.683,0.846,1.085,2.379,1.199,0.32,0.168,0.168,1.134,339.706,L
2.385,3.683,0.846,1.085,2.379,1.199,0.32,0.168,0.168,1.134,2.385,3.683,0.846,1.085,2.379,1.199,0.32,0.168,0.168,1.134,339.706,L
2.385,3.683,0.846,1.085,2.379,1.199,0.32,0.168,0.168,1.134,2.385,3.683,0.846,1.085,2.379,1.199,0.32,0.168,0.168,1.134,339.706,L
2.385,3.683,0.846,1.085,2.379,1.199,0.32,0.168,0.168,1.134,2.385,3.683,0.846,1.085,2.379,1.199,0.32,0.168,0.168,1.134,339.706,L
2.385,3.683,0.846,1.085,2.379,1.199,0.32,0.168,0.168,1.134,2.385,3.683,0.846,1.085,2.379,1.199,0.32,0.168,0.168,1.134,339.706,L
2.385,3.683,0.846,1.085,2.379,1.199,0.32,0.168,0.168,1.134,2.385,3.683,0.846,1.085,2.379,1.199,0.32,0.168,0.168,1.134,339.706,L
2.385,3.683,0.846,1.085,2.379,1.199,0.32,0.168,0.168,1.134,2.385,3.683,0.846,1.085,2.379,1.199,0.32,0.168,0.168,1.134,339.706,L
2.385,3.683,0.846,1.085,2.379,1.199,0.32,0.168,0.168,1.134,2.385,3.683,0.846,1.085,2.379,1.199,0.32,0.168,0.168,1.134,339.706,L
2.385,3.683,0.846,1.085,2.379,1.199,0.32,0.168,0.168,1.134,2.385,3.683,0.846,1.085,2.379,1.199,0.32,0.168,0.168,1.134,339.706,L
2.385,3.683,0.846,1.085,2.379,1.199,0.32,0.168,0.168,1.134,2.385,3.683,0.846,1.085,2.379,1.199,0.32,0.168,0.168,1.134,339.706,L
2.385,3.683,0.846,1.085,2.379,1.199,0.32,0.168,0.168,1.134,2.385,3.683,0.846,1.085,2.379,1.199,0.32,0.168,0.168,1.134,339.706,L
2.385,3.683,0.846,1.085,2.379,1.199,0.32,0.168,0.168,1.134,2.385,3.683,0.846,1.085,2.379,1.199,0.32,0.168,0.168,1.134,339.706,L
2.385,3.683,0.846,1.085,2.379,1.199,0.32,0.168,0.168,1.134,2.385,3.683,0.846,1.085,2.379,1.199,0.32,0.168,0.168,1.134,339.706,L
2.385,3.683,0.846,1.085,2.379,1.199,0.32,0.168,0.168,1.134,2.385,3.683,0.846,1.085,2.379,1.199,0.32,0.168,0.168,1.134,339.706,L
2.385,3.683,0.846,1.085,2.379,1.199,0.32,0.168,0.168,1.134,2.385,3.683,0.846,1.085,2.379,1.199,0.32,0.168,0.168,1.134,339.706,L
2.385,3.683,0.846,1.085,2.379,1.199,0.32,0.168,0.168,1.134,2.385,3.683,0.846,1.085,2.379,1.199,0.32,0.168,0.168,1.134,339.706,L
2.385,3.683,0.846,1.085,2.379,1.199,0.32,0.168,0.168,1.134,2.385,3.683,0.846,1.085,2.379,1.199,0.32,0.168,0.168,1.134,339.706,L
0.6,0.953,0.942,0.82,0.696,0.578,0.492,0.321,0.174,0.168,0.6,0.953,0.942,0.82,0.696,0.578,0.492,0.321,0.174,0.168,97.124,M
0.605,0.96,0.947,0.822,0.686,0.58,0.486,0.312,0.18,0.169,0.605,0.96,0.947,0.822,0.686,0.58,0.486,0.312,0.18,0.169,82.219,M
0.6,0.951,0.958,0.827,0.7,0.585,0.499,0.337,0.172,0.167,0.6,0.951,0.958,0.827,0.7,0.585,0.499,0.337,0.172,0.167,90.758,M
0.601,0.958,0.96,0.823,0.69,0.588,0.496,0.333,0.174,0.167,0.601,0.958,0.96,0.823,0.69,0.588,0.496,0.333,0.174,0.167,97.124,M
0.601,0.95,0.955,0.821,0.697,0.586,0.492,0.33,0.172,0.179,0.601,0.95,0.955,0.821,0.697,0.586,0.492,0.33,0.172,0.179,102.616,M
0.589,0.946,0.953,0.824,0.691,0.591,0.495,0.33,0.172,0.186,0.589,0.946,0.953,0.824,0.691,0.591,0.495,0.33,0.172,0.186,89.269,M
0.593,0.945,0.954,0.821,0.688,0.59,0.486,0.318,0.178,0.2,0.593,0.945,0.954,0.821,0.688,0.59,0.486,0.318,0.178,0.2,90.956,M
0.596,0.949,0.95,0.816,0.689,0.594,0.482,0.321,0.169,0.206,0.596,0.949,0.95,0.816,0.689,0.594,0.482,0.321,0.169,0.206,104.048,M
0.591,0.947,0.958,0.83,0.691,0.586,0.481,0.321,0.169,0.193,0.591,0.947,0.958,0.83,0.691,0.586,0.481,0.321,0.169,0.193,100.424,M
0.603,0.939,0.939,0.807,0.687,0.574,0.486,0.321,0.168,0.198,0.603,0.939,0.939,0.807,0.687,0.574,0.486,0.321,0.168,0.198,100.424,M
0.599,0.954,0.943,0.816,0.687,0.578,0.489,0.319,0.175,0.174,0.599,0.954,0.943,0.816,0.687,0.578,0.489,0.319,0.175,0.174,101.242,M
0.601,0.944,0.951,0.82,0.686,0.585,0.487,0.333,0.159,0.194,0.601,0.944,0.951,0.82,0.686,0.585,0.487,0.333,0.159,0.194,79.12,M
0.596,0.944,0.963,0.831,0.673,0.562,0.475,0.324,0.161,0.181,0.596,0.944,0.963,0.831,0.673,0.562,0.475,0.324,0.161,0.181,86.649,M
0.604,0.94,0.953,0.824,0.68,0.562,0.479,0.31,0.178,0.184,0.604,0.94,0.953,0.824,0.68,0.562,0.479,0.31,0.178,0.184,75.027,M
0.607,0.945,0.949,0.82,0.67,0.578,0.487,0.315,0.179,0.19,0.607,0.945,0.949,0.82,0.67,0.578,0.487,0.315,0.179,0.19,72.732,M
0.625,0.948,0.955,0.823,0.683,0.574,0.487,0.325,0.17,0.176,0.625,0.948,0.955,0.823,0.683,0.574,0.487,0.325,0.17,0.176,66.098,M
0.609,0.945,0.956,0.826,0.685,0.583,0.495,0.33,0.173,0.179,0.609,0.945,0.956,0.826,0.685,0.583,0.495,0.33,0.173,0.179,87.281,M
0.602,0.948,0.952,0.827,0.674,0.59,0.491,0.317,0.182,0.189,0.602,0.948,0.952,0.827,0.674,0.59,0.491,0.317,0.182,0.189,67.357,M
0.588,0.95,0.955,0.84,0.679,0.585,0.5,0.321,0.187,0.164,0.588,0.95,0.955,0.84,0.679,0.585,0.5,0.321,0.187,0.164,64.56,M
0.596,0.948,0.945,0.812,0.674,0.588,0.495,0.32,0.182,0.189,0.596,0.948,0.945,0.812,0.674,0.588,0.495,0.32,0.182,0.189,57.974,M
0.604,0.948,0.954,0.828,0.675,0.572,0.474,0.316,0.165,0.189,0.604,0.948,0.954,0.828,0.675,0.572,0.474,0.316,0.165,0.189,68.007,M
0.585,0.945,0.949,0.826,0.664,0.622,0.516,0.328,0.195,0.201,0.585,0.945,0.949,0.826,0.664,0.622,0.516,0.328,0.195,0.201,132.197,N
0.575,0.943,0.949,0.823,0.658,0.637,0.533,0.348,0.192,0.203,0.575,0.943,0.949,0.823,0.658,0.637,0.533,0.348,0.192,0.203,132.563,N
0.577,0.947,0.943,0.831,0.664,0.615,0.501,0.315,0.19,0.206,0.577,0.947,0.943,0.831,0.664,0.615,0.501,0.315,0.19,0.206,129.692,N
0.583,0.953,0.951,0.832,0.664,0.614,0.499,0.324,0.181,0.199,0.583,0.953,0.951,0.832,0.664,0.614,0.499,0.324,0.181,0.199,129.035,N
0.59,0.952,0.953,0.828,0.659,0.626,0.506,0.328,0.187,0.207,0.59,0.952,0.953,0.828,0.659,0.626,0.506,0.328,0.187,0.207,133.15,N
0.586,0.958,0.948,0.821,0.659,0.641,0.523,0.338,0.192,0.199,0.586,0.958,0.948,0.821,0.659,0.641,0.523,0.338,0.192,0.199,132.004,N
0.589,0.954,0.951,0.829,0.656,0.624,0.506,0.312,0.205,0.203,0.589,0.954,0.951,0.829,0.656,0.624,0.506,0.312,0.205,0.203,135.059,N
0.579,0.953,0.943,0.814,0.653,0.643,0.521,0.329,0.199,0.217,0.579,0.953,0.943,0.814,0.653,0.643,0.521,0.329,0.199,0.217,131.898,N
0.592,0.949,0.947,0.829,0.66,0.614,0.491,0.306,0.192,0.216,0.592,0.949,0.947,0.829,0.66,0.614,0.491,0.306,0.192,0.216,129.973,N
0.585,0.945,0.948,0.826,0.652,0.623,0.509,0.317,0.201,0.213,0.585,0.945,0.948,0.826,0.652,0.623,0.509,0.317,0.201,0.213,133.454,N
0.587,0.948,0.948,0.834,0.651,0.618,0.491,0.317,0.179,0.219,0.587,0.948,0.948,0.834,0.651,0.618,0.491,0.317,0.179,0.219,130.602,N
0.589,0.955,0.959,0.84,0.654,0.616,0.486,0.314,0.181,0.211,0.589,0.955,0.959,0.84,0.654,0.616,0.486,0.314,0.181,0.211,126.811,N
0.587,0.955,0.954,0.84,0.649,0.614,0.489,0.31,0.187,0.205,0.587,0.955,0.954,0.84,0.649,0.614,0.489,0.31,0.187,0.205,135.68,N
0.585,0.95,0.948,0.826,0.647,0.626,0.5,0.321,0.185,0.22,0.585,0.95,0.948,0.826,0.647,0.626,0.5,0.321,0.185,0.22,130.3,N
0.579,0.949,0.953,0.834,0.643,0.63,0.506,0.33,0.183,0.216,0.579,0.949,0.953,0.834,0.643,0.63,0.506,0.33,0.183,0.216,129.988,N
0.595,0.95,0.957,0.841,0.65,0.619,0.486,0.318,0.175,0.22,0.595,0.95,0.957,0.841,0.65,0.619,0.486,0.318,0.175,0.22,130.292,N
0.588,0.954,0.954,0.835,0.636,0.624,0.491,0.316,0.183,0.222,0.588,0.954,0.954,0.835,0.636,0.624,0.491,0.316,0.183,0.222,130.602,N
0.584,0.956,0.956,0.833,0.634,0.639,0.506,0.334,0.18,0.218,0.584,0.956,0.956,0.833,0.634,0.639,0.506,0.334,0.18,0.218,125.96,N
0.592,0.959,0.957,0.831,0.637,0.635,0.495,0.326,0.18,0.223,0.592,0.959,0.957,0.831,0.637,0.635,0.495,0.326,0.18,0.223,123.016,N
0.575,0.948,0.952,0.838,0.63,0.627,0.494,0.319,0.181,0.228,0.575,0.948,0.952,0.838,0.63,0.627,0.494,0.319,0.181,0.228,124.326,N
0.585,0.949,0.957,0.836,0.627,0.624,0.499,0.332,0.175,0.22,0.585,0.949,0.957,0.836,0.627,0.624,0.499,0.332,0.175,0.22,127.487,N
0.87,0.967,0.989,0.976,0.196,0.046,0.229,0.369,0.183,0.267,0.87,0.967,0.989,0.976,0.196,0.046,0.229,0.369,0.183,0.267,1,O
0.87,0.967,0.989,0.976,0.196,0.046,0.229,0.369,0.183,0.267,0.87,0.967,0.989,0.976,0.196,0.046,0.229,0.369,0.183,0.267,1,O
0.848,0.968,0.993,0.956,0.157,0.34,0.375,0.28,0.112,0.224,0.848,0.968,0.993,0.956,0.157,0.34,0.375,0.28,0.112,0.224,3,O
0.848,0.968,0.993,0.956,0.157,0.34,0.375,0.28,0.112,0.224,0.848,0.968,0.993,0.956,0.157,0.34,0.375,0.28,0.112,0.224,3,O
0.848,0.968,0.993,0.956,0.157,0.34,0.375,0.28,0.112,0.224,0.848,0.968,0.993,0.956,0.157,0.34,0.375,0.28,0.112,0.224,3,O
0.848,0.968,0.993,0.956,0.157,0.34,0.375,0.28,0.112,0.224,0.848,0.968,0.993,0.956,0.157,0.34,0.375,0.28,0.112,0.224,3,O
0.848,0.968,0.993,0.956,0.157,0.34,0.375,0.28,0.112,0.224,0.848,0.968,0.993,0.956,0.157,0.34,0.375,0.28,0.112,0.224,3,O
0.848,0.968,0.993,0.956,0.157,0.34,0.375,0.28,0.112,0.224,0.848,0.968,0.993,0.956,0.157,0.34,0.375,0.28,0.112,0.224,3,O
0.848,0.968,0.993,0.956,0.157,0.34,0.375,0.28,0.112,0.224,0.848,0.968,0.993,0.956,0.157,0.34,0.375,0.28,0.112,0.224,3,O
0.848,0.968,0.993,0.956,0.157,0.34,0.375,0.28,0.112,0.224,0.848,0.968,0.993,0.956,0.157,0.34,0.375,0.28,0.112,0.224,3,O
0.848,0.968,0.993,0.956,0.157,0.34,0.375,0.28,0.112,0.224,0.848,0.968,0.993,0.956,0.157,0.34,0.375,0.28,0.112,0.224,3,O
0.848,0.968,0.993,0.956,0.157,0.34,0.375,0.28,0.112,0.224,0.848,0.968,0.993,0.956,0.157,0.34,0.375,0.28,0.112,0.224,3,O
0.848,0.968,0.993,0.956,0.157,0.34,0.375,0.28,0.112,0.224,0.848,0.968,0.993,0.956,0.157,0.34,0.375,0.28,0.112,0.224,3,O
0.848,0.968,0.993,0.956,0.157,0.34,0.375,0.28,0.112,0.224,0.848,0.968,0.993,0.956,0.157,0.34,0.375,0.28,0.112,0.224,3,O
0.848,0.968,0.993,0.956,0.157,0.34,0.375,0.28,0.112,0.224,0.848,0.968,0.993,0.956,0.157,0.34,0.375,0.28,0.112,0.224,3,O
0.848,0.968,0.993,0.956,0.157,0.34,0.375,0.28,0.112,0.224,0.848,0.968,0.993,0.956,0.157,0.34,0.375,0.28,0.112,0.224,3,O
0.848,0.968,0.993,0.956,0.157,0.34,0.375,0.28,0.112,0.224,0.848,0.968,0.993,0.956,0.157,0.34,0.375,0.28,0.112,0.224,3,O
0.848,0.968,0.993,0.956,0.157,0.34,0.375,0.28,0.112,0.224,0.848,0.968,0.993,0.956,0.157,0.34,0.375,0.28,0.112,0.224,3,O
0.848,0.968,0.993,0.956,0.157,0.34,0.375,0.28,0.112,0.224,0.848,0.968,0.993,0.956,0.157,0.34,0.375,0.28,0.112,0.224,3,O
0.848,0.968,0.993,0.956,0.157,0.34,0.375,0.28,0.112,0.224,0.848,0.968,0.993,0.956,0.157,0.34,0.375,0.28,0.112,0.224,3,O
0.848,0.968,0.993,0.956,0.157,0.34,0.375,0.28,0.112,0.224,0.848,0.968,0.993,0.956,0.157,0.34,0.375,0.28,0.112,0.224,3,O
1.232,1.99,0.561,0.404,0.857,2.148,0.7,0.191,0.513,1.939,1.232,1.99,0.561,0.404,0.857,2.148,0.7,0.191,0.513,1.939,126.921,P
1.224,1.98,0.579,0.414,0.836,2.182,0.705,0.202,0.504,1.978,1.224,1.98,0.579,0.414,0.836,2.182,0.705,0.202,0.504,1.978,128.725,P
1.248,2.001,0.592,0.423,0.854,2.163,0.681,0.206,0.478,1.963,1.248,2.001,0.592,0.423,0.854,2.163,0.681,0.206,0.478,1.963,128.725,P
1.239,1.972,0.607,0.434,0.841,2.17,0.681,0.213,0.469,1.96,1.239,1.972,0.607,0.434,0.841,2.17,0.681,0.213,0.469,1.96,128.269,P
1.256,1.975,0.581,0.407,0.875,2.08,0.68,0.205,0.478,1.909,1.256,1.975,0.581,0.407,0.875,2.08,0.68,0.205,0.478,1.909,126.436,P
1.22,1.9,0.604,0.447,0.812,2.165,0.689,0.202,0.489,1.974,1.22,1.9,0.604,0.447,0.812,2.165,0.689,0.202,0.489,1.974,127.142,P
1.288,2.001,0.611,0.423,0.901,2.054,0.645,0.216,0.432,1.864,1.288,2.001,0.611,0.423,0.901,2.054,0.645,0.216,0.432,1.864,123.471,P
1.226,1.958,0.599,0.425,0.834,2.173,0.694,0.215,0.481,1.995,1.226,1.958,0.599,0.425,0.834,2.173,0.694,0.215,0.481,1.995,127.424,P
1.273,2.046,0.621,0.442,0.873,2.179,0.645,0.21,0.435,1.999,1.273,2.046,0.621,0.442,0.873,2.179,0.645,0.21,0.435,1.999,125.3,P
1.225,1.95,0.592,0.421,0.842,2.152,0.695,0.211,0.486,1.954,1.225,1.95,0.592,0.421,0.842,2.152,0.695,0.211,0.486,1.954,127.279,P
1.259,2.028,0.598,0.419,0.871,2.153,0.67,0.212,0.461,1.985,1.259,2.028,0.598,0.419,0.871,2.153,0.67,0.212,0.461,1.985,127.577,P
1.216,1.928,0.592,0.423,0.832,2.146,0.7,0.213,0.49,1.953,1.216,1.928,0.592,0.423,0.832,2.146,0.7,0.213,0.49,1.953,127.424,P
1.271,1.983,0.599,0.415,0.894,2.045,0.657,0.21,0.449,1.864,1.271,1.983,0.599,0.415,0.894,2.045,0.657,0.21,0.449,1.864,121.824,P
1.277,2.037,0.616,0.438,0.876,2.159,0.647,0.211,0.438,1.985,1.277,2.037,0.616,0.438,0.876,2.159,0.647,0.211,0.438,1.985,127.738,P
1.229,1.932,0.587,0.426,0.849,2.119,0.686,0.205,0.486,1.909,1.229,1.932,0.587,0.426,0.849,2.119,0.686,0.205,0.486,1.909,123.321,P
1.231,1.968,0.595,0.42,0.841,2.166,0.694,0.215,0.481,1.984,1.231,1.968,0.595,0.42,0.841,2.166,0.694,0.215,0.481,1.984,129.553,P
1.234,1.981,0.604,0.429,0.841,2.187,0.685,0.215,0.472,1.993,1.234,1.981,0.604,0.429,0.841,2.187,0.685,0.215,0.472,1.993,129.402,P
1.249,1.982,0.61,0.425,0.865,2.143,0.672,0.222,0.452,1.962,1.249,1.982,0.61,0.425,0.865,2.143,0.672,0.222,0.452,1.962,126.59,P
1.226,1.943,0.601,0.431,0.845,2.151,0.686,0.214,0.474,1.937,1.226,1.943,0.601,0.431,0.845,2.151,0.686,0.214,0.474,1.937,124.036,P
1.249,2.019,0.597,0.418,0.866,2.17,0.678,0.217,0.465,1.971,1.249,2.019,0.597,0.418,0.866,2.17,0.678,0.217,0.465,1.971,126.02,P
1.241,1.943,0.592,0.431,0.856,2.117,0.677,0.201,0.478,1.899,1.241,1.943,0.592,0.431,0.856,2.117,0.677,0.201,0.478,1.899,126.151,P
0.567,0.504,0.936,0.772,0.772,0.912,0.369,0.252,0.122,1.029,0.567,0.504,0.936,0.772,0.772,0.912,0.369,0.252,0.122,1.029,70.859,Q
0.572,0.499,0.937,0.77,0.771,0.886,0.37,0.254,0.121,1.008,0.572,0.499,0.937,0.77,0.771,0.886,0.37,0.254,0.121,1.008,70.214,Q
0.573,0.485,0.938,0.771,0.77,0.898,0.363,0.252,0.117,1.032,0.573,0.485,0.938,0.771,0.77,0.898,0.363,0.252,0.117,1.032,71.701,Q
0.578,0.506,0.94,0.779,0.77,0.9,0.356,0.242,0.122,1.015,0.578,0.506,0.94,0.779,0.77,0.9,0.356,0.242,0.122,1.015,68.066,Q
0.576,0.524,0.938,0.782,0.76,0.914,0.349,0.239,0.113,1.028,0.576,0.524,0.938,0.782,0.76,0.914,0.349,0.239,0.113,1.028,70.214,Q
0.556,0.52,0.941,0.787,0.756,0.916,0.354,0.239,0.121,1.018,0.556,0.52,0.941,0.787,0.756,0.916,0.354,0.239,0.121,1.018,71.805,Q
0.575,0.502,0.941,0.778,0.768,0.9,0.355,0.244,0.118,1.021,0.575,0.502,0.941,0.778,0.768,0.9,0.355,0.244,0.118,1.021,68.25,Q
0.565,0.508,0.945,0.783,0.757,0.916,0.359,0.25,0.117,1.028,0.565,0.508,0.945,0.783,0.757,0.916,0.359,0.25,0.117,1.028,72.567,Q
0.566,0.506,0.946,0.78,0.756,0.913,0.362,0.257,0.112,1.03,0.566,0.506,0.946,0.78,0.756,0.913,0.362,0.257,0.112,1.03,72.18,Q
0.564,0.498,0.936,0.774,0.754,0.903,0.36,0.246,0.118,1.038,0.564,0.498,0.936,0.774,0.754,0.903,0.36,0.246,0.118,1.038,71.701,Q
0.576,0.5,0.942,0.782,0.772,0.914,0.35,0.24,0.117,1.031,0.576,0.5,0.942,0.782,0.772,0.914,0.35,0.24,0.117,1.031,71.568,Q
0.578,0.513,0.942,0.779,0.776,0.9,0.356,0.248,0.115,1.009,0.578,0.513,0.942,0.779,0.776,0.9,0.356,0.248,0.115,1.009,70.711,Q
0.574,0.514,0.944,0.779,0.769,0.914,0.354,0.25,0.111,1.029,0.574,0.514,0.944,0.779,0.769,0.914,0.354,0.25,0.111,1.029,72.691,Q
0.555,0.505,0.945,0.775,0.761,0.905,0.364,0.259,0.111,1.026,0.555,0.505,0.945,0.775,0.761,0.905,0.364,0.259,0.111,1.026,72.18,Q
0.577,0.511,0.941,0.776,0.774,0.903,0.362,0.247,0.125,1.015,0.577,0.511,0.941,0.776,0.774,0.903,0.362,0.247,0.125,1.015,72.25,Q
0.566,0.513,0.947,0.776,0.763,0.924,0.367,0.261,0.115,1.037,0.566,0.513,0.947,0.776,0.763,0.924,0.367,0.261,0.115,1.037,73.437,Q
0.562,0.513,0.948,0.781,0.763,0.916,0.362,0.259,0.109,1.022,0.562,0.513,0.948,0.781,0.763,0.916,0.362,0.259,0.109,1.022,72.56,Q
0.576,0.506,0.939,0.776,0.773,0.901,0.36,0.248,0.118,1.018,0.576,0.506,0.939,0.776,0.773,0.901,0.36,0.248,0.118,1.018,69.354,Q
0.573,0.522,0.944,0.772,0.758,0.904,0.363,0.261,0.108,1.026,0.573,0.522,0.944,0.772,0.758,0.904,0.363,0.261,0.108,1.026,72.443,Q
0.577,0.524,0.947,0.771,0.766,0.909,0.37,0.266,0.114,1.02,0.577,0.524,0.947,0.771,0.766,0.909,0.37,0.266,0.114,1.02,72.56,Q
0.569,0.508,0.943,0.772,0.759,0.907,0.374,0.265,0.116,1.024,0.569,0.508,0.943,0.772,0.759,0.907,0.374,0.265,0.116,1.024,72.443,Q
0.971,4.015,1.22,1.641,2.164,2.363,0.735,0.538,0.237,2.309,0.971,4.015,1.22,1.641,2.164,2.363,0.735,0.538,0.237,2.309,119.436,R
1.378,5.468,0.949,1.475,2.534,2.601,0.677,0.483,0.198,2.472,1.378,5.468,0.949,1.475,2.534,2.601,0.677,0.483,0.198,2.472,122,R
1.14,1.812,0.996,1.342,1.887,1.646,0.798,0.573,0.237,1.317,1.14,1.812,0.996,1.342,1.887,1.646,0.798,0.573,0.237,1.317,118.68,R
3.736,14.708,1.456,5.099,8.802,1.942,0.691,0.468,0.251,1.659,3.736,14.708,1.456,5.099,8.802,1.942,0.691,0.468,0.251,1.659,117.903,R
1.439,5.446,0.977,1.7,2.991,2.267,0.738,0.541,0.218,1.993,1.439,5.446,0.977,1.7,2.991,2.267,0.738,0.541,0.218,1.993,116.417,R
1.551,5.274,0.108,1.749,3.193,1.839,0.86,0.514,0.346,1.591,1.551,5.274,0.108,1.749,3.193,1.839,0.86,0.514,0.346,1.591,114.237,R
2.01,6.476,0.415,2.096,4.103,1.784,0.749,0.515,0.245,1.594,2.01,6.476,0.415,2.096,4.103,1.784,0.749,0.515,0.245,1.594,119.101,R
2.509,12.161,0.394,3.572,5.88,2.176,0.774,0.555,0.233,2.032,2.509,12.161,0.394,3.572,5.88,2.176,0.774,0.555,0.233,2.032,118.068,R
2.918,16.46,1.22,3.991,6.85,2.5,0.727,0.408,0.324,2.421,2.918,16.46,1.22,3.991,6.85,2.5,0.727,0.408,0.324,2.421,119.365,R
1.502,3.841,0.295,1.379,2.795,1.72,0.832,0.474,0.358,1.343,1.502,3.841,0.295,1.379,2.795,1.72,0.832,0.474,0.358,1.343,116.902,R
1.857,6.329,0.371,2.211,4.059,1.801,0.786,0.564,0.229,1.564,1.857,6.329,0.371,2.211,4.059,1.801,0.786,0.564,0.229,1.564,119.854,R
1.559,4.288,0.608,1.487,2.997,1.788,0.732,0.487,0.245,1.565,1.559,4.288,0.608,1.487,2.997,1.788,0.732,0.487,0.245,1.565,117.546,R
1.794,4.154,0.236,1.031,2.812,1.65,0.722,0.446,0.276,1.367,1.794,4.154,0.236,1.031,2.812,1.65,0.722,0.446,0.276,1.367,114.272,R
1.854,4.62,0.622,1.663,3.166,1.465,0.708,0.409,0.302,1.203,1.854,4.62,0.622,1.663,3.166,1.465,0.708,0.409,0.302,1.203,113.78,R
1.654,4.105,0.122,0.981,2.631,1.747,0.749,0.398,0.351,1.374,1.654,4.105,0.122,0.981,2.631,1.747,0.749,0.398,0.351,1.374,123.794,R
2.476,6.629,0.412,2.64,5.048,1.648,0.703,0.443,0.267,1.318,2.476,6.629,0.412,2.64,5.048,1.648,0.703,0.443,0.267,1.318,117.239,R
1.67,4.18,0.146,1.674,3.328,1.552,0.803,0.459,0.344,1.155,1.67,4.18,0.146,1.674,3.328,1.552,0.803,0.459,0.344,1.155,118.878,R
2.152,3.28,0.308,1.159,3.31,1.122,0.65,0.345,0.319,0.921,2.152,3.28,0.308,1.159,3.31,1.122,0.65,0.345,0.319,0.921,115.732,R
1.928,2.511,0.425,0.735,2.632,1.063,0.631,0.306,0.339,0.71,1.928,2.511,0.425,0.735,2.632,1.063,0.631,0.306,0.339,0.71,114.63,R
1.761,2.856,0.41,0.81,2.553,1.195,0.69,0.403,0.294,0.963,1.761,2.856,0.41,0.81,2.553,1.195,0.69,0.403,0.294,0.963,116.966,R
1.805,3.657,0.311,0.868,2.671,1.603,0.699,0.388,0.335,1.134,1.805,3.657,0.311,0.868,2.671,1.603,0.699,0.388,0.335,1.134,118.089,R
1.879,1.364,0.816,2.083,1.999,1.043,0.962,0.742,0.269,0.187,1.879,1.364,0.816,2.083,1.999,1.043,0.962,0.742,0.269,0.187,307.08,S
1.921,1.408,0.815,2.12,1.968,1.032,0.968,0.754,0.275,0.21,1.921,1.408,0.815,2.12,1.968,1.032,0.968,0.754,0.275,0.21,308.131,S
1.877,1.381,0.809,2.103,1.942,1.045,0.986,0.76,0.286,0.198,1.877,1.381,0.809,2.103,1.942,1.045,0.986,0.76,0.286,0.198,307.08,S
1.888,1.334,0.838,2.127,1.941,1.05,0.978,0.745,0.294,0.178,1.888,1.334,0.838,2.127,1.941,1.05,0.978,0.745,0.294,0.178,307.104,S
1.957,1.414,0.836,2.267,2.075,1.04,0.978,0.771,0.266,0.203,1.957,1.414,0.836,2.267,2.075,1.04,0.978,0.771,0.266,0.203,307.197,S
1.874,1.371,0.82,2.124,1.919,1.049,0.983,0.769,0.278,0.197,1.874,1.371,0.82,2.124,1.919,1.049,0.983,0.769,0.278,0.197,306.235,S
1.896,1.363,0.86,2.102,1.93,1.048,0.98,0.743,0.284,0.192,1.896,1.363,0.86,2.102,1.93,1.048,0.98,0.743,0.284,0.192,306.235,S
1.905,1.373,0.815,2.131,2.03,1.03,0.953,0.731,0.282,0.189,1.905,1.373,0.815,2.131,2.03,1.03,0.953,0.731,0.282,0.189,307.234,S
1.961,1.411,0.808,2.193,2.061,1.022,0.949,0.756,0.259,0.204,1.961,1.411,0.808,2.193,2.061,1.022,0.949,0.756,0.259,0.204,308.469,S
1.93,1.392,0.845,2.208,2.083,1.044,0.969,0.762,0.249,0.193,1.93,1.392,0.845,2.208,2.083,1.044,0.969,0.762,0.249,0.193,304.475,S
1.91,1.373,0.836,2.163,2.017,1.038,0.978,0.763,0.262,0.187,1.91,1.373,0.836,2.163,2.017,1.038,0.978,0.763,0.262,0.187,305.531,S
1.944,1.403,0.851,2.244,2.089,1.032,0.969,0.762,0.254,0.196,1.944,1.403,0.851,2.244,2.089,1.032,0.969,0.762,0.254,0.196,307.527,S
1.931,1.386,0.821,2.184,1.94,1.059,0.991,0.789,0.27,0.204,1.931,1.386,0.821,2.184,1.94,1.059,0.991,0.789,0.27,0.204,305.473,S
1.941,1.376,0.837,2.282,2.08,1.046,0.988,0.78,0.263,0.184,1.941,1.376,0.837,2.282,2.08,1.046,0.988,0.78,0.263,0.184,309.467,S
1.925,1.384,0.818,2.135,1.925,1.05,0.987,0.77,0.283,0.203,1.925,1.384,0.818,2.135,1.925,1.05,0.987,0.77,0.283,0.203,307.417,S
1.904,1.333,0.839,2.255,2.077,1.048,0.981,0.766,0.269,0.167,1.904,1.333,0.839,2.255,2.077,1.048,0.981,0.766,0.269,0.167,304.475,S
1.926,1.392,0.864,2.195,2.048,1.041,0.977,0.768,0.246,0.194,1.926,1.392,0.864,2.195,2.048,1.041,0.977,0.768,0.246,0.194,303.727,S
1.889,1.379,0.833,2.166,1.961,1.047,0.984,0.764,0.281,0.197,1.889,1.379,0.833,2.166,1.961,1.047,0.984,0.764,0.281,0.197,304.593,S
1.874,1.371,0.838,2.135,1.919,1.056,0.99,0.767,0.282,0.197,1.874,1.371,0.838,2.135,1.919,1.056,0.99,0.767,0.282,0.197,302.478,S
1.841,1.343,0.841,2.092,1.903,1.044,0.979,0.759,0.273,0.185,1.841,1.343,0.841,2.092,1.903,1.044,0.979,0.759,0.273,0.185,303.595,S
1.957,1.409,0.856,2.294,2.108,1.043,0.982,0.769,0.261,0.197,1.957,1.409,0.856,2.294,2.108,1.043,0.982,0.769,0.261,0.197,303.659,S
1.055,1.905,0.88,0.884,0.474,2.739,1,0.503,0.507,1.95,1.055,1.905,0.88,0.884,0.474,2.739,1,0.503,0.507,1.95,113.864,T
1.063,1.902,0.887,0.897,0.46,2.761,0.987,0.505,0.495,2,1.063,1.902,0.887,0.897,0.46,2.761,0.987,0.505,0.495,2,105.361,T
1.076,1.909,0.889,0.895,0.483,2.665,0.95,0.473,0.486,1.923,1.076,1.909,0.889,0.895,0.483,2.665,0.95,0.473,0.486,1.923,106.066,T
1.061,1.904,0.884,0.89,0.458,2.786,1.022,0.496,0.535,2.005,1.061,1.904,0.884,0.89,0.458,2.786,1.022,0.496,0.535,2.005,110.309,T
1.051,1.909,0.893,0.907,0.457,2.79,1.03,0.514,0.525,2.022,1.051,1.909,0.893,0.907,0.457,2.79,1.03,0.514,0.525,2.022,105.38,T
1.056,1.94,0.896,0.902,0.467,2.799,1.003,0.518,0.493,2.047,1.056,1.94,0.896,0.902,0.467,2.799,1.003,0.518,0.493,2.047,106.775,T
1.06,1.907,0.892,0.906,0.477,2.677,0.977,0.474,0.512,1.936,1.06,1.907,0.892,0.906,0.477,2.677,0.977,0.474,0.512,1.936,102.533,T
1.074,1.926,0.882,0.897,0.494,2.647,0.984,0.503,0.493,1.904,1.074,1.926,0.882,0.897,0.494,2.647,0.984,0.503,0.493,1.904,105.361,T
1.074,1.921,0.88,0.888,0.502,2.611,0.983,0.506,0.486,1.861,1.074,1.921,0.88,0.888,0.502,2.611,0.983,0.506,0.486,1.861,99.725,T
1.082,1.918,0.893,0.903,0.494,2.614,0.972,0.49,0.49,1.887,1.082,1.918,0.893,0.903,0.494,2.614,0.972,0.49,0.49,1.887,98.995,T
1.083,1.934,0.898,0.902,0.503,2.634,0.971,0.517,0.46,1.891,1.083,1.934,0.898,0.902,0.503,2.634,0.971,0.517,0.46,1.891,108.904,T
1.057,1.91,0.888,0.893,0.493,2.667,0.997,0.511,0.493,1.884,1.057,1.91,0.888,0.893,0.493,2.667,0.997,0.511,0.493,1.884,101.139,T
1.068,1.914,0.886,0.894,0.49,2.676,0.994,0.505,0.498,1.902,1.068,1.914,0.886,0.894,0.49,2.676,0.994,0.505,0.498,1.902,103.947,T
1.079,1.897,0.895,0.907,0.489,2.598,0.96,0.49,0.48,1.869,1.079,1.897,0.895,0.907,0.489,2.598,0.96,0.49,0.48,1.869,99.005,T
1.062,1.898,0.874,0.884,0.505,2.575,0.972,0.493,0.491,1.81,1.062,1.898,0.874,0.884,0.505,2.575,0.972,0.493,0.491,1.81,100.409,T
1.078,1.897,0.882,0.881,0.491,2.634,0.987,0.494,0.5,1.859,1.078,1.897,0.882,0.881,0.491,2.634,0.987,0.494,0.5,1.859,96.876,T
1.104,1.933,0.884,0.882,0.538,2.497,0.947,0.474,0.478,1.761,1.104,1.933,0.884,0.882,0.538,2.497,0.947,0.474,0.478,1.761,108.245,T
1.085,1.934,0.886,0.881,0.497,2.662,0.96,0.486,0.481,1.913,1.085,1.934,0.886,0.881,0.497,2.662,0.96,0.486,0.481,1.913,99.247,T
1.092,1.916,0.876,0.886,0.502,2.567,0.953,0.505,0.463,1.847,1.092,1.916,0.876,0.886,0.502,2.567,0.953,0.505,0.463,1.847,97.673,T
1.088,1.904,0.886,0.891,0.498,2.567,0.942,0.479,0.472,1.845,1.088,1.904,0.886,0.891,0.498,2.567,0.942,0.479,0.472,1.845,104.005,T
1.139,1.955,0.896,0.91,0.557,2.39,0.875,0.452,0.43,1.742,1.139,1.955,0.896,0.91,0.557,2.39,0.875,0.452,0.43,1.742,93.509,T
1.612,1.912,0.849,0.833,1.091,1.03,0.246,0.104,0.16,0.837,1.612,1.912,0.849,0.833,1.091,1.03,0.246,0.104,0.16,0.837,293.736,U
1.612,1.912,0.849,0.833,1.091,1.03,0.246,0.104,0.16,0.837,1.612,1.912,0.849,0.833,1.091,1.03,0.246,0.104,0.16,0.837,293.736,U
1.612,1.912,0.849,0.833,1.091,1.03,0.246,0.104,0.16,0.837,1.612,1.912,0.849,0.833,1.091,1.03,0.246,0.104,0.16,0.837,293.736,U
1.612,1.912,0.849,0.833,1.091,1.03,0.246,0.104,0.16,0.837,1.612,1.912,0.849,0.833,1.091,1.03,0.246,0.104,0.16,0.837,293.736,U
1.612,1.912,0.849,0.833,1.091,1.03,0.246,0.104,0.16,0.837,1.612,1.912,0.849,0.833,1.091,1.03,0.246,0.104,0.16,0.837,293.736,U
1.612,1.912,0.849,0.833,1.091,1.03,0.246,0.104,0.16,0.837,1.612,1.912,0.849,0.833,1.091,1.03,0.246,0.104,0.16,0.837,293.736,U
1.612,1.912,0.849,0.833,1.091,1.03,0.246,0.104,0.16,0.837,1.612,1.912,0.849,0.833,1.091,1.03,0.246,0.104,0.16,0.837,293.736,U
1.612,1.912,0.849,0.833,1.091,1.03,0.246,0.104,0.16,0.837,1.612,1.912,0.849,0.833,1.091,1.03,0.246,0.104,0.16,0.837,293.736,U
1.612,1.912,0.849,0.833,1.091,1.03,0.246,0.104,0.16,0.837,1.612,1.912,0.849,0.833,1.091,1.03,0.246,0.104,0.16,0.837,293.736,U
1.612,1.912,0.849,0.833,1.091,1.03,0.246,0.104,0.16,0.837,1.612,1.912,0.849,0.833,1.091,1.03,0.246,0.104,0.16,0.837,293.736,U
1.612,1.912,0.849,0.833,1.091,1.03,0.246,0.104,0.16,0.837,1.612,1.912,0.849,0.833,1.091,1.03,0.246,0.104,0.16,0.837,293.736,U
1.612,1.912,0.849,0.833,1.091,1.03,0.246,0.104,0.16,0.837,1.612,1.912,0.849,0.833,1.091,1.03,0.246,0.104,0.16,0.837,293.736,U
1.612,1.912,0.849,0.833,1.091,1.03,0.246,0.104,0.16,0.837,1.612,1.912,0.849,0.833,1.091,1.03,0.246,0.104,0.16,0.837,293.736,U
1.612,1.912,0.849,0.833,1.091,1.03,0.246,0.104,0.16,0.837,1.612,1.912,0.849,0.833,1.091,1.03,0.246,0.104,0.16,0.837,293.736,U
1.612,1.912,0.849,0.833,1.091,1.03,0.246,0.104,0.16,0.837,1.612,1.912,0.849,0.833,1.091,1.03,0.246,0.104,0.16,0.837,293.736,U
1.612,1.912,0.849,0.833,1.091,1.03,0.246,0.104,0.16,0.837,1.612,1.912,0.849,0.833,1.091,1.03,0.246,0.104,0.16,0.837,293.736,U
1.612,1.912,0.849,0.833,1.091,1.03,0.246,0.104,0.16,0.837,1.612,1.912,0.849,0.833,1.091,1.03,0.246,0.104,0.16,0.837,293.736,U
1.612,1.912,0.849,0.833,1.091,1.03,0.246,0.104,0.16,0.837,1.612,1.912,0.849,0.833,1.091,1.03,0.246,0.104,0.16,0.837,293.736,U
1.612,1.912,0.849,0.833,1.091,1.03,0.246,0.104,0.16,0.837,1.612,1.912,0.849,0.833,1.091,1.03,0.246,0.104,0.16,0.837,293.736,U
1.612,1.912,0.849,0.833,1.091,1.03,0.246,0.104,0.16,0.837,1.612,1.912,0.849,0.833,1.091,1.03,0.246,0.104,0.16,0.837,293.736,U
1.612,1.912,0.849,0.833,1.091,1.03,0.246,0.104,0.16,0.837,1.612,1.912,0.849,0.833,1.091,1.03,0.246,0.104,0.16,0.837,293.736,U
1.612,1.912,0.849,0.833,1.091,1.03,0.246,0.104,0.16,0.837,1.612,1.912,0.849,0.833,1.091,1.03,0.246,0.104,0.16,0.837,293.736,V
1.612,1.912,0.849,0.833,1.091,1.03,0.246,0.104,0.16,0.837,1.612,1.912,0.849,0.833,1.091,1.03,0.246,0.104,0.16,0.837,293.736,V
1.612,1.912,0.849,0.833,1.091,1.03,0.246,0.104,0.16,0.837,1.612,1.912,0.849,0.833,1.091,1.03,0.246,0.104,0.16,0.837,293.736,V
1.612,1.912,0.849,0.833,1.091,1.03,0.246,0.104,0.16,0.837,1.612,1.912,0.849,0.833,1.091,1.03,0.246,0.104,0.16,0.837,293.736,V
1.612,1.912,0.849,0.833,1.091,1.03,0.246,0.104,0.16,0.837,1.612,1.912,0.849,0.833,1.091,1.03,0.246,0.104,0.16,0.837,293.736,V
1.612,1.912,0.849,0.833,1.091,1.03,0.246,0.104,0.16,0.837,1.612,1.912,0.849,0.833,1.091,1.03,0.246,0.104,0.16,0.837,293.736,V
1.612,1.912,0.849,0.833,1.091,1.03,0.246,0.104,0.16,0.837,1.612,1.912,0.849,0.833,1.091,1.03,0.246,0.104,0.16,0.837,293.736,V
1.612,1.912,0.849,0.833,1.091,1.03,0.246,0.104,0.16,0.837,1.612,1.912,0.849,0.833,1.091,1.03,0.246,0.104,0.16,0.837,293.736,V
1.612,1.912,0.849,0.833,1.091,1.03,0.246,0.104,0.16,0.837,1.612,1.912,0.849,0.833,1.091,1.03,0.246,0.104,0.16,0.837,293.736,V
1.612,1.912,0.849,0.833,1.091,1.03,0.246,0.104,0.16,0.837,1.612,1.912,0.849,0.833,1.091,1.03,0.246,0.104,0.16,0.837,293.736,V
1.612,1.912,0.849,0.833,1.091,1.03,0.246,0.104,0.16,0.837,1.612,1.912,0.849,0.833,1.091,1.03,0.246,0.104,0.16,0.837,293.736,V
1.612,1.912,0.849,0.833,1.091,1.03,0.246,0.104,0.16,0.837,1.612,1.912,0.849,0.833,1.091,1.03,0.246,0.104,0.16,0.837,293.736,V
1.612,1.912,0.849,0.833,1.091,1.03,0.246,0.104,0.16,0.837,1.612,1.912,0.849,0.833,1.091,1.03,0.246,0.104,0.16,0.837,293.736,V
1.612,1.912,0.849,0.833,1.091,1.03,0.246,0.104,0.16,0.837,1.612,1.912,0.849,0.833,1.091,1.03,0.246,0.104,0.16,0.837,293.736,V
1.612,1.912,0.849,0.833,1.091,1.03,0.246,0.104,0.16,0.837,1.612,1.912,0.849,0.833,1.091,1.03,0.246,0.104,0.16,0.837,293.736,V
1.612,1.912,0.849,0.833,1.091,1.03,0.246,0.104,0.16,0.837,1.612,1.912,0.849,0.833,1.091,1.03,0.246,0.104,0.16,0.837,293.736,V
1.612,1.912,0.849,0.833,1.091,1.03,0.246,0.104,0.16,0.837,1.612,1.912,0.849,0.833,1.091,1.03,0.246,0.104,0.16,0.837,293.736,V
1.612,1.912,0.849,0.833,1.091,1.03,0.246,0.104,0.16,0.837,1.612,1.912,0.849,0.833,1.091,1.03,0.246,0.104,0.16,0.837,293.736,V
1.612,1.912,0.849,0.833,1.091,1.03,0.246,0.104,0.16,0.837,1.612,1.912,0.849,0.833,1.091,1.03,0.246,0.104,0.16,0.837,293.736,V
1.612,1.912,0.849,0.833,1.091,1.03,0.246,0.104,0.16,0.837,1.612,1.912,0.849,0.833,1.091,1.03,0.246,0.104,0.16,0.837,293.736,V
1.612,1.912,0.849,0.833,1.091,1.03,0.246,0.104,0.16,0.837,1.612,1.912,0.849,0.833,1.091,1.03,0.246,0.104,0.16,0.837,293.736,V
43.904,59.775,4.773,15.766,53.255,1.003,0.278,0.219,0.071,1.117,43.904,59.775,4.773,15.766,53.255,1.003,0.278,0.219,0.071,1.117,19.026,W
96.512,125.3,8.276,28.302,113.748,1.003,0.244,0.192,0.065,1.106,96.512,125.3,8.276,28.302,113.748,1.003,0.244,0.192,0.065,1.106,17.117,W
33.242,43.966,3.132,10.689,40.078,1,0.272,0.212,0.07,1.121,33.242,43.966,3.132,10.689,40.078,1,0.272,0.212,0.07,1.121,22.091,W
37.673,49.918,3.971,11.767,45.467,1.015,0.25,0.191,0.07,1.112,37.673,49.918,3.971,11.767,45.467,1.015,0.25,0.191,0.07,1.112,20.224,W
45.52,60.312,3.902,14.391,54.083,1.007,0.271,0.21,0.068,1.133,45.52,60.312,3.902,14.391,54.083,1.007,0.271,0.21,0.068,1.133,19.105,W
32.992,44.564,3.473,11.417,39.823,1.007,0.287,0.223,0.074,1.14,32.992,44.564,3.473,11.417,39.823,1.007,0.287,0.223,0.074,1.14,21.213,W
14.766,18.929,1.091,4.139,17.287,1.001,0.284,0.23,0.062,1.151,14.766,18.929,1.091,4.139,17.287,1.001,0.284,0.23,0.062,1.151,22.204,W
49.301,64.106,3.808,13.314,57.421,1.032,0.246,0.18,0.075,1.132,49.301,64.106,3.808,13.314,57.421,1.032,0.246,0.18,0.075,1.132,24.021,W
31.168,41.037,2.608,9.823,37.211,1.005,0.281,0.218,0.073,1.129,31.168,41.037,2.608,9.823,37.211,1.005,0.281,0.218,0.073,1.129,22.023,W
26.939,36.048,2.828,9.192,32.636,1.004,0.295,0.228,0.08,1.135,26.939,36.048,2.828,9.192,32.636,1.004,0.295,0.228,0.08,1.135,22.023,W
12.188,15.56,0.978,3.246,14.199,1.011,0.282,0.235,0.055,1.164,12.188,15.56,0.978,3.246,14.199,1.011,0.282,0.235,0.055,1.164,20.1,W
16.854,22.597,1.844,5.233,20.446,1.034,0.271,0.206,0.074,1.153,16.854,22.597,1.844,5.233,20.446,1.034,0.271,0.206,0.074,1.153,23.087,W
13.681,17.684,1.331,3.795,16.152,1.016,0.269,0.221,0.06,1.157,13.681,17.684,1.331,3.795,16.152,1.016,0.269,0.221,0.06,1.157,18.028,W
13.584,18.099,1.554,3.882,16.439,1.051,0.239,0.192,0.056,1.157,13.584,18.099,1.554,3.882,16.439,1.051,0.239,0.192,0.056,1.157,22,W
10.647,13.324,0.922,2.552,12.408,1.017,0.259,0.21,0.054,1.153,10.647,13.324,0.922,2.552,12.408,1.017,0.259,0.21,0.054,1.153,22.091,W
16.56,21.898,1.974,4.973,20.204,1.03,0.24,0.188,0.063,1.126,16.56,21.898,1.974,4.973,20.204,1.03,0.24,0.188,0.063,1.126,21.024,W
9.361,12.08,1.131,2.74,11.275,1.005,0.272,0.225,0.053,1.158,9.361,12.08,1.131,2.74,11.275,1.005,0.272,0.225,0.053,1.158,20.025,W
12.905,16.475,1.29,3.339,15.118,1.021,0.249,0.199,0.059,1.156,12.905,16.475,1.29,3.339,15.118,1.021,0.249,0.199,0.059,1.156,20.1,W
9.953,12.856,1.348,2.714,11.986,1.029,0.241,0.192,0.061,1.153,9.953,12.856,1.348,2.714,11.986,1.029,0.241,0.192,0.061,1.153,21.024,W
10.153,13.177,1.182,2.789,12.173,1.03,0.247,0.213,0.041,1.162,10.153,13.177,1.182,2.789,12.173,1.03,0.247,0.213,0.041,1.162,21.024,W
11.068,14.171,1.258,3.222,13.438,1.006,0.258,0.199,0.063,1.127,11.068,14.171,1.258,3.222,13.438,1.006,0.258,0.199,0.063,1.127,17.263,W
1.435,3.889,0.666,0.112,1.345,2.808,0.686,0.468,0.338,2.48,1.435,3.889,0.666,0.112,1.345,2.808,0.686,0.468,0.338,2.48,117.835,X
1.424,3.701,0.703,0.149,1.276,2.803,0.673,0.468,0.348,2.479,1.424,3.701,0.703,0.149,1.276,2.803,0.673,0.468,0.348,2.479,114.529,X
1.392,3.594,0.666,0.124,1.28,2.716,0.704,0.472,0.343,2.399,1.392,3.594,0.666,0.124,1.28,2.716,0.704,0.472,0.343,2.399,114.529,X
1.417,3.649,0.749,0.134,1.285,2.749,0.684,0.515,0.315,2.475,1.417,3.649,0.749,0.134,1.285,2.749,0.684,0.515,0.315,2.475,112.752,X
1.4,3.486,0.729,0.138,1.282,2.613,0.702,0.529,0.334,2.33,1.4,3.486,0.729,0.138,1.282,2.613,0.702,0.529,0.334,2.33,113.635,X
1.421,3.591,0.702,0.125,1.33,2.607,0.701,0.515,0.336,2.345,1.421,3.591,0.702,0.125,1.33,2.607,0.701,0.515,0.336,2.345,113.635,X
1.459,3.755,0.726,0.137,1.346,2.69,0.675,0.509,0.316,2.446,1.459,3.755,0.726,0.137,1.346,2.69,0.675,0.509,0.316,2.446,114.63,X
1.466,3.764,0.739,0.111,1.418,2.581,0.688,0.538,0.31,2.316,1.466,3.764,0.739,0.111,1.418,2.581,0.688,0.538,0.31,2.316,113.635,X
1.47,4.035,0.746,0.133,1.47,2.682,0.702,0.565,0.316,2.423,1.47,4.035,0.746,0.133,1.47,2.682,0.702,0.565,0.316,2.423,114.355,X
1.476,3.864,0.745,0.135,1.373,2.716,0.668,0.528,0.349,2.431,1.476,3.864,0.745,0.135,1.373,2.716,0.668,0.528,0.349,2.431,112.446,X
1.443,3.889,0.666,0.124,1.352,2.784,0.69,0.482,0.349,2.494,1.443,3.889,0.666,0.124,1.352,2.784,0.69,0.482,0.349,2.494,113.283,X
1.483,3.894,0.691,0.113,1.41,2.683,0.671,0.488,0.334,2.384,1.483,3.894,0.691,0.113,1.41,2.683,0.671,0.488,0.334,2.384,112.285,X
1.482,3.879,0.691,0.115,1.426,2.644,0.678,0.498,0.33,2.352,1.482,3.879,0.691,0.115,1.426,2.644,0.678,0.498,0.33,2.352,112.361,X
1.474,3.933,0.715,0.108,1.38,2.772,0.667,0.489,0.325,2.464,1.474,3.933,0.715,0.108,1.38,2.772,0.667,0.489,0.325,2.464,115.278,X
1.469,3.985,0.66,0.059,1.422,2.761,0.676,0.452,0.334,2.424,1.469,3.985,0.66,0.059,1.422,2.761,0.676,0.452,0.334,2.424,116.155,X
1.491,4.011,0.636,0.099,1.498,2.637,0.689,0.469,0.319,2.347,1.491,4.011,0.636,0.099,1.498,2.637,0.689,0.469,0.319,2.347,114.158,X
1.519,4.018,0.647,0.149,1.551,2.541,0.683,0.489,0.316,2.245,1.519,4.018,0.647,0.149,1.551,2.541,0.683,0.489,0.316,2.245,112.219,X
1.483,3.931,0.657,0.036,1.452,2.684,0.671,0.442,0.312,2.363,1.483,3.931,0.657,0.036,1.452,2.684,0.671,0.442,0.312,2.363,112.161,X
1.477,3.917,0.656,0.083,1.468,2.626,0.689,0.476,0.322,2.342,1.477,3.917,0.656,0.083,1.468,2.626,0.689,0.476,0.322,2.342,112.112,X
1.48,3.837,0.673,0.085,1.404,2.675,0.666,0.452,0.315,2.383,1.48,3.837,0.673,0.085,1.404,2.675,0.666,0.452,0.315,2.383,113.159,X
1.49,3.926,0.647,0.091,1.43,2.681,0.669,0.448,0.332,2.368,1.49,3.926,0.647,0.091,1.43,2.681,0.669,0.448,0.332,2.368,113.217,X
2.136,3.258,0.967,1.078,1.876,1.286,0.32,0.159,0.163,1.204,2.136,3.258,0.967,1.078,1.876,1.286,0.32,0.159,0.163,1.204,239.767,Y
2.144,3.26,0.968,1.085,1.844,1.299,0.304,0.151,0.156,1.226,2.144,3.26,0.968,1.085,1.844,1.299,0.304,0.151,0.156,1.226,242.471,Y
2.156,3.282,0.959,1.079,1.855,1.308,0.301,0.152,0.152,1.23,2.156,3.282,0.959,1.079,1.855,1.308,0.301,0.152,0.152,1.23,244.659,Y
2.13,3.258,0.951,1.058,1.822,1.318,0.309,0.158,0.154,1.239,2.13,3.258,0.951,1.058,1.822,1.318,0.309,0.158,0.154,1.239,241.118,Y
2.164,3.322,0.95,1.083,1.852,1.322,0.303,0.154,0.154,1.254,2.164,3.322,0.95,1.083,1.852,1.322,0.303,0.154,0.154,1.254,232.243,Y
2.162,3.309,0.945,1.069,1.846,1.324,0.309,0.159,0.154,1.251,2.162,3.309,0.945,1.069,1.846,1.324,0.309,0.159,0.154,1.251,234.412,Y
2.115,3.198,0.937,1.043,1.795,1.31,0.3,0.154,0.151,1.225,2.115,3.198,0.937,1.043,1.795,1.31,0.3,0.154,0.151,1.225,233.529,Y
2.101,3.17,0.938,1.074,1.813,1.277,0.319,0.165,0.161,1.197,2.101,3.17,0.938,1.074,1.813,1.277,0.319,0.165,0.161,1.197,235.765,Y
2.108,3.145,0.939,1.062,1.832,1.259,0.325,0.167,0.162,1.171,2.108,3.145,0.939,1.062,1.832,1.259,0.325,0.167,0.162,1.171,238.816,Y
2.08,3.135,0.931,1.053,1.8,1.275,0.324,0.169,0.16,1.187,2.08,3.135,0.931,1.053,1.8,1.275,0.324,0.169,0.16,1.187,236.58,Y
2.093,3.149,0.943,1.033,1.77,1.302,0.304,0.15,0.156,1.214,2.093,3.149,0.943,1.033,1.77,1.302,0.304,0.15,0.156,1.214,239.27,Y
2.057,3.126,0.908,1.018,1.746,1.315,0.314,0.163,0.158,1.218,2.057,3.126,0.908,1.018,1.746,1.315,0.314,0.163,0.158,1.218,233.019,Y
2.104,3.215,0.926,1.047,1.817,1.304,0.316,0.171,0.151,1.219,2.104,3.215,0.926,1.047,1.817,1.304,0.316,0.171,0.151,1.219,234.787,Y
2.1,3.191,0.951,1.023,1.793,1.313,0.315,0.162,0.154,1.223,2.1,3.191,0.951,1.023,1.793,1.313,0.315,0.162,0.154,1.223,233.026,Y
2.122,3.209,0.958,1.045,1.808,1.305,0.311,0.157,0.155,1.222,2.122,3.209,0.958,1.045,1.808,1.305,0.311,0.157,0.155,1.222,237.924,Y
2.081,3.143,0.924,1.002,1.747,1.327,0.312,0.159,0.156,1.228,2.081,3.143,0.924,1.002,1.747,1.327,0.312,0.159,0.156,1.228,234.344,Y
2.132,3.203,0.964,1.042,1.816,1.301,0.305,0.151,0.154,1.213,2.132,3.203,0.964,1.042,1.816,1.301,0.305,0.151,0.154,1.213,235.296,Y
2.121,3.241,0.922,1.017,1.829,1.325,0.313,0.157,0.161,1.226,2.121,3.241,0.922,1.017,1.829,1.325,0.313,0.157,0.161,1.226,233.019,Y
2.16,3.256,0.925,1.033,1.846,1.306,0.316,0.156,0.164,1.223,2.16,3.256,0.925,1.033,1.846,1.306,0.316,0.156,0.164,1.223,237.034,Y
2.167,3.306,0.921,1.051,1.866,1.319,0.316,0.162,0.161,1.236,2.167,3.306,0.921,1.051,1.866,1.319,0.316,0.162,0.161,1.236,230.783,Y
2.085,3.168,0.894,1.033,1.804,1.301,0.33,0.169,0.172,1.203,2.085,3.168,0.894,1.033,1.804,1.301,0.33,0.169,0.172,1.203,233.019,Y
0.654,0.952,0.988,0.864,0.244,0.45,0.586,0.519,0.086,0.22,0.654,0.952,0.988,0.864,0.244,0.45,0.586,0.519,0.086,0.22,82.492,Z
0.649,0.95,0.976,0.862,0.249,0.442,0.594,0.475,0.137,0.209,0.649,0.95,0.976,0.862,0.249,0.442,0.594,0.475,0.137,0.209,83.355,Z
0.646,0.952,0.981,0.86,0.248,0.474,0.609,0.508,0.125,0.208,0.646,0.952,0.981,0.86,0.248,0.474,0.609,0.508,0.125,0.208,82.492,Z
0.656,0.956,0.981,0.855,0.234,0.504,0.655,0.551,0.133,0.199,0.656,0.956,0.981,0.855,0.234,0.504,0.655,0.551,0.133,0.199,82.298,Z
0.648,0.957,0.982,0.864,0.246,0.48,0.6,0.505,0.11,0.192,0.648,0.957,0.982,0.864,0.246,0.48,0.6,0.505,0.11,0.192,85.422,Z
0.641,0.952,0.981,0.86,0.249,0.457,0.605,0.505,0.124,0.204,0.641,0.952,0.981,0.86,0.249,0.457,0.605,0.505,0.124,0.204,87.71,Z
0.639,0.951,0.977,0.854,0.245,0.492,0.642,0.53,0.12,0.208,0.639,0.951,0.977,0.854,0.245,0.492,0.642,0.53,0.12,0.208,89.944,Z
0.645,0.948,0.977,0.855,0.235,0.482,0.654,0.539,0.125,0.234,0.645,0.948,0.977,0.855,0.235,0.482,0.654,0.539,0.125,0.234,89.9,Z
0.639,0.954,0.977,0.865,0.256,0.445,0.563,0.457,0.115,0.204,0.639,0.954,0.977,0.865,0.256,0.445,0.563,0.457,0.115,0.204,91.302,Z
0.638,0.953,0.972,0.862,0.258,0.457,0.579,0.447,0.139,0.199,0.638,0.953,0.972,0.862,0.258,0.457,0.579,0.447,0.139,0.199,91.788,Z
0.648,0.958,0.975,0.86,0.244,0.511,0.624,0.491,0.152,0.193,0.648,0.958,0.975,0.86,0.244,0.511,0.624,0.491,0.152,0.193,92.59,Z
0.619,0.947,0.98,0.86,0.255,0.445,0.598,0.494,0.119,0.213,0.619,0.947,0.98,0.86,0.255,0.445,0.598,0.494,0.119,0.213,101.533,Z
0.648,0.955,0.981,0.861,0.246,0.505,0.613,0.516,0.108,0.212,0.648,0.955,0.981,0.861,0.246,0.505,0.613,0.516,0.108,0.212,92.661,Z
0.645,0.948,0.982,0.862,0.248,0.444,0.595,0.509,0.092,0.221,0.645,0.948,0.982,0.862,0.248,0.444,0.595,0.509,0.092,0.221,94.021,Z
0.643,0.953,0.98,0.856,0.244,0.504,0.642,0.535,0.125,0.206,0.643,0.953,0.98,0.856,0.244,0.504,0.642,0.535,0.125,0.206,94.895,Z
0.621,0.948,0.98,0.862,0.271,0.428,0.556,0.456,0.114,0.204,0.621,0.948,0.98,0.862,0.271,0.428,0.556,0.456,0.114,0.204,98.615,Z
0.633,0.948,0.964,0.84,0.242,0.55,0.708,0.533,0.189,0.228,0.633,0.948,0.964,0.84,0.242,0.55,0.708,0.533,0.189,0.228,96.649,Z
0.643,0.947,0.96,0.844,0.236,0.516,0.69,0.503,0.195,0.238,0.643,0.947,0.96,0.844,0.236,0.516,0.69,0.503,0.195,0.238,93.536,Z
0.634,0.959,0.973,0.856,0.265,0.515,0.596,0.465,0.144,0.186,0.634,0.959,0.973,0.856,0.265,0.515,0.596,0.465,0.144,0.186,94.154,Z
0.627,0.959,0.983,0.862,0.277,0.48,0.554,0.466,0.107,0.177,0.627,0.959,0.983,0.862,0.277,0.48,0.554,0.466,0.107,0.177,96.897,Z
0.625,0.954,0.972,0.854,0.267,0.487,0.595,0.46,0.156,0.194,0.625,0.954,0.972,0.854,0.267,0.487,0.595,0.46,0.156,0.194,96.897,Z
