1.85,1.152,0.839,0.798,1.504,0.478,0.324,0.152,0.174,0.154,1.85,1.152,0.839,0.798,1.504,0.478,0.324,0.152,0.174,0.154,29.017
1.843,1.144,0.817,0.773,1.5,0.478,0.327,0.152,0.179,0.152,1.843,1.144,0.817,0.773,1.5,0.478,0.327,0.152,0.179,0.152,28.0
1.861,1.145,0.829,0.806,1.516,0.476,0.323,0.159,0.17,0.153,1.861,1.145,0.829,0.806,1.516,0.476,0.323,0.159,0.17,0.153,30.017
1.858,1.138,0.815,0.784,1.52,0.471,0.327,0.149,0.183,0.144,1.858,1.138,0.815,0.784,1.52,0.471,0.327,0.149,0.183,0.144,32.062
1.86,1.141,0.834,0.797,1.502,0.469,0.323,0.152,0.174,0.146,1.86,1.141,0.834,0.797,1.502,0.469,0.323,0.152,0.174,0.146,30.017
1.875,1.149,0.825,0.791,1.524,0.467,0.321,0.15,0.175,0.146,1.875,1.149,0.825,0.791,1.524,0.467,0.321,0.15,0.175,0.146,30.0
1.88,1.164,0.836,0.796,1.54,0.472,0.317,0.145,0.174,0.155,1.88,1.164,0.836,0.796,1.54,0.472,0.317,0.145,0.174,0.155,29.017
1.837,1.145,0.82,0.802,1.496,0.469,0.32,0.146,0.181,0.149,1.837,1.145,0.82,0.802,1.496,0.469,0.32,0.146,0.181,0.149,30.0
1.846,1.148,0.816,0.784,1.498,0.472,0.323,0.147,0.181,0.149,1.846,1.148,0.816,0.784,1.498,0.472,0.323,0.147,0.181,0.149,32.0
1.847,1.147,0.828,0.799,1.502,0.471,0.322,0.147,0.179,0.149,1.847,1.147,0.828,0.799,1.502,0.471,0.322,0.147,0.179,0.149,33.015
1.843,1.145,0.817,0.799,1.515,0.473,0.319,0.146,0.18,0.154,1.843,1.145,0.817,0.799,1.515,0.473,0.319,0.146,0.18,0.154,31.145
1.834,1.138,0.815,0.79,1.527,0.477,0.332,0.151,0.185,0.146,1.834,1.138,0.815,0.79,1.527,0.477,0.332,0.151,0.185,0.146,30.067
1.841,1.145,0.828,0.8,1.527,0.482,0.33,0.158,0.176,0.153,1.841,1.145,0.828,0.8,1.527,0.482,0.33,0.158,0.176,0.153,31.257
1.856,1.138,0.827,0.804,1.537,0.468,0.323,0.144,0.182,0.146,1.856,1.138,0.827,0.804,1.537,0.468,0.323,0.144,0.182,0.146,30.15
1.836,1.125,0.826,0.798,1.508,0.461,0.318,0.151,0.172,0.145,1.836,1.125,0.826,0.798,1.508,0.461,0.318,0.151,0.172,0.145,31.016
1.847,1.135,0.833,0.789,1.532,0.463,0.319,0.145,0.176,0.145,1.847,1.135,0.833,0.789,1.532,0.463,0.319,0.145,0.176,0.145,32.14
1.848,1.127,0.832,0.784,1.522,0.456,0.313,0.139,0.176,0.145,1.848,1.127,0.832,0.784,1.522,0.456,0.313,0.139,0.176,0.145,30.15
1.84,1.141,0.821,0.785,1.522,0.471,0.319,0.145,0.178,0.152,1.84,1.141,0.821,0.785,1.522,0.471,0.319,0.145,0.178,0.152,30.067
1.867,1.145,0.81,0.786,1.564,0.46,0.315,0.142,0.179,0.145,1.867,1.145,0.81,0.786,1.564,0.46,0.315,0.142,0.179,0.145,29.275
1.837,1.12,0.822,0.795,1.519,0.456,0.321,0.149,0.176,0.136,1.837,1.12,0.822,0.795,1.519,0.456,0.321,0.149,0.176,0.136,31.145

0.927,1.043,0.995,1.003,0.098,2.081,1.656,0.862,0.795,0.562,0.927,1.043,0.995,1.003,0.098,2.081,1.656,0.862,0.795,0.562,70.0
0.967,1.035,0.988,1.006,0.064,3.012,2.568,1.37,1.223,0.665,0.967,1.035,0.988,1.006,0.064,3.012,2.568,1.37,1.223,0.665,63.655
0.961,1.049,0.994,1.007,0.078,2.665,2.209,1.194,1.018,0.72,0.961,1.049,0.994,1.007,0.078,2.665,2.209,1.194,1.018,0.72,66.843
0.94,1.042,0.996,1.008,0.106,1.925,1.599,0.92,0.681,0.48,0.94,1.042,0.996,1.008,0.106,1.925,1.599,0.92,0.681,0.48,68.6
0.948,1.035,0.994,1.019,0.099,2.09,1.879,1.089,0.801,0.393,0.948,1.035,0.994,1.019,0.099,2.09,1.879,1.089,0.801,0.393,70.434
0.931,1.033,0.988,1.007,0.103,1.88,1.719,0.912,0.822,0.342,0.931,1.033,0.988,1.007,0.103,1.88,1.719,0.912,0.822,0.342,67.624
0.94,1.035,0.989,1.002,0.103,1.883,1.595,0.841,0.763,0.415,0.94,1.035,0.989,1.002,0.103,1.883,1.595,0.841,0.763,0.415,62.482
0.942,1.029,0.992,1.005,0.094,2.186,1.946,0.983,0.966,0.364,0.942,1.029,0.992,1.005,0.094,2.186,1.946,0.983,0.966,0.364,62.626
0.932,1.027,0.987,1.019,0.124,1.611,1.491,0.787,0.731,0.244,0.932,1.027,0.987,1.019,0.124,1.611,1.491,0.787,0.731,0.244,71.84
0.922,1.034,0.993,1.013,0.142,1.456,1.303,0.665,0.644,0.274,0.922,1.034,0.993,1.013,0.142,1.456,1.303,0.665,0.644,0.274,73.007
0.901,1.029,0.987,1.001,0.147,1.374,1.178,0.578,0.606,0.259,0.901,1.029,0.987,1.001,0.147,1.374,1.178,0.578,0.606,0.259,71.561
0.889,1.048,0.988,1.012,0.162,1.252,1.046,0.546,0.515,0.339,0.889,1.048,0.988,1.012,0.162,1.252,1.046,0.546,0.515,0.339,75.452
0.911,1.028,0.975,1.0,0.138,1.5,1.334,0.677,0.691,0.242,0.911,1.028,0.975,1.0,0.138,1.5,1.334,0.677,0.691,0.242,66.888
0.878,1.028,0.981,1.0,0.164,1.187,1.049,0.524,0.541,0.203,0.878,1.028,0.981,1.0,0.164,1.187,1.049,0.524,0.541,0.203,71.868
0.894,1.034,0.98,0.999,0.152,1.297,1.144,0.571,0.59,0.251,0.894,1.034,0.98,0.999,0.152,1.297,1.144,0.571,0.59,0.251,64.885
0.892,1.034,0.981,1.0,0.136,1.436,1.266,0.632,0.653,0.278,0.892,1.034,0.981,1.0,0.136,1.436,1.266,0.632,0.653,0.278,71.281
0.923,1.041,0.981,1.006,0.127,1.558,1.333,0.701,0.662,0.368,0.923,1.041,0.981,1.006,0.127,1.558,1.333,0.701,0.662,0.368,65.803
0.897,1.041,0.987,1.012,0.139,1.458,1.262,0.637,0.643,0.335,0.897,1.041,0.987,1.012,0.139,1.458,1.262,0.637,0.643,0.335,67.417
0.933,1.035,0.98,0.999,0.114,1.825,1.57,0.758,0.835,0.368,0.933,1.035,0.98,0.999,0.114,1.825,1.57,0.758,0.835,0.368,63.411
0.898,1.035,0.984,0.99,0.142,1.544,1.334,0.629,0.707,0.294,0.898,1.035,0.984,0.99,0.142,1.544,1.334,0.629,0.707,0.294,75.166
0.908,1.032,0.979,0.995,0.128,1.598,1.465,0.752,0.731,0.266,0.908,1.032,0.979,0.995,0.128,1.598,1.465,0.752,0.731,0.266,74.887

0.702,1.007,0.938,0.806,0.482,0.574,0.502,0.306,0.213,0.107,0.702,1.007,0.938,0.806,0.482,0.574,0.502,0.306,0.213,0.107,1.0
0.702,1.007,0.938,0.806,0.482,0.574,0.502,0.306,0.213,0.107,0.702,1.007,0.938,0.806,0.482,0.574,0.502,0.306,0.213,0.107,1.0
0.724,1.012,0.924,0.81,0.493,0.545,0.463,0.248,0.234,0.116,0.724,1.012,0.924,0.81,0.493,0.545,0.463,0.248,0.234,0.116,3.606
0.724,1.012,0.924,0.81,0.493,0.545,0.463,0.248,0.234,0.116,0.724,1.012,0.924,0.81,0.493,0.545,0.463,0.248,0.234,0.116,3.606
0.719,1.016,0.929,0.805,0.501,0.591,0.493,0.279,0.232,0.127,0.719,1.016,0.929,0.805,0.501,0.591,0.493,0.279,0.232,0.127,2.236
0.719,1.016,0.929,0.805,0.501,0.591,0.493,0.279,0.232,0.127,0.719,1.016,0.929,0.805,0.501,0.591,0.493,0.279,0.232,0.127,2.236
0.711,1.002,0.934,0.8,0.495,0.608,0.514,0.302,0.236,0.149,0.711,1.002,0.934,0.8,0.495,0.608,0.514,0.302,0.236,0.149,2.236
0.711,1.002,0.934,0.8,0.495,0.608,0.514,0.302,0.236,0.149,0.711,1.002,0.934,0.8,0.495,0.608,0.514,0.302,0.236,0.149,2.236
0.711,1.002,0.934,0.8,0.495,0.608,0.514,0.302,0.236,0.149,0.711,1.002,0.934,0.8,0.495,0.608,0.514,0.302,0.236,0.149,2.236
0.711,1.002,0.934,0.8,0.495,0.608,0.514,0.302,0.236,0.149,0.711,1.002,0.934,0.8,0.495,0.608,0.514,0.302,0.236,0.149,2.236
0.711,1.002,0.934,0.8,0.495,0.608,0.514,0.302,0.236,0.149,0.711,1.002,0.934,0.8,0.495,0.608,0.514,0.302,0.236,0.149,2.236
0.703,1.006,0.945,0.807,0.486,0.597,0.511,0.315,0.227,0.126,0.703,1.006,0.945,0.807,0.486,0.597,0.511,0.315,0.227,0.126,1.414
0.703,1.006,0.945,0.807,0.486,0.597,0.511,0.315,0.227,0.126,0.703,1.006,0.945,0.807,0.486,0.597,0.511,0.315,0.227,0.126,1.414
0.703,1.006,0.945,0.807,0.486,0.597,0.511,0.315,0.227,0.126,0.703,1.006,0.945,0.807,0.486,0.597,0.511,0.315,0.227,0.126,1.414
0.698,1.018,0.932,0.796,0.47,0.644,0.524,0.308,0.245,0.164,0.698,1.018,0.932,0.796,0.47,0.644,0.524,0.308,0.245,0.164,1.0
0.698,1.018,0.932,0.796,0.47,0.644,0.524,0.308,0.245,0.164,0.698,1.018,0.932,0.796,0.47,0.644,0.524,0.308,0.245,0.164,1.0
0.716,1.024,0.929,0.796,0.48,0.668,0.53,0.308,0.242,0.174,0.716,1.024,0.929,0.796,0.48,0.668,0.53,0.308,0.242,0.174,1.0
0.716,1.024,0.929,0.796,0.48,0.668,0.53,0.308,0.242,0.174,0.716,1.024,0.929,0.796,0.48,0.668,0.53,0.308,0.242,0.174,1.0
0.716,1.024,0.929,0.796,0.48,0.668,0.53,0.308,0.242,0.174,0.716,1.024,0.929,0.796,0.48,0.668,0.53,0.308,0.242,0.174,1.0
0.716,1.024,0.929,0.796,0.48,0.668,0.53,0.308,0.242,0.174,0.716,1.024,0.929,0.796,0.48,0.668,0.53,0.308,0.242,0.174,1.0
0.716,1.024,0.929,0.796,0.48,0.668,0.53,0.308,0.242,0.174,0.716,1.024,0.929,0.796,0.48,0.668,0.53,0.308,0.242,0.174,1.0

1.695,2.132,0.804,0.692,1.111,1.308,0.318,0.111,0.21,1.019,1.695,2.132,0.804,0.692,1.111,1.308,0.318,0.111,0.21,1.019,122.197
1.687,2.111,0.792,0.687,1.111,1.296,0.324,0.106,0.218,1.001,1.687,2.111,0.792,0.687,1.111,1.296,0.324,0.106,0.218,1.001,124.064
1.689,2.144,0.804,0.691,1.114,1.32,0.323,0.11,0.216,1.028,1.689,2.144,0.804,0.691,1.114,1.32,0.323,0.11,0.216,1.028,122.776
1.721,2.18,0.792,0.678,1.164,1.308,0.325,0.108,0.22,1.016,1.721,2.18,0.792,0.678,1.164,1.308,0.325,0.108,0.22,1.016,124.652
1.695,2.122,0.789,0.671,1.134,1.294,0.334,0.115,0.221,0.991,1.695,2.122,0.789,0.671,1.134,1.294,0.334,0.115,0.221,0.991,125.591
1.694,2.116,0.798,0.674,1.135,1.285,0.332,0.118,0.218,0.985,1.694,2.116,0.798,0.674,1.135,1.285,0.332,0.118,0.218,0.985,125.252
1.724,2.156,0.791,0.678,1.162,1.289,0.326,0.111,0.217,0.996,1.724,2.156,0.791,0.678,1.162,1.289,0.326,0.111,0.217,0.996,123.033
1.677,2.11,0.785,0.661,1.127,1.302,0.344,0.119,0.229,0.986,1.677,2.11,0.785,0.661,1.127,1.302,0.344,0.119,0.229,0.986,123.665
1.727,2.176,0.791,0.683,1.155,1.306,0.322,0.105,0.22,1.02,1.727,2.176,0.791,0.683,1.155,1.306,0.322,0.105,0.22,1.02,123.033
1.721,2.16,0.792,0.685,1.156,1.294,0.325,0.106,0.222,1.005,1.721,2.16,0.792,0.685,1.156,1.294,0.325,0.106,0.222,1.005,123.976
1.729,2.172,0.789,0.67,1.189,1.284,0.331,0.114,0.219,0.986,1.729,2.172,0.789,0.67,1.189,1.284,0.331,0.114,0.219,0.986,124.31
1.731,2.17,0.793,0.676,1.224,1.252,0.334,0.124,0.21,0.956,1.731,2.17,0.793,0.676,1.224,1.252,0.334,0.124,0.21,0.956,123.968
1.739,2.194,0.779,0.68,1.242,1.25,0.337,0.119,0.217,0.962,1.739,2.194,0.779,0.68,1.242,1.25,0.337,0.119,0.217,0.962,122.703
1.675,2.092,0.795,0.69,1.179,1.231,0.352,0.135,0.217,0.926,1.675,2.092,0.795,0.69,1.179,1.231,0.352,0.135,0.217,0.926,122.09
1.666,2.109,0.784,0.678,1.153,1.274,0.351,0.13,0.222,0.963,1.666,2.109,0.784,0.678,1.153,1.274,0.351,0.13,0.222,0.963,119.541
1.686,2.127,0.778,0.673,1.138,1.299,0.351,0.122,0.229,0.993,1.686,2.127,0.778,0.673,1.138,1.299,0.351,0.122,0.229,0.993,118.929
1.695,2.152,0.785,0.68,1.159,1.293,0.342,0.122,0.22,0.995,1.695,2.152,0.785,0.68,1.159,1.293,0.342,0.122,0.22,0.995,118.474
1.679,2.137,0.777,0.669,1.133,1.311,0.352,0.117,0.236,1.008,1.679,2.137,0.777,0.669,1.133,1.311,0.352,0.117,0.236,1.008,121.264
1.699,2.156,0.787,0.681,1.162,1.29,0.341,0.129,0.213,0.998,1.699,2.156,0.787,0.681,1.162,1.29,0.341,0.129,0.213,0.998,121.631
1.703,2.186,0.778,0.669,1.169,1.317,0.348,0.122,0.226,1.019,1.703,2.186,0.778,0.669,1.169,1.317,0.348,0.122,0.226,1.019,120.333
1.674,2.136,0.785,0.668,1.125,1.318,0.35,0.127,0.224,1.015,1.674,2.136,0.785,0.668,1.125,1.318,0.35,0.127,0.224,1.015,118.474

1.002,1.919,0.948,0.841,0.503,3.259,0.806,0.456,0.366,2.457,1.002,1.919,0.948,0.841,0.503,3.259,0.806,0.456,0.366,2.457,93.15
1.031,1.936,0.958,0.862,0.474,3.484,0.846,0.459,0.407,2.639,1.031,1.936,0.958,0.862,0.474,3.484,0.846,0.459,0.407,2.639,99.479
1.031,1.936,0.958,0.862,0.474,3.484,0.846,0.459,0.407,2.639,1.031,1.936,0.958,0.862,0.474,3.484,0.846,0.459,0.407,2.639,99.479
1.148,2.149,0.961,0.873,0.621,2.987,0.705,0.395,0.323,2.284,1.148,2.149,0.961,0.873,0.621,2.987,0.705,0.395,0.323,2.284,98.813
1.046,1.971,0.96,0.883,0.48,3.531,0.852,0.487,0.375,2.679,1.046,1.971,0.96,0.883,0.48,3.531,0.852,0.487,0.375,2.679,100.344
1.044,2.02,0.976,0.887,0.546,3.144,0.757,0.426,0.353,2.388,1.044,2.02,0.976,0.887,0.546,3.144,0.757,0.426,0.353,2.388,91.302
1.044,2.02,0.976,0.887,0.546,3.144,0.757,0.426,0.353,2.388,1.044,2.02,0.976,0.887,0.546,3.144,0.757,0.426,0.353,2.388,91.302
1.044,2.02,0.976,0.887,0.546,3.144,0.757,0.426,0.353,2.388,1.044,2.02,0.976,0.887,0.546,3.144,0.757,0.426,0.353,2.388,91.302
1.044,2.02,0.976,0.887,0.546,3.144,0.757,0.426,0.353,2.388,1.044,2.02,0.976,0.887,0.546,3.144,0.757,0.426,0.353,2.388,91.302
1.044,2.02,0.976,0.887,0.546,3.144,0.757,0.426,0.353,2.388,1.044,2.02,0.976,0.887,0.546,3.144,0.757,0.426,0.353,2.388,91.302
1.044,2.02,0.976,0.887,0.546,3.144,0.757,0.426,0.353,2.388,1.044,2.02,0.976,0.887,0.546,3.144,0.757,0.426,0.353,2.388,91.302
1.044,2.02,0.976,0.887,0.546,3.144,0.757,0.426,0.353,2.388,1.044,2.02,0.976,0.887,0.546,3.144,0.757,0.426,0.353,2.388,91.302
1.044,2.02,0.976,0.887,0.546,3.144,0.757,0.426,0.353,2.388,1.044,2.02,0.976,0.887,0.546,3.144,0.757,0.426,0.353,2.388,91.302
1.044,2.02,0.976,0.887,0.546,3.144,0.757,0.426,0.353,2.388,1.044,2.02,0.976,0.887,0.546,3.144,0.757,0.426,0.353,2.388,91.302
1.044,2.02,0.976,0.887,0.546,3.144,0.757,0.426,0.353,2.388,1.044,2.02,0.976,0.887,0.546,3.144,0.757,0.426,0.353,2.388,91.302
1.044,2.02,0.976,0.887,0.546,3.144,0.757,0.426,0.353,2.388,1.044,2.02,0.976,0.887,0.546,3.144,0.757,0.426,0.353,2.388,91.302
1.044,2.02,0.976,0.887,0.546,3.144,0.757,0.426,0.353,2.388,1.044,2.02,0.976,0.887,0.546,3.144,0.757,0.426,0.353,2.388,91.302
1.044,2.02,0.976,0.887,0.546,3.144,0.757,0.426,0.353,2.388,1.044,2.02,0.976,0.887,0.546,3.144,0.757,0.426,0.353,2.388,91.302
1.044,2.02,0.976,0.887,0.546,3.144,0.757,0.426,0.353,2.388,1.044,2.02,0.976,0.887,0.546,3.144,0.757,0.426,0.353,2.388,91.302
1.044,2.02,0.976,0.887,0.546,3.144,0.757,0.426,0.353,2.388,1.044,2.02,0.976,0.887,0.546,3.144,0.757,0.426,0.353,2.388,91.302
1.044,2.02,0.976,0.887,0.546,3.144,0.757,0.426,0.353,2.388,1.044,2.02,0.976,0.887,0.546,3.144,0.757,0.426,0.353,2.388,91.302

1.035,1.908,0.959,0.882,0.46,3.736,0.882,0.461,0.436,2.861,1.035,1.908,0.959,0.882,0.46,3.736,0.882,0.461,0.436,2.861,118.258
1.047,1.904,0.959,0.891,0.498,3.493,0.87,0.475,0.406,2.627,1.047,1.904,0.959,0.891,0.498,3.493,0.87,0.475,0.406,2.627,118.14
1.043,1.889,0.96,0.885,0.474,3.608,0.883,0.478,0.419,2.731,1.043,1.889,0.96,0.885,0.474,3.608,0.883,0.478,0.419,2.731,118.828
1.016,1.884,0.956,0.89,0.481,3.58,0.859,0.469,0.398,2.729,1.016,1.884,0.956,0.89,0.481,3.58,0.859,0.469,0.398,2.729,116.778
1.031,1.883,0.959,0.9,0.499,3.511,0.86,0.468,0.4,2.658,1.031,1.883,0.959,0.9,0.499,3.511,0.86,0.468,0.4,2.658,118.106
1.031,1.876,0.946,0.877,0.483,3.604,0.906,0.485,0.428,2.71,1.031,1.876,0.946,0.877,0.483,3.604,0.906,0.485,0.428,2.71,121.828
1.044,1.91,0.964,0.899,0.504,3.493,0.84,0.468,0.383,2.658,1.044,1.91,0.964,0.899,0.504,3.493,0.84,0.468,0.383,2.658,117.38
1.027,1.893,0.956,0.895,0.5,3.485,0.845,0.452,0.4,2.647,1.027,1.893,0.956,0.895,0.5,3.485,0.845,0.452,0.4,2.647,116.0
1.042,1.9,0.963,0.895,0.491,3.597,0.885,0.47,0.43,2.719,1.042,1.9,0.963,0.895,0.491,3.597,0.885,0.47,0.43,2.719,121.631
1.02,1.886,0.947,0.896,0.529,3.389,0.886,0.477,0.413,2.511,1.02,1.886,0.947,0.896,0.529,3.389,0.886,0.477,0.413,2.511,116.0
1.036,1.88,0.959,0.898,0.511,3.468,0.877,0.478,0.408,2.6,1.036,1.88,0.959,0.898,0.511,3.468,0.877,0.478,0.408,2.6,118.87
1.029,1.92,0.964,0.897,0.514,3.503,0.879,0.497,0.393,2.63,1.029,1.92,0.964,0.897,0.514,3.503,0.879,0.497,0.393,2.63,116.675
1.033,1.897,0.97,0.916,0.484,3.672,0.888,0.467,0.432,2.789,1.033,1.897,0.97,0.916,0.484,3.672,0.888,0.467,0.432,2.789,120.241
1.047,1.9,0.964,0.91,0.521,3.436,0.813,0.451,0.369,2.631,1.047,1.9,0.964,0.91,0.521,3.436,0.813,0.451,0.369,2.631,117.388
1.054,1.931,0.959,0.898,0.54,3.395,0.83,0.43,0.41,2.574,1.054,1.931,0.959,0.898,0.54,3.395,0.83,0.43,0.41,2.574,117.38
1.052,1.886,0.961,0.91,0.505,3.508,0.808,0.456,0.356,2.71,1.052,1.886,0.961,0.91,0.505,3.508,0.808,0.456,0.356,2.71,118.802
1.046,1.942,0.958,0.913,0.552,3.304,0.746,0.396,0.353,2.564,1.046,1.942,0.958,0.913,0.552,3.304,0.746,0.396,0.353,2.564,111.018
1.051,1.891,0.967,0.926,0.515,3.477,0.824,0.438,0.392,2.658,1.051,1.891,0.967,0.926,0.515,3.477,0.824,0.438,0.392,2.658,115.261
1.021,1.873,0.954,0.897,0.497,3.605,0.91,0.495,0.422,2.708,1.021,1.873,0.954,0.897,0.497,3.605,0.91,0.495,0.422,2.708,118.87
1.038,1.915,0.95,0.9,0.525,3.446,0.816,0.45,0.369,2.64,1.038,1.915,0.95,0.9,0.525,3.446,0.816,0.45,0.369,2.64,113.864
1.025,1.923,0.952,0.913,0.553,3.31,0.765,0.413,0.355,2.553,1.025,1.923,0.952,0.913,0.553,3.31,0.765,0.413,0.355,2.553,111.018

1.361,1.058,0.945,0.898,0.983,0.75,0.487,0.233,0.257,0.276,1.361,1.058,0.945,0.898,0.983,0.75,0.487,0.233,0.257,0.276,166.027
1.355,1.053,0.945,0.91,0.95,0.786,0.506,0.244,0.264,0.294,1.355,1.053,0.945,0.91,0.95,0.786,0.506,0.244,0.264,0.294,170.414
1.354,1.042,0.948,0.903,0.947,0.762,0.501,0.24,0.265,0.275,1.354,1.042,0.948,0.903,0.947,0.762,0.501,0.24,0.265,0.275,165.858
1.349,1.056,0.957,0.93,0.942,0.781,0.502,0.236,0.268,0.288,1.349,1.056,0.957,0.93,0.942,0.781,0.502,0.236,0.268,0.288,160.312
1.335,1.048,0.95,0.914,0.929,0.76,0.495,0.239,0.258,0.277,1.335,1.048,0.95,0.914,0.929,0.76,0.495,0.239,0.258,0.277,165.557
1.38,1.062,0.96,0.926,0.968,0.762,0.487,0.236,0.254,0.283,1.38,1.062,0.96,0.926,0.968,0.762,0.487,0.236,0.254,0.283,167.431
1.32,1.033,0.947,0.898,0.916,0.759,0.494,0.246,0.251,0.284,1.32,1.033,0.947,0.898,0.916,0.759,0.494,0.246,0.251,0.284,162.8
1.309,1.018,0.95,0.899,0.905,0.747,0.49,0.23,0.265,0.279,1.309,1.018,0.95,0.899,0.905,0.747,0.49,0.23,0.265,0.279,160.705
1.362,1.05,0.955,0.917,0.964,0.768,0.492,0.239,0.257,0.288,1.362,1.05,0.955,0.917,0.964,0.768,0.492,0.239,0.257,0.288,162.61
1.332,1.034,0.95,0.914,0.936,0.768,0.491,0.242,0.251,0.294,1.332,1.034,0.95,0.914,0.936,0.768,0.491,0.242,0.251,0.294,156.646
1.347,1.049,0.962,0.916,0.95,0.75,0.475,0.233,0.247,0.287,1.347,1.049,0.962,0.916,0.95,0.75,0.475,0.233,0.247,0.287,159.013
1.326,1.036,0.949,0.913,0.926,0.759,0.501,0.242,0.262,0.272,1.326,1.036,0.949,0.913,0.926,0.759,0.501,0.242,0.262,0.272,159.455
1.339,1.05,0.958,0.922,0.95,0.757,0.491,0.238,0.256,0.276,1.339,1.05,0.958,0.922,0.95,0.757,0.491,0.238,0.256,0.276,158.836
1.343,1.051,0.958,0.925,0.953,0.772,0.504,0.24,0.268,0.278,1.343,1.051,0.958,0.925,0.953,0.772,0.504,0.24,0.268,0.278,159.806
1.354,1.05,0.959,0.926,0.958,0.766,0.497,0.251,0.249,0.28,1.354,1.05,0.959,0.926,0.958,0.766,0.497,0.251,0.249,0.28,157.892
1.322,1.048,0.953,0.91,0.953,0.752,0.481,0.239,0.245,0.284,1.322,1.048,0.953,0.91,0.953,0.752,0.481,0.239,0.245,0.284,161.012
1.36,1.061,0.961,0.931,0.978,0.763,0.487,0.246,0.244,0.283,1.36,1.061,0.961,0.931,0.978,0.763,0.487,0.246,0.244,0.283,162.2
1.349,1.044,0.95,0.926,0.948,0.775,0.497,0.247,0.25,0.291,1.349,1.044,0.95,0.926,0.948,0.775,0.497,0.247,0.25,0.291,162.2
1.33,1.068,0.949,0.916,0.944,0.776,0.506,0.249,0.259,0.276,1.33,1.068,0.949,0.916,0.944,0.776,0.506,0.249,0.259,0.276,160.0
1.349,1.044,0.96,0.926,0.963,0.763,0.489,0.237,0.255,0.287,1.349,1.044,0.96,0.926,0.963,0.763,0.489,0.237,0.255,0.287,159.806
1.311,1.035,0.956,0.908,0.933,0.768,0.501,0.246,0.26,0.284,1.311,1.035,0.956,0.908,0.933,0.768,0.501,0.246,0.26,0.284,159.028


0.633,0.8,1.016,0.939,1.24,0.163,0.049,0.062,0.013,0.203,0.633,0.8,1.016,0.939,1.24,0.163,0.049,0.062,0.013,0.203,135.351
0.633,0.8,1.016,0.939,1.24,0.163,0.049,0.062,0.013,0.203,0.633,0.8,1.016,0.939,1.24,0.163,0.049,0.062,0.013,0.203,135.351
0.633,0.8,1.016,0.939,1.24,0.163,0.049,0.062,0.013,0.203,0.633,0.8,1.016,0.939,1.24,0.163,0.049,0.062,0.013,0.203,135.351
0.633,0.8,1.016,0.939,1.24,0.163,0.049,0.062,0.013,0.203,0.633,0.8,1.016,0.939,1.24,0.163,0.049,0.062,0.013,0.203,135.351
0.633,0.8,1.016,0.939,1.24,0.163,0.049,0.062,0.013,0.203,0.633,0.8,1.016,0.939,1.24,0.163,0.049,0.062,0.013,0.203,135.351
0.633,0.8,1.016,0.939,1.24,0.163,0.049,0.062,0.013,0.203,0.633,0.8,1.016,0.939,1.24,0.163,0.049,0.062,0.013,0.203,135.351
0.633,0.8,1.016,0.939,1.24,0.163,0.049,0.062,0.013,0.203,0.633,0.8,1.016,0.939,1.24,0.163,0.049,0.062,0.013,0.203,135.351
0.633,0.8,1.016,0.939,1.24,0.163,0.049,0.062,0.013,0.203,0.633,0.8,1.016,0.939,1.24,0.163,0.049,0.062,0.013,0.203,135.351
0.633,0.8,1.016,0.939,1.24,0.163,0.049,0.062,0.013,0.203,0.633,0.8,1.016,0.939,1.24,0.163,0.049,0.062,0.013,0.203,135.351
0.633,0.8,1.016,0.939,1.24,0.163,0.049,0.062,0.013,0.203,0.633,0.8,1.016,0.939,1.24,0.163,0.049,0.062,0.013,0.203,135.351
0.633,0.8,1.016,0.939,1.24,0.163,0.049,0.062,0.013,0.203,0.633,0.8,1.016,0.939,1.24,0.163,0.049,0.062,0.013,0.203,135.351
0.633,0.8,1.016,0.939,1.24,0.163,0.049,0.062,0.013,0.203,0.633,0.8,1.016,0.939,1.24,0.163,0.049,0.062,0.013,0.203,135.351
0.633,0.8,1.016,0.939,1.24,0.163,0.049,0.062,0.013,0.203,0.633,0.8,1.016,0.939,1.24,0.163,0.049,0.062,0.013,0.203,135.351
0.633,0.8,1.016,0.939,1.24,0.163,0.049,0.062,0.013,0.203,0.633,0.8,1.016,0.939,1.24,0.163,0.049,0.062,0.013,0.203,135.351
0.633,0.8,1.016,0.939,1.24,0.163,0.049,0.062,0.013,0.203,0.633,0.8,1.016,0.939,1.24,0.163,0.049,0.062,0.013,0.203,135.351
0.633,0.8,1.016,0.939,1.24,0.163,0.049,0.062,0.013,0.203,0.633,0.8,1.016,0.939,1.24,0.163,0.049,0.062,0.013,0.203,135.351
0.633,0.8,1.016,0.939,1.24,0.163,0.049,0.062,0.013,0.203,0.633,0.8,1.016,0.939,1.24,0.163,0.049,0.062,0.013,0.203,135.351
0.633,0.8,1.016,0.939,1.24,0.163,0.049,0.062,0.013,0.203,0.633,0.8,1.016,0.939,1.24,0.163,0.049,0.062,0.013,0.203,135.351
0.633,0.8,1.016,0.939,1.24,0.163,0.049,0.062,0.013,0.203,0.633,0.8,1.016,0.939,1.24,0.163,0.049,0.062,0.013,0.203,135.351
0.633,0.8,1.016,0.939,1.24,0.163,0.049,0.062,0.013,0.203,0.633,0.8,1.016,0.939,1.24,0.163,0.049,0.062,0.013,0.203,135.351

1.5,1.137,0.966,0.924,1.737,0.754,0.382,0.171,0.219,0.408,1.5,1.137,0.966,0.924,1.737,0.754,0.382,0.171,0.219,0.408,336.964
1.5,1.137,0.966,0.924,1.737,0.754,0.382,0.171,0.219,0.408,1.5,1.137,0.966,0.924,1.737,0.754,0.382,0.171,0.219,0.408,336.964
1.5,1.137,0.966,0.924,1.737,0.754,0.382,0.171,0.219,0.408,1.5,1.137,0.966,0.924,1.737,0.754,0.382,0.171,0.219,0.408,336.964
1.5,1.137,0.966,0.924,1.737,0.754,0.382,0.171,0.219,0.408,1.5,1.137,0.966,0.924,1.737,0.754,0.382,0.171,0.219,0.408,336.964
1.5,1.137,0.966,0.924,1.737,0.754,0.382,0.171,0.219,0.408,1.5,1.137,0.966,0.924,1.737,0.754,0.382,0.171,0.219,0.408,336.964
1.5,1.137,0.966,0.924,1.737,0.754,0.382,0.171,0.219,0.408,1.5,1.137,0.966,0.924,1.737,0.754,0.382,0.171,0.219,0.408,336.964
1.5,1.137,0.966,0.924,1.737,0.754,0.382,0.171,0.219,0.408,1.5,1.137,0.966,0.924,1.737,0.754,0.382,0.171,0.219,0.408,336.964
1.5,1.137,0.966,0.924,1.737,0.754,0.382,0.171,0.219,0.408,1.5,1.137,0.966,0.924,1.737,0.754,0.382,0.171,0.219,0.408,336.964
1.5,1.137,0.966,0.924,1.737,0.754,0.382,0.171,0.219,0.408,1.5,1.137,0.966,0.924,1.737,0.754,0.382,0.171,0.219,0.408,336.964
1.5,1.137,0.966,0.924,1.737,0.754,0.382,0.171,0.219,0.408,1.5,1.137,0.966,0.924,1.737,0.754,0.382,0.171,0.219,0.408,336.964
1.5,1.137,0.966,0.924,1.737,0.754,0.382,0.171,0.219,0.408,1.5,1.137,0.966,0.924,1.737,0.754,0.382,0.171,0.219,0.408,336.964
1.5,1.137,0.966,0.924,1.737,0.754,0.382,0.171,0.219,0.408,1.5,1.137,0.966,0.924,1.737,0.754,0.382,0.171,0.219,0.408,336.964
1.5,1.137,0.966,0.924,1.737,0.754,0.382,0.171,0.219,0.408,1.5,1.137,0.966,0.924,1.737,0.754,0.382,0.171,0.219,0.408,336.964
1.5,1.137,0.966,0.924,1.737,0.754,0.382,0.171,0.219,0.408,1.5,1.137,0.966,0.924,1.737,0.754,0.382,0.171,0.219,0.408,336.964
1.5,1.137,0.966,0.924,1.737,0.754,0.382,0.171,0.219,0.408,1.5,1.137,0.966,0.924,1.737,0.754,0.382,0.171,0.219,0.408,336.964
1.5,1.137,0.966,0.924,1.737,0.754,0.382,0.171,0.219,0.408,1.5,1.137,0.966,0.924,1.737,0.754,0.382,0.171,0.219,0.408,336.964
1.5,1.137,0.966,0.924,1.737,0.754,0.382,0.171,0.219,0.408,1.5,1.137,0.966,0.924,1.737,0.754,0.382,0.171,0.219,0.408,336.964
1.5,1.137,0.966,0.924,1.737,0.754,0.382,0.171,0.219,0.408,1.5,1.137,0.966,0.924,1.737,0.754,0.382,0.171,0.219,0.408,336.964
1.5,1.137,0.966,0.924,1.737,0.754,0.382,0.171,0.219,0.408,1.5,1.137,0.966,0.924,1.737,0.754,0.382,0.171,0.219,0.408,336.964
1.5,1.137,0.966,0.924,1.737,0.754,0.382,0.171,0.219,0.408,1.5,1.137,0.966,0.924,1.737,0.754,0.382,0.171,0.219,0.408,336.964
1.5,1.137,0.966,0.924,1.737,0.754,0.382,0.171,0.219,0.408,1.5,1.137,0.966,0.924,1.737,0.754,0.382,0.171,0.219,0.408,336.964

0.875,1.006,0.953,0.835,1.13,0.393,0.301,0.178,0.131,0.11,0.875,1.006,0.953,0.835,1.13,0.393,0.301,0.178,0.131,0.11,290.291
0.875,1.006,0.953,0.835,1.13,0.393,0.301,0.178,0.131,0.11,0.875,1.006,0.953,0.835,1.13,0.393,0.301,0.178,0.131,0.11,290.291
0.875,1.006,0.953,0.835,1.13,0.393,0.301,0.178,0.131,0.11,0.875,1.006,0.953,0.835,1.13,0.393,0.301,0.178,0.131,0.11,290.291
0.875,1.006,0.953,0.835,1.13,0.393,0.301,0.178,0.131,0.11,0.875,1.006,0.953,0.835,1.13,0.393,0.301,0.178,0.131,0.11,290.291
0.875,1.006,0.953,0.835,1.13,0.393,0.301,0.178,0.131,0.11,0.875,1.006,0.953,0.835,1.13,0.393,0.301,0.178,0.131,0.11,290.291
0.875,1.006,0.953,0.835,1.13,0.393,0.301,0.178,0.131,0.11,0.875,1.006,0.953,0.835,1.13,0.393,0.301,0.178,0.131,0.11,290.291
0.875,1.006,0.953,0.835,1.13,0.393,0.301,0.178,0.131,0.11,0.875,1.006,0.953,0.835,1.13,0.393,0.301,0.178,0.131,0.11,290.291
0.875,1.006,0.953,0.835,1.13,0.393,0.301,0.178,0.131,0.11,0.875,1.006,0.953,0.835,1.13,0.393,0.301,0.178,0.131,0.11,290.291
0.875,1.006,0.953,0.835,1.13,0.393,0.301,0.178,0.131,0.11,0.875,1.006,0.953,0.835,1.13,0.393,0.301,0.178,0.131,0.11,290.291
0.875,1.006,0.953,0.835,1.13,0.393,0.301,0.178,0.131,0.11,0.875,1.006,0.953,0.835,1.13,0.393,0.301,0.178,0.131,0.11,290.291
0.875,1.006,0.953,0.835,1.13,0.393,0.301,0.178,0.131,0.11,0.875,1.006,0.953,0.835,1.13,0.393,0.301,0.178,0.131,0.11,290.291
0.875,1.006,0.953,0.835,1.13,0.393,0.301,0.178,0.131,0.11,0.875,1.006,0.953,0.835,1.13,0.393,0.301,0.178,0.131,0.11,290.291
0.875,1.006,0.953,0.835,1.13,0.393,0.301,0.178,0.131,0.11,0.875,1.006,0.953,0.835,1.13,0.393,0.301,0.178,0.131,0.11,290.291
0.875,1.006,0.953,0.835,1.13,0.393,0.301,0.178,0.131,0.11,0.875,1.006,0.953,0.835,1.13,0.393,0.301,0.178,0.131,0.11,290.291
0.875,1.006,0.953,0.835,1.13,0.393,0.301,0.178,0.131,0.11,0.875,1.006,0.953,0.835,1.13,0.393,0.301,0.178,0.131,0.11,290.291
0.875,1.006,0.953,0.835,1.13,0.393,0.301,0.178,0.131,0.11,0.875,1.006,0.953,0.835,1.13,0.393,0.301,0.178,0.131,0.11,290.291
0.875,1.006,0.953,0.835,1.13,0.393,0.301,0.178,0.131,0.11,0.875,1.006,0.953,0.835,1.13,0.393,0.301,0.178,0.131,0.11,290.291
0.875,1.006,0.953,0.835,1.13,0.393,0.301,0.178,0.131,0.11,0.875,1.006,0.953,0.835,1.13,0.393,0.301,0.178,0.131,0.11,290.291
0.875,1.006,0.953,0.835,1.13,0.393,0.301,0.178,0.131,0.11,0.875,1.006,0.953,0.835,1.13,0.393,0.301,0.178,0.131,0.11,290.291
0.875,1.006,0.953,0.835,1.13,0.393,0.301,0.178,0.131,0.11,0.875,1.006,0.953,0.835,1.13,0.393,0.301,0.178,0.131,0.11,290.291
0.875,1.006,0.953,0.835,1.13,0.393,0.301,0.178,0.131,0.11,0.875,1.006,0.953,0.835,1.13,0.393,0.301,0.178,0.131,0.11,290.291

1.386,1.518,0.744,0.563,0.824,1.245,0.54,0.223,0.319,0.766,1.386,1.518,0.744,0.563,0.824,1.245,0.54,0.223,0.319,0.766,14.56
1.349,1.547,0.731,0.56,0.79,1.351,0.571,0.221,0.351,0.842,1.349,1.547,0.731,0.56,0.79,1.351,0.571,0.221,0.351,0.842,18.0
1.365,1.587,0.752,0.564,0.801,1.386,0.56,0.239,0.324,0.887,1.365,1.587,0.752,0.564,0.801,1.386,0.56,0.239,0.324,0.887,18.0
1.322,1.52,0.73,0.543,0.779,1.367,0.594,0.242,0.353,0.886,1.322,1.52,0.73,0.543,0.779,1.367,0.594,0.242,0.353,0.886,12.166
1.322,1.546,0.743,0.558,0.763,1.411,0.586,0.243,0.344,0.932,1.322,1.546,0.743,0.558,0.763,1.411,0.586,0.243,0.344,0.932,14.0
1.35,1.524,0.739,0.565,0.785,1.316,0.564,0.225,0.34,0.822,1.35,1.524,0.739,0.565,0.785,1.316,0.564,0.225,0.34,0.822,16.125
1.29,1.494,0.734,0.541,0.75,1.368,0.617,0.257,0.363,0.87,1.29,1.494,0.734,0.541,0.75,1.368,0.617,0.257,0.363,0.87,19.0
1.298,1.517,0.721,0.536,0.762,1.364,0.61,0.242,0.371,0.867,1.298,1.517,0.721,0.536,0.762,1.364,0.61,0.242,0.371,0.867,18.028
1.361,1.562,0.751,0.564,0.797,1.35,0.564,0.237,0.331,0.833,1.361,1.562,0.751,0.564,0.797,1.35,0.564,0.237,0.331,0.833,18.028
1.34,1.585,0.747,0.57,0.77,1.431,0.573,0.233,0.343,0.926,1.34,1.585,0.747,0.57,0.77,1.431,0.573,0.233,0.343,0.926,21.024
1.33,1.543,0.761,0.579,0.751,1.41,0.591,0.247,0.353,0.859,1.33,1.543,0.761,0.579,0.751,1.41,0.591,0.247,0.353,0.859,21.378
1.353,1.588,0.745,0.563,0.79,1.39,0.575,0.233,0.349,0.847,1.353,1.588,0.745,0.563,0.79,1.39,0.575,0.233,0.349,0.847,21.84
1.346,1.533,0.734,0.569,0.777,1.354,0.573,0.216,0.36,0.841,1.346,1.533,0.734,0.569,0.777,1.354,0.573,0.216,0.36,0.841,18.0
1.358,1.525,0.745,0.574,0.784,1.321,0.559,0.221,0.34,0.824,1.358,1.525,0.745,0.574,0.784,1.321,0.559,0.221,0.34,0.824,14.142
1.399,1.594,0.749,0.564,0.836,1.308,0.531,0.223,0.312,0.826,1.399,1.594,0.749,0.564,0.836,1.308,0.531,0.223,0.312,0.826,15.133
1.322,1.537,0.749,0.567,0.756,1.376,0.584,0.243,0.343,0.857,1.322,1.537,0.749,0.567,0.756,1.376,0.584,0.243,0.343,0.857,21.213
1.381,1.596,0.753,0.565,0.816,1.357,0.545,0.231,0.324,0.868,1.381,1.596,0.753,0.565,0.816,1.357,0.545,0.231,0.324,0.868,18.248
1.357,1.542,0.745,0.57,0.787,1.345,0.561,0.224,0.341,0.854,1.357,1.542,0.745,0.57,0.787,1.345,0.561,0.224,0.341,0.854,16.763
1.361,1.597,0.742,0.551,0.811,1.379,0.569,0.237,0.338,0.857,1.361,1.597,0.742,0.551,0.811,1.379,0.569,0.237,0.338,0.857,21.587
1.287,1.505,0.726,0.554,0.733,1.402,0.616,0.236,0.382,0.886,1.287,1.505,0.726,0.554,0.733,1.402,0.616,0.236,0.382,0.886,23.409
1.347,1.562,0.74,0.551,0.796,1.362,0.575,0.238,0.345,0.851,1.347,1.562,0.74,0.551,0.796,1.362,0.575,0.238,0.345,0.851,18.682

1.501,2.593,0.97,1.025,2.006,1.03,0.308,0.143,0.165,0.815,1.501,2.593,0.97,1.025,2.006,1.03,0.308,0.143,0.165,0.815,63.64
1.501,2.593,0.97,1.025,2.006,1.03,0.308,0.143,0.165,0.815,1.501,2.593,0.97,1.025,2.006,1.03,0.308,0.143,0.165,0.815,63.64
1.501,2.593,0.97,1.025,2.006,1.03,0.308,0.143,0.165,0.815,1.501,2.593,0.97,1.025,2.006,1.03,0.308,0.143,0.165,0.815,63.64
1.501,2.593,0.97,1.025,2.006,1.03,0.308,0.143,0.165,0.815,1.501,2.593,0.97,1.025,2.006,1.03,0.308,0.143,0.165,0.815,63.64
1.501,2.593,0.97,1.025,2.006,1.03,0.308,0.143,0.165,0.815,1.501,2.593,0.97,1.025,2.006,1.03,0.308,0.143,0.165,0.815,63.64
1.501,2.593,0.97,1.025,2.006,1.03,0.308,0.143,0.165,0.815,1.501,2.593,0.97,1.025,2.006,1.03,0.308,0.143,0.165,0.815,63.64
1.501,2.593,0.97,1.025,2.006,1.03,0.308,0.143,0.165,0.815,1.501,2.593,0.97,1.025,2.006,1.03,0.308,0.143,0.165,0.815,63.64
1.501,2.593,0.97,1.025,2.006,1.03,0.308,0.143,0.165,0.815,1.501,2.593,0.97,1.025,2.006,1.03,0.308,0.143,0.165,0.815,63.64
1.501,2.593,0.97,1.025,2.006,1.03,0.308,0.143,0.165,0.815,1.501,2.593,0.97,1.025,2.006,1.03,0.308,0.143,0.165,0.815,63.64
1.501,2.593,0.97,1.025,2.006,1.03,0.308,0.143,0.165,0.815,1.501,2.593,0.97,1.025,2.006,1.03,0.308,0.143,0.165,0.815,63.64
1.501,2.593,0.97,1.025,2.006,1.03,0.308,0.143,0.165,0.815,1.501,2.593,0.97,1.025,2.006,1.03,0.308,0.143,0.165,0.815,63.64
1.501,2.593,0.97,1.025,2.006,1.03,0.308,0.143,0.165,0.815,1.501,2.593,0.97,1.025,2.006,1.03,0.308,0.143,0.165,0.815,63.64
1.501,2.593,0.97,1.025,2.006,1.03,0.308,0.143,0.165,0.815,1.501,2.593,0.97,1.025,2.006,1.03,0.308,0.143,0.165,0.815,63.64
1.501,2.593,0.97,1.025,2.006,1.03,0.308,0.143,0.165,0.815,1.501,2.593,0.97,1.025,2.006,1.03,0.308,0.143,0.165,0.815,63.64
1.501,2.593,0.97,1.025,2.006,1.03,0.308,0.143,0.165,0.815,1.501,2.593,0.97,1.025,2.006,1.03,0.308,0.143,0.165,0.815,63.64
1.501,2.593,0.97,1.025,2.006,1.03,0.308,0.143,0.165,0.815,1.501,2.593,0.97,1.025,2.006,1.03,0.308,0.143,0.165,0.815,63.64
1.501,2.593,0.97,1.025,2.006,1.03,0.308,0.143,0.165,0.815,1.501,2.593,0.97,1.025,2.006,1.03,0.308,0.143,0.165,0.815,63.64
1.501,2.593,0.97,1.025,2.006,1.03,0.308,0.143,0.165,0.815,1.501,2.593,0.97,1.025,2.006,1.03,0.308,0.143,0.165,0.815,63.64
1.501,2.593,0.97,1.025,2.006,1.03,0.308,0.143,0.165,0.815,1.501,2.593,0.97,1.025,2.006,1.03,0.308,0.143,0.165,0.815,63.64
1.501,2.593,0.97,1.025,2.006,1.03,0.308,0.143,0.165,0.815,1.501,2.593,0.97,1.025,2.006,1.03,0.308,0.143,0.165,0.815,63.64
1.501,2.593,0.97,1.025,2.006,1.03,0.308,0.143,0.165,0.815,1.501,2.593,0.97,1.025,2.006,1.03,0.308,0.143,0.165,0.815,63.64

0.655,0.928,0.94,0.571,0.488,1.223,1.178,0.904,0.381,0.343,0.655,0.928,0.94,0.571,0.488,1.223,1.178,0.904,0.381,0.343,19.416
0.665,0.928,0.946,0.57,0.476,1.212,1.186,0.916,0.401,0.327,0.665,0.928,0.946,0.57,0.476,1.212,1.186,0.916,0.401,0.327,20.518
0.654,0.932,0.942,0.543,0.474,1.288,1.258,0.978,0.415,0.331,0.654,0.932,0.942,0.543,0.474,1.288,1.258,0.978,0.415,0.331,24.083
0.663,0.938,0.9,0.57,0.487,1.26,1.197,0.798,0.507,0.337,0.663,0.938,0.9,0.57,0.487,1.26,1.197,0.798,0.507,0.337,22.672
0.65,0.918,0.935,0.55,0.468,1.246,1.238,0.954,0.396,0.355,0.65,0.918,0.935,0.55,0.468,1.246,1.238,0.954,0.396,0.355,22.627
0.664,0.928,0.943,0.556,0.494,1.209,1.191,0.918,0.4,0.309,0.664,0.928,0.943,0.556,0.494,1.209,1.191,0.918,0.4,0.309,19.416
0.62,0.925,0.945,0.55,0.446,1.355,1.333,1.038,0.436,0.36,0.62,0.925,0.945,0.55,0.446,1.355,1.333,1.038,0.436,0.36,31.401
0.632,0.929,0.947,0.571,0.471,1.306,1.259,0.964,0.426,0.345,0.632,0.929,0.947,0.571,0.471,1.306,1.259,0.964,0.426,0.345,27.459
0.609,0.92,0.933,0.548,0.417,1.423,1.414,1.075,0.479,0.386,0.609,0.92,0.933,0.548,0.417,1.423,1.414,1.075,0.479,0.386,33.601
0.662,0.923,0.944,0.569,0.497,1.183,1.152,0.882,0.394,0.336,0.662,0.923,0.944,0.569,0.497,1.183,1.152,0.882,0.394,0.336,19.209
0.595,0.921,0.952,0.543,0.393,1.538,1.546,1.207,0.542,0.374,0.595,0.921,0.952,0.543,0.393,1.538,1.546,1.207,0.542,0.374,39.051
0.641,0.919,0.943,0.556,0.466,1.3,1.28,0.983,0.435,0.358,0.641,0.919,0.943,0.556,0.466,1.3,1.28,0.983,0.435,0.358,23.601
0.604,0.918,0.95,0.575,0.384,1.469,1.453,1.116,0.52,0.423,0.604,0.918,0.95,0.575,0.384,1.469,1.453,1.116,0.52,0.423,36.401
0.667,0.926,0.954,0.565,0.512,1.174,1.138,0.895,0.37,0.328,0.667,0.926,0.954,0.565,0.512,1.174,1.138,0.895,0.37,0.328,16.401
0.632,0.914,0.946,0.572,0.474,1.275,1.249,0.951,0.431,0.366,0.632,0.914,0.946,0.572,0.474,1.275,1.249,0.951,0.431,0.366,25.612
0.647,0.923,0.948,0.563,0.469,1.293,1.26,0.981,0.407,0.354,0.647,0.923,0.948,0.563,0.469,1.293,1.26,0.981,0.407,0.354,24.759
0.657,0.917,0.948,0.551,0.504,1.211,1.195,0.931,0.398,0.334,0.657,0.917,0.948,0.551,0.504,1.211,1.195,0.931,0.398,0.334,19.209
0.577,0.912,0.949,0.547,0.351,1.729,1.726,1.351,0.57,0.48,0.577,0.912,0.949,0.547,0.351,1.729,1.726,1.351,0.57,0.48,48.166
0.62,0.912,0.944,0.573,0.434,1.372,1.355,1.021,0.485,0.386,0.62,0.912,0.944,0.573,0.434,1.372,1.355,1.021,0.485,0.386,31.241
0.538,0.909,0.953,0.557,0.275,2.195,2.204,1.724,0.734,0.592,0.538,0.909,0.953,0.557,0.275,2.195,2.204,1.724,0.734,0.592,62.801
0.608,0.914,0.945,0.57,0.431,1.379,1.353,1.024,0.489,0.4,0.608,0.914,0.945,0.57,0.431,1.379,1.353,1.024,0.489,0.4,32.202

0.547,0.953,0.506,0.427,0.382,1.969,1.856,0.274,1.591,0.575,0.547,0.953,0.506,0.427,0.382,1.969,1.856,0.274,1.591,0.575,58.6
0.51,0.96,0.509,0.42,0.257,2.909,2.752,0.426,2.349,0.791,0.51,0.96,0.509,0.42,0.257,2.909,2.752,0.426,2.349,0.791,81.841
0.539,0.968,0.52,0.438,0.346,2.185,2.042,0.297,1.765,0.562,0.539,0.968,0.52,0.438,0.346,2.185,2.042,0.297,1.765,0.562,67.201
0.528,0.955,0.52,0.443,0.312,2.387,2.256,0.332,1.937,0.643,0.528,0.955,0.52,0.443,0.312,2.387,2.256,0.332,1.937,0.643,72.422
0.563,0.952,0.514,0.431,0.411,1.828,1.743,0.262,1.493,0.48,0.563,0.952,0.514,0.431,0.411,1.828,1.743,0.262,1.493,0.48,53.6
0.531,0.959,0.52,0.441,0.293,2.539,2.399,0.335,2.088,0.655,0.531,0.959,0.52,0.441,0.293,2.539,2.399,0.335,2.088,0.655,77.621
0.488,0.949,0.52,0.435,0.214,3.44,3.294,0.488,2.839,0.926,0.488,0.949,0.52,0.435,0.214,3.44,3.294,0.488,2.839,0.926,89.588
0.535,0.947,0.525,0.45,0.29,2.521,2.404,0.34,2.079,0.683,0.535,0.947,0.525,0.45,0.29,2.521,2.404,0.34,2.079,0.683,77.006
0.598,0.96,0.52,0.44,0.439,1.701,1.596,0.223,1.389,0.463,0.598,0.96,0.52,0.44,0.439,1.701,1.596,0.223,1.389,0.463,48.836
0.529,0.941,0.518,0.437,0.344,2.154,2.059,0.282,1.805,0.623,0.529,0.941,0.518,0.437,0.344,2.154,2.059,0.282,1.805,0.623,64.405
0.54,0.941,0.509,0.424,0.375,1.977,1.897,0.271,1.647,0.576,0.54,0.941,0.509,0.424,0.375,1.977,1.897,0.271,1.647,0.576,58.6
0.52,0.955,0.508,0.42,0.27,2.799,2.654,0.386,2.304,0.768,0.52,0.955,0.508,0.42,0.27,2.799,2.654,0.386,2.304,0.768,81.216
0.52,0.954,0.523,0.436,0.277,2.714,2.575,0.368,2.25,0.718,0.52,0.954,0.523,0.436,0.277,2.714,2.575,0.368,2.25,0.718,80.604
0.561,0.948,0.524,0.437,0.391,1.908,1.82,0.26,1.591,0.517,0.561,0.948,0.524,0.437,0.391,1.908,1.82,0.26,1.591,0.517,58.138
0.528,0.943,0.516,0.433,0.299,2.464,2.369,0.321,2.088,0.679,0.528,0.943,0.516,0.433,0.299,2.464,2.369,0.321,2.088,0.679,75.0
0.547,0.948,0.522,0.436,0.309,2.397,2.284,0.325,1.995,0.666,0.547,0.948,0.522,0.436,0.309,2.397,2.284,0.325,1.995,0.666,75.822
0.526,0.954,0.524,0.441,0.278,2.672,2.511,0.361,2.177,0.769,0.526,0.954,0.524,0.441,0.278,2.672,2.511,0.361,2.177,0.769,79.404
0.535,0.952,0.52,0.437,0.271,2.74,2.592,0.373,2.247,0.768,0.535,0.952,0.52,0.437,0.271,2.74,2.592,0.373,2.247,0.768,83.409
0.516,0.955,0.508,0.431,0.192,3.913,3.701,0.494,3.243,1.071,0.516,0.955,0.508,0.431,0.192,3.913,3.701,0.494,3.243,1.071,98.005
0.551,0.957,0.509,0.426,0.154,4.804,4.549,0.653,3.937,1.326,0.551,0.957,0.509,0.426,0.154,4.804,4.549,0.653,3.937,1.326,116.825
0.565,0.956,0.523,0.433,0.396,1.913,1.814,0.279,1.559,0.493,0.565,0.956,0.523,0.433,0.396,1.913,1.814,0.279,1.559,0.493,61.555

0.98,1.001,0.974,0.945,0.253,0.598,0.458,0.316,0.148,0.157,0.98,1.001,0.974,0.945,0.253,0.598,0.458,0.316,0.148,0.157,331.604
0.98,1.001,0.974,0.945,0.253,0.598,0.458,0.316,0.148,0.157,0.98,1.001,0.974,0.945,0.253,0.598,0.458,0.316,0.148,0.157,331.604
0.98,1.001,0.974,0.945,0.253,0.598,0.458,0.316,0.148,0.157,0.98,1.001,0.974,0.945,0.253,0.598,0.458,0.316,0.148,0.157,331.604
0.98,1.001,0.974,0.945,0.253,0.598,0.458,0.316,0.148,0.157,0.98,1.001,0.974,0.945,0.253,0.598,0.458,0.316,0.148,0.157,331.604
0.98,1.001,0.974,0.945,0.253,0.598,0.458,0.316,0.148,0.157,0.98,1.001,0.974,0.945,0.253,0.598,0.458,0.316,0.148,0.157,331.604
0.98,1.001,0.974,0.945,0.253,0.598,0.458,0.316,0.148,0.157,0.98,1.001,0.974,0.945,0.253,0.598,0.458,0.316,0.148,0.157,331.604
0.98,1.001,0.974,0.945,0.253,0.598,0.458,0.316,0.148,0.157,0.98,1.001,0.974,0.945,0.253,0.598,0.458,0.316,0.148,0.157,331.604
0.98,1.001,0.974,0.945,0.253,0.598,0.458,0.316,0.148,0.157,0.98,1.001,0.974,0.945,0.253,0.598,0.458,0.316,0.148,0.157,331.604
0.98,1.001,0.974,0.945,0.253,0.598,0.458,0.316,0.148,0.157,0.98,1.001,0.974,0.945,0.253,0.598,0.458,0.316,0.148,0.157,331.604
0.98,1.001,0.974,0.945,0.253,0.598,0.458,0.316,0.148,0.157,0.98,1.001,0.974,0.945,0.253,0.598,0.458,0.316,0.148,0.157,331.604
0.98,1.001,0.974,0.945,0.253,0.598,0.458,0.316,0.148,0.157,0.98,1.001,0.974,0.945,0.253,0.598,0.458,0.316,0.148,0.157,331.604
0.98,1.001,0.974,0.945,0.253,0.598,0.458,0.316,0.148,0.157,0.98,1.001,0.974,0.945,0.253,0.598,0.458,0.316,0.148,0.157,331.604
0.98,1.001,0.974,0.945,0.253,0.598,0.458,0.316,0.148,0.157,0.98,1.001,0.974,0.945,0.253,0.598,0.458,0.316,0.148,0.157,331.604
0.98,1.001,0.974,0.945,0.253,0.598,0.458,0.316,0.148,0.157,0.98,1.001,0.974,0.945,0.253,0.598,0.458,0.316,0.148,0.157,331.604
0.98,1.001,0.974,0.945,0.253,0.598,0.458,0.316,0.148,0.157,0.98,1.001,0.974,0.945,0.253,0.598,0.458,0.316,0.148,0.157,331.604
0.98,1.001,0.974,0.945,0.253,0.598,0.458,0.316,0.148,0.157,0.98,1.001,0.974,0.945,0.253,0.598,0.458,0.316,0.148,0.157,331.604
0.98,1.001,0.974,0.945,0.253,0.598,0.458,0.316,0.148,0.157,0.98,1.001,0.974,0.945,0.253,0.598,0.458,0.316,0.148,0.157,331.604
0.98,1.001,0.974,0.945,0.253,0.598,0.458,0.316,0.148,0.157,0.98,1.001,0.974,0.945,0.253,0.598,0.458,0.316,0.148,0.157,331.604
0.98,1.001,0.974,0.945,0.253,0.598,0.458,0.316,0.148,0.157,0.98,1.001,0.974,0.945,0.253,0.598,0.458,0.316,0.148,0.157,331.604
0.98,1.001,0.974,0.945,0.253,0.598,0.458,0.316,0.148,0.157,0.98,1.001,0.974,0.945,0.253,0.598,0.458,0.316,0.148,0.157,331.604
0.98,1.001,0.974,0.945,0.253,0.598,0.458,0.316,0.148,0.157,0.98,1.001,0.974,0.945,0.253,0.598,0.458,0.316,0.148,0.157,331.604

1.486,1.566,0.916,0.882,0.766,0.929,0.267,0.156,0.127,0.74,1.486,1.566,0.916,0.882,0.766,0.929,0.267,0.156,0.127,0.74,63.411
1.552,1.346,0.924,0.932,0.788,0.563,0.237,0.157,0.113,0.444,1.552,1.346,0.924,0.932,0.788,0.563,0.237,0.157,0.113,0.444,64.203
1.509,1.3,0.92,0.903,0.782,0.564,0.269,0.156,0.129,0.385,1.509,1.3,0.92,0.903,0.782,0.564,0.269,0.156,0.129,0.385,63.6
1.495,1.534,0.915,0.909,0.764,0.854,0.255,0.152,0.13,0.699,1.495,1.534,0.915,0.909,0.764,0.854,0.255,0.152,0.13,0.699,62.201
1.532,1.51,0.93,0.931,0.793,0.78,0.257,0.163,0.115,0.643,1.532,1.51,0.93,0.931,0.793,0.78,0.257,0.163,0.115,0.643,64.203
1.49,1.359,0.914,0.896,0.764,0.652,0.27,0.162,0.131,0.471,1.49,1.359,0.914,0.896,0.764,0.652,0.27,0.162,0.131,0.471,63.82
1.485,1.298,0.931,0.903,0.744,0.58,0.253,0.14,0.121,0.4,1.485,1.298,0.931,0.903,0.744,0.58,0.253,0.14,0.121,0.4,63.246
1.497,1.675,0.931,0.896,0.766,1.055,0.266,0.158,0.116,0.881,1.497,1.675,0.931,0.896,0.766,1.055,0.266,0.158,0.116,0.881,63.008
1.516,1.745,0.925,0.913,0.775,1.118,0.262,0.173,0.113,0.961,1.516,1.745,0.925,0.913,0.775,1.118,0.262,0.173,0.113,0.961,62.201
1.502,1.733,0.914,0.894,0.77,1.124,0.266,0.16,0.129,0.952,1.502,1.733,0.914,0.894,0.77,1.124,0.266,0.16,0.129,0.952,63.82
1.569,1.273,0.937,0.954,0.795,0.463,0.203,0.136,0.097,0.344,1.569,1.273,0.937,0.954,0.795,0.463,0.203,0.136,0.097,0.344,63.6
1.529,1.761,0.925,0.911,0.767,1.139,0.233,0.139,0.114,0.992,1.529,1.761,0.925,0.911,0.767,1.139,0.233,0.139,0.114,0.992,62.201
1.527,1.783,0.912,0.904,0.784,1.153,0.254,0.151,0.129,0.999,1.527,1.783,0.912,0.904,0.784,1.153,0.254,0.151,0.129,0.999,63.82
1.516,1.445,0.914,0.909,0.776,0.731,0.254,0.151,0.129,0.574,1.516,1.445,0.914,0.909,0.776,0.731,0.254,0.151,0.129,0.574,62.201
1.529,1.697,0.918,0.914,0.789,1.033,0.263,0.151,0.132,0.883,1.529,1.697,0.918,0.914,0.789,1.033,0.263,0.151,0.132,0.883,62.426
1.553,1.557,0.928,0.943,0.8,0.818,0.252,0.16,0.118,0.696,1.553,1.557,0.928,0.943,0.8,0.818,0.252,0.16,0.118,0.696,61.612
1.506,1.72,0.919,0.91,0.775,1.09,0.284,0.173,0.132,0.929,1.506,1.72,0.919,0.91,0.775,1.09,0.284,0.173,0.132,0.929,62.201
1.504,1.731,0.914,0.896,0.771,1.118,0.267,0.161,0.129,0.949,1.504,1.731,0.914,0.896,0.771,1.118,0.267,0.161,0.129,0.949,62.201
1.521,1.58,0.914,0.92,0.774,0.886,0.244,0.146,0.131,0.751,1.521,1.58,0.914,0.92,0.774,0.886,0.244,0.146,0.131,0.751,62.201
1.509,1.717,0.925,0.914,0.773,1.078,0.266,0.175,0.115,0.928,1.509,1.717,0.925,0.914,0.773,1.078,0.266,0.175,0.115,0.928,62.201
1.511,1.778,0.915,0.889,0.791,1.164,0.272,0.166,0.126,0.984,1.511,1.778,0.915,0.889,0.791,1.164,0.272,0.166,0.126,0.984,62.008

1.076,2.255,0.72,0.763,0.534,2.832,0.745,0.476,0.525,2.398,1.076,2.255,0.72,0.763,0.534,2.832,0.745,0.476,0.525,2.398,104.446
1.078,2.25,0.7,0.768,0.536,2.799,0.745,0.471,0.562,2.4,1.078,2.25,0.7,0.768,0.536,2.799,0.745,0.471,0.562,2.4,105.309
1.055,2.247,0.703,0.743,0.526,2.894,0.789,0.476,0.566,2.431,1.055,2.247,0.703,0.743,0.526,2.894,0.789,0.476,0.566,2.431,105.475
1.051,2.192,0.709,0.76,0.528,2.749,0.782,0.504,0.554,2.332,1.051,2.192,0.709,0.76,0.528,2.749,0.782,0.504,0.554,2.332,106.677
1.066,2.272,0.717,0.741,0.528,2.933,0.767,0.442,0.541,2.462,1.066,2.272,0.717,0.741,0.528,2.933,0.767,0.442,0.541,2.462,106.33
1.06,2.163,0.727,0.739,0.524,2.748,0.768,0.442,0.526,2.288,1.06,2.163,0.727,0.739,0.524,2.748,0.768,0.442,0.526,2.288,105.309
1.067,2.27,0.698,0.743,0.549,2.827,0.772,0.466,0.555,2.362,1.067,2.27,0.698,0.743,0.549,2.827,0.772,0.466,0.555,2.362,104.101
1.066,2.181,0.712,0.768,0.529,2.709,0.767,0.478,0.55,2.302,1.066,2.181,0.712,0.768,0.529,2.709,0.767,0.478,0.55,2.302,102.927
1.062,2.253,0.702,0.742,0.538,2.85,0.762,0.476,0.556,2.381,1.062,2.253,0.702,0.742,0.538,2.85,0.762,0.476,0.556,2.381,104.623
1.066,2.27,0.694,0.76,0.536,2.861,0.767,0.501,0.572,2.428,1.066,2.27,0.694,0.76,0.536,2.861,0.767,0.501,0.572,2.428,106.532
1.066,2.23,0.71,0.769,0.534,2.777,0.767,0.478,0.55,2.363,1.066,2.23,0.71,0.769,0.534,2.777,0.767,0.478,0.55,2.363,103.247
1.068,2.285,0.709,0.763,0.527,2.922,0.761,0.492,0.554,2.496,1.068,2.285,0.709,0.763,0.527,2.922,0.761,0.492,0.554,2.496,105.688
1.041,2.186,0.692,0.755,0.519,2.787,0.765,0.474,0.595,2.346,1.041,2.186,0.692,0.755,0.519,2.787,0.765,0.474,0.595,2.346,106.0
1.059,2.177,0.713,0.732,0.504,2.895,0.76,0.457,0.57,2.383,1.059,2.177,0.713,0.732,0.504,2.895,0.76,0.457,0.57,2.383,101.548
1.086,2.314,0.695,0.739,0.542,2.934,0.75,0.471,0.563,2.478,1.086,2.314,0.695,0.739,0.542,2.934,0.75,0.471,0.563,2.478,102.626
1.057,2.209,0.712,0.719,0.507,2.955,0.786,0.438,0.569,2.453,1.057,2.209,0.712,0.719,0.507,2.955,0.786,0.438,0.569,2.453,102.927
1.057,2.221,0.709,0.754,0.512,2.894,0.778,0.486,0.57,2.46,1.057,2.221,0.709,0.754,0.512,2.894,0.778,0.486,0.57,2.46,104.307
1.046,2.18,0.697,0.732,0.5,2.916,0.77,0.49,0.608,2.425,1.046,2.18,0.697,0.732,0.5,2.916,0.77,0.49,0.608,2.425,102.626
1.069,2.221,0.71,0.775,0.518,2.82,0.756,0.509,0.561,2.435,1.069,2.221,0.71,0.775,0.518,2.82,0.756,0.509,0.561,2.435,104.307
1.08,2.227,0.718,0.757,0.5,2.955,0.732,0.478,0.564,2.524,1.08,2.227,0.718,0.757,0.5,2.955,0.732,0.478,0.564,2.524,103.774
1.069,2.21,0.723,0.74,0.512,2.895,0.762,0.471,0.541,2.435,1.069,2.21,0.723,0.74,0.512,2.895,0.762,0.471,0.541,2.435,101.02

1.14,1.478,0.865,0.704,0.57,1.992,0.585,0.295,0.308,1.609,1.14,1.478,0.865,0.704,0.57,1.992,0.585,0.295,0.308,1.609,62.769
1.14,1.478,0.865,0.704,0.57,1.992,0.585,0.295,0.308,1.609,1.14,1.478,0.865,0.704,0.57,1.992,0.585,0.295,0.308,1.609,62.769
1.14,1.478,0.865,0.704,0.57,1.992,0.585,0.295,0.308,1.609,1.14,1.478,0.865,0.704,0.57,1.992,0.585,0.295,0.308,1.609,62.769
1.14,1.478,0.865,0.704,0.57,1.992,0.585,0.295,0.308,1.609,1.14,1.478,0.865,0.704,0.57,1.992,0.585,0.295,0.308,1.609,62.769
1.14,1.478,0.865,0.704,0.57,1.992,0.585,0.295,0.308,1.609,1.14,1.478,0.865,0.704,0.57,1.992,0.585,0.295,0.308,1.609,62.769
1.14,1.478,0.865,0.704,0.57,1.992,0.585,0.295,0.308,1.609,1.14,1.478,0.865,0.704,0.57,1.992,0.585,0.295,0.308,1.609,62.769
1.14,1.478,0.865,0.704,0.57,1.992,0.585,0.295,0.308,1.609,1.14,1.478,0.865,0.704,0.57,1.992,0.585,0.295,0.308,1.609,62.769
1.14,1.478,0.865,0.704,0.57,1.992,0.585,0.295,0.308,1.609,1.14,1.478,0.865,0.704,0.57,1.992,0.585,0.295,0.308,1.609,62.769
1.14,1.478,0.865,0.704,0.57,1.992,0.585,0.295,0.308,1.609,1.14,1.478,0.865,0.704,0.57,1.992,0.585,0.295,0.308,1.609,62.769
1.14,1.478,0.865,0.704,0.57,1.992,0.585,0.295,0.308,1.609,1.14,1.478,0.865,0.704,0.57,1.992,0.585,0.295,0.308,1.609,62.769
1.14,1.478,0.865,0.704,0.57,1.992,0.585,0.295,0.308,1.609,1.14,1.478,0.865,0.704,0.57,1.992,0.585,0.295,0.308,1.609,62.769
1.14,1.478,0.865,0.704,0.57,1.992,0.585,0.295,0.308,1.609,1.14,1.478,0.865,0.704,0.57,1.992,0.585,0.295,0.308,1.609,62.769
1.14,1.478,0.865,0.704,0.57,1.992,0.585,0.295,0.308,1.609,1.14,1.478,0.865,0.704,0.57,1.992,0.585,0.295,0.308,1.609,62.769
1.14,1.478,0.865,0.704,0.57,1.992,0.585,0.295,0.308,1.609,1.14,1.478,0.865,0.704,0.57,1.992,0.585,0.295,0.308,1.609,62.769
1.14,1.478,0.865,0.704,0.57,1.992,0.585,0.295,0.308,1.609,1.14,1.478,0.865,0.704,0.57,1.992,0.585,0.295,0.308,1.609,62.769
1.14,1.478,0.865,0.704,0.57,1.992,0.585,0.295,0.308,1.609,1.14,1.478,0.865,0.704,0.57,1.992,0.585,0.295,0.308,1.609,62.769
1.14,1.478,0.865,0.704,0.57,1.992,0.585,0.295,0.308,1.609,1.14,1.478,0.865,0.704,0.57,1.992,0.585,0.295,0.308,1.609,62.769
1.14,1.478,0.865,0.704,0.57,1.992,0.585,0.295,0.308,1.609,1.14,1.478,0.865,0.704,0.57,1.992,0.585,0.295,0.308,1.609,62.769
1.14,1.478,0.865,0.704,0.57,1.992,0.585,0.295,0.308,1.609,1.14,1.478,0.865,0.704,0.57,1.992,0.585,0.295,0.308,1.609,62.769
1.14,1.478,0.865,0.704,0.57,1.992,0.585,0.295,0.308,1.609,1.14,1.478,0.865,0.704,0.57,1.992,0.585,0.295,0.308,1.609,62.769
1.14,1.478,0.865,0.704,0.57,1.992,0.585,0.295,0.308,1.609,1.14,1.478,0.865,0.704,0.57,1.992,0.585,0.295,0.308,1.609,62.769

1.491,1.063,1.012,1.406,0.846,1.182,0.896,0.61,0.317,0.304,1.491,1.063,1.012,1.406,0.846,1.182,0.896,0.61,0.317,0.304,182.395
1.327,1.078,0.986,1.263,0.762,1.156,0.856,0.555,0.326,0.314,1.327,1.078,0.986,1.263,0.762,1.156,0.856,0.555,0.326,0.314,181.099
1.426,1.063,1.018,1.272,0.817,1.17,0.848,0.517,0.34,0.327,1.426,1.063,1.018,1.272,0.817,1.17,0.848,0.517,0.34,0.327,181.276
1.409,1.057,1.007,1.333,0.769,1.223,0.901,0.593,0.334,0.334,1.409,1.057,1.007,1.333,0.769,1.223,0.901,0.593,0.334,0.334,183.175
1.516,1.082,1.035,1.308,0.826,1.174,0.868,0.538,0.337,0.319,1.516,1.082,1.035,1.308,0.826,1.174,0.868,0.538,0.337,0.319,184.532
1.553,1.077,1.041,1.384,0.868,1.163,0.876,0.566,0.321,0.304,1.553,1.077,1.041,1.384,0.868,1.163,0.876,0.566,0.321,0.304,188.449
1.6,1.102,1.024,1.405,0.895,1.194,0.877,0.579,0.318,0.34,1.6,1.102,1.024,1.405,0.895,1.194,0.877,0.579,0.318,0.34,188.68
1.536,1.071,1.014,1.274,0.874,1.125,0.812,0.491,0.33,0.318,1.536,1.071,1.014,1.274,0.874,1.125,0.812,0.491,0.33,0.318,185.529
1.489,1.064,1.014,1.325,0.873,1.164,0.846,0.537,0.324,0.324,1.489,1.064,1.014,1.325,0.873,1.164,0.846,0.537,0.324,0.324,187.451
1.543,1.088,1.026,1.333,0.909,1.137,0.825,0.501,0.336,0.323,1.543,1.088,1.026,1.333,0.909,1.137,0.825,0.501,0.336,0.323,186.454
1.568,1.071,1.012,1.301,0.907,1.111,0.811,0.524,0.296,0.306,1.568,1.071,1.012,1.301,0.907,1.111,0.811,0.524,0.296,0.306,191.669
1.523,1.102,1.003,1.229,0.839,1.102,0.794,0.484,0.318,0.32,1.523,1.102,1.003,1.229,0.839,1.102,0.794,0.484,0.318,0.32,190.672
1.538,1.072,1.032,1.341,0.906,1.123,0.83,0.522,0.317,0.303,1.538,1.072,1.032,1.341,0.906,1.123,0.83,0.522,0.317,0.303,190.379
1.623,1.074,1.044,1.282,0.956,1.103,0.795,0.47,0.326,0.311,1.623,1.074,1.044,1.282,0.956,1.103,0.795,0.47,0.326,0.311,191.755
1.52,1.055,1.043,1.361,0.815,1.232,0.885,0.581,0.312,0.357,1.52,1.055,1.043,1.361,0.815,1.232,0.885,0.581,0.312,0.357,191.588
1.632,1.101,1.083,1.455,0.933,1.266,0.935,0.598,0.338,0.349,1.632,1.101,1.083,1.455,0.933,1.266,0.935,0.598,0.338,0.349,190.759
1.413,1.052,0.998,1.17,0.801,1.141,0.833,0.515,0.319,0.308,1.413,1.052,0.998,1.17,0.801,1.141,0.833,0.515,0.319,0.308,191.512
1.534,1.107,1.029,1.406,0.943,1.073,0.821,0.547,0.291,0.282,1.534,1.107,1.029,1.406,0.943,1.073,0.821,0.547,0.291,0.282,195.256
1.583,1.092,1.06,1.31,0.945,1.163,0.82,0.498,0.322,0.348,1.583,1.092,1.06,1.31,0.945,1.163,0.82,0.498,0.322,0.348,192.51
1.651,1.103,1.045,1.418,0.943,1.152,0.878,0.574,0.312,0.296,1.651,1.103,1.045,1.418,0.943,1.152,0.878,0.574,0.312,0.296,195.655
1.519,1.071,1.029,1.289,0.904,1.167,0.831,0.506,0.328,0.339,1.519,1.071,1.029,1.289,0.904,1.167,0.831,0.506,0.328,0.339,192.666

1.186,1.771,0.942,0.942,0.562,1.906,0.739,0.37,0.369,1.393,1.186,1.771,0.942,0.942,0.562,1.906,0.739,0.37,0.369,1.393,57.428
1.151,1.734,0.933,0.91,0.548,1.92,0.763,0.382,0.382,1.359,1.151,1.734,0.933,0.91,0.548,1.92,0.763,0.382,0.382,1.359,60.671
1.163,1.72,0.933,0.928,0.554,1.861,0.733,0.373,0.361,1.325,1.163,1.72,0.933,0.928,0.554,1.861,0.733,0.373,0.361,1.325,62.201
1.182,1.742,0.935,0.922,0.562,1.883,0.735,0.362,0.374,1.345,1.182,1.742,0.935,0.922,0.562,1.883,0.735,0.362,0.374,1.345,60.299
1.152,1.72,0.926,0.914,0.532,1.955,0.765,0.376,0.39,1.381,1.152,1.72,0.926,0.914,0.532,1.955,0.765,0.376,0.39,1.381,60.671
1.14,1.728,0.936,0.927,0.528,1.98,0.769,0.384,0.385,1.411,1.14,1.728,0.936,0.927,0.528,1.98,0.769,0.384,0.385,1.411,61.984
1.207,1.711,0.934,0.926,0.592,1.752,0.685,0.359,0.327,1.233,1.207,1.711,0.934,0.926,0.592,1.752,0.685,0.359,0.327,1.233,62.032
1.186,1.751,0.952,0.949,0.586,1.822,0.724,0.374,0.35,1.309,1.186,1.751,0.952,0.949,0.586,1.822,0.724,0.374,0.35,1.309,61.4
1.209,1.749,0.942,0.945,0.583,1.793,0.681,0.335,0.347,1.312,1.209,1.749,0.942,0.945,0.583,1.793,0.681,0.335,0.347,1.312,64.125
1.186,1.723,0.94,0.941,0.564,1.812,0.725,0.368,0.357,1.304,1.186,1.723,0.94,0.941,0.564,1.812,0.725,0.368,0.357,1.304,63.388
1.21,1.739,0.943,0.94,0.584,1.793,0.675,0.325,0.35,1.3,1.21,1.739,0.943,0.94,0.584,1.793,0.675,0.325,0.35,1.3,62.201
1.215,1.787,0.949,0.946,0.574,1.893,0.707,0.359,0.348,1.399,1.215,1.787,0.949,0.946,0.574,1.893,0.707,0.359,0.348,1.399,61.4
1.167,1.767,0.936,0.924,0.546,1.997,0.749,0.355,0.394,1.438,1.167,1.767,0.936,0.924,0.546,1.997,0.749,0.355,0.394,1.438,60.208
1.206,1.785,0.948,0.939,0.585,1.878,0.686,0.331,0.355,1.378,1.206,1.785,0.948,0.939,0.585,1.878,0.686,0.331,0.355,1.378,62.65
1.216,1.764,0.933,0.925,0.586,1.857,0.704,0.328,0.377,1.335,1.216,1.764,0.933,0.925,0.586,1.857,0.704,0.328,0.377,1.335,61.205
1.196,1.743,0.942,0.929,0.567,1.851,0.69,0.339,0.352,1.342,1.196,1.743,0.942,0.929,0.567,1.851,0.69,0.339,0.352,1.342,62.201
1.207,1.746,0.946,0.937,0.584,1.819,0.699,0.326,0.373,1.309,1.207,1.746,0.946,0.937,0.584,1.819,0.699,0.326,0.373,1.309,63.285
1.198,1.756,0.95,0.946,0.556,1.899,0.7,0.331,0.368,1.397,1.198,1.756,0.95,0.946,0.556,1.899,0.7,0.331,0.368,1.397,61.66
1.216,1.771,0.958,0.948,0.561,1.913,0.699,0.344,0.355,1.412,1.216,1.771,0.958,0.948,0.561,1.913,0.699,0.344,0.355,1.412,59.54
1.192,1.77,0.942,0.939,0.546,1.974,0.735,0.367,0.368,1.444,1.192,1.77,0.942,0.939,0.546,1.974,0.735,0.367,0.368,1.444,59.841
1.24,1.781,0.951,0.944,0.606,1.802,0.665,0.321,0.344,1.322,1.24,1.781,0.951,0.944,0.606,1.802,0.665,0.321,0.344,1.322,61.205

1.469,1.718,0.826,0.822,0.977,1.024,0.342,0.153,0.217,0.74,1.469,1.718,0.826,0.822,0.977,1.024,0.342,0.153,0.217,0.74,282.392
1.469,1.718,0.826,0.822,0.977,1.024,0.342,0.153,0.217,0.74,1.469,1.718,0.826,0.822,0.977,1.024,0.342,0.153,0.217,0.74,282.392
1.469,1.718,0.826,0.822,0.977,1.024,0.342,0.153,0.217,0.74,1.469,1.718,0.826,0.822,0.977,1.024,0.342,0.153,0.217,0.74,282.392
1.469,1.718,0.826,0.822,0.977,1.024,0.342,0.153,0.217,0.74,1.469,1.718,0.826,0.822,0.977,1.024,0.342,0.153,0.217,0.74,282.392
1.469,1.718,0.826,0.822,0.977,1.024,0.342,0.153,0.217,0.74,1.469,1.718,0.826,0.822,0.977,1.024,0.342,0.153,0.217,0.74,282.392
1.469,1.718,0.826,0.822,0.977,1.024,0.342,0.153,0.217,0.74,1.469,1.718,0.826,0.822,0.977,1.024,0.342,0.153,0.217,0.74,282.392
1.469,1.718,0.826,0.822,0.977,1.024,0.342,0.153,0.217,0.74,1.469,1.718,0.826,0.822,0.977,1.024,0.342,0.153,0.217,0.74,282.392
1.469,1.718,0.826,0.822,0.977,1.024,0.342,0.153,0.217,0.74,1.469,1.718,0.826,0.822,0.977,1.024,0.342,0.153,0.217,0.74,282.392
1.469,1.718,0.826,0.822,0.977,1.024,0.342,0.153,0.217,0.74,1.469,1.718,0.826,0.822,0.977,1.024,0.342,0.153,0.217,0.74,282.392
1.469,1.718,0.826,0.822,0.977,1.024,0.342,0.153,0.217,0.74,1.469,1.718,0.826,0.822,0.977,1.024,0.342,0.153,0.217,0.74,282.392
1.469,1.718,0.826,0.822,0.977,1.024,0.342,0.153,0.217,0.74,1.469,1.718,0.826,0.822,0.977,1.024,0.342,0.153,0.217,0.74,282.392
1.469,1.718,0.826,0.822,0.977,1.024,0.342,0.153,0.217,0.74,1.469,1.718,0.826,0.822,0.977,1.024,0.342,0.153,0.217,0.74,282.392
1.469,1.718,0.826,0.822,0.977,1.024,0.342,0.153,0.217,0.74,1.469,1.718,0.826,0.822,0.977,1.024,0.342,0.153,0.217,0.74,282.392
1.469,1.718,0.826,0.822,0.977,1.024,0.342,0.153,0.217,0.74,1.469,1.718,0.826,0.822,0.977,1.024,0.342,0.153,0.217,0.74,282.392
1.469,1.718,0.826,0.822,0.977,1.024,0.342,0.153,0.217,0.74,1.469,1.718,0.826,0.822,0.977,1.024,0.342,0.153,0.217,0.74,282.392
1.469,1.718,0.826,0.822,0.977,1.024,0.342,0.153,0.217,0.74,1.469,1.718,0.826,0.822,0.977,1.024,0.342,0.153,0.217,0.74,282.392
1.469,1.718,0.826,0.822,0.977,1.024,0.342,0.153,0.217,0.74,1.469,1.718,0.826,0.822,0.977,1.024,0.342,0.153,0.217,0.74,282.392
1.469,1.718,0.826,0.822,0.977,1.024,0.342,0.153,0.217,0.74,1.469,1.718,0.826,0.822,0.977,1.024,0.342,0.153,0.217,0.74,282.392
1.469,1.718,0.826,0.822,0.977,1.024,0.342,0.153,0.217,0.74,1.469,1.718,0.826,0.822,0.977,1.024,0.342,0.153,0.217,0.74,282.392
1.469,1.718,0.826,0.822,0.977,1.024,0.342,0.153,0.217,0.74,1.469,1.718,0.826,0.822,0.977,1.024,0.342,0.153,0.217,0.74,282.392
1.469,1.718,0.826,0.822,0.977,1.024,0.342,0.153,0.217,0.74,1.469,1.718,0.826,0.822,0.977,1.024,0.342,0.153,0.217,0.74,282.392

0.246,1.039,0.796,0.601,0.358,2.272,1.56,0.692,0.915,1.101,0.246,1.039,0.796,0.601,0.358,2.272,1.56,0.692,0.915,1.101,13.416
0.246,1.039,0.796,0.601,0.358,2.272,1.56,0.692,0.915,1.101,0.246,1.039,0.796,0.601,0.358,2.272,1.56,0.692,0.915,1.101,13.416
0.246,1.039,0.796,0.601,0.358,2.272,1.56,0.692,0.915,1.101,0.246,1.039,0.796,0.601,0.358,2.272,1.56,0.692,0.915,1.101,13.416
0.246,1.039,0.796,0.601,0.358,2.272,1.56,0.692,0.915,1.101,0.246,1.039,0.796,0.601,0.358,2.272,1.56,0.692,0.915,1.101,13.416
0.246,1.039,0.796,0.601,0.358,2.272,1.56,0.692,0.915,1.101,0.246,1.039,0.796,0.601,0.358,2.272,1.56,0.692,0.915,1.101,13.416
0.246,1.039,0.796,0.601,0.358,2.272,1.56,0.692,0.915,1.101,0.246,1.039,0.796,0.601,0.358,2.272,1.56,0.692,0.915,1.101,13.416
0.246,1.039,0.796,0.601,0.358,2.272,1.56,0.692,0.915,1.101,0.246,1.039,0.796,0.601,0.358,2.272,1.56,0.692,0.915,1.101,13.416
0.246,1.039,0.796,0.601,0.358,2.272,1.56,0.692,0.915,1.101,0.246,1.039,0.796,0.601,0.358,2.272,1.56,0.692,0.915,1.101,13.416
0.246,1.039,0.796,0.601,0.358,2.272,1.56,0.692,0.915,1.101,0.246,1.039,0.796,0.601,0.358,2.272,1.56,0.692,0.915,1.101,13.416
0.246,1.039,0.796,0.601,0.358,2.272,1.56,0.692,0.915,1.101,0.246,1.039,0.796,0.601,0.358,2.272,1.56,0.692,0.915,1.101,13.416
0.246,1.039,0.796,0.601,0.358,2.272,1.56,0.692,0.915,1.101,0.246,1.039,0.796,0.601,0.358,2.272,1.56,0.692,0.915,1.101,13.416
0.246,1.039,0.796,0.601,0.358,2.272,1.56,0.692,0.915,1.101,0.246,1.039,0.796,0.601,0.358,2.272,1.56,0.692,0.915,1.101,13.416
0.246,1.039,0.796,0.601,0.358,2.272,1.56,0.692,0.915,1.101,0.246,1.039,0.796,0.601,0.358,2.272,1.56,0.692,0.915,1.101,13.416
0.246,1.039,0.796,0.601,0.358,2.272,1.56,0.692,0.915,1.101,0.246,1.039,0.796,0.601,0.358,2.272,1.56,0.692,0.915,1.101,13.416
0.246,1.039,0.796,0.601,0.358,2.272,1.56,0.692,0.915,1.101,0.246,1.039,0.796,0.601,0.358,2.272,1.56,0.692,0.915,1.101,13.416
0.246,1.039,0.796,0.601,0.358,2.272,1.56,0.692,0.915,1.101,0.246,1.039,0.796,0.601,0.358,2.272,1.56,0.692,0.915,1.101,13.416
0.246,1.039,0.796,0.601,0.358,2.272,1.56,0.692,0.915,1.101,0.246,1.039,0.796,0.601,0.358,2.272,1.56,0.692,0.915,1.101,13.416
0.246,1.039,0.796,0.601,0.358,2.272,1.56,0.692,0.915,1.101,0.246,1.039,0.796,0.601,0.358,2.272,1.56,0.692,0.915,1.101,13.416
0.246,1.039,0.796,0.601,0.358,2.272,1.56,0.692,0.915,1.101,0.246,1.039,0.796,0.601,0.358,2.272,1.56,0.692,0.915,1.101,13.416
0.246,1.039,0.796,0.601,0.358,2.272,1.56,0.692,0.915,1.101,0.246,1.039,0.796,0.601,0.358,2.272,1.56,0.692,0.915,1.101,13.416
0.246,1.039,0.796,0.601,0.358,2.272,1.56,0.692,0.915,1.101,0.246,1.039,0.796,0.601,0.358,2.272,1.56,0.692,0.915,1.101,13.416

1.658,2.391,0.829,0.807,1.571,1.025,0.314,0.175,0.148,0.932,1.658,2.391,0.829,0.807,1.571,1.025,0.314,0.175,0.148,0.932,20.224
1.738,2.421,0.818,0.809,1.67,0.985,0.309,0.171,0.149,0.897,1.738,2.421,0.818,0.809,1.67,0.985,0.309,0.171,0.149,0.897,16.125
1.696,2.42,0.812,0.811,1.665,0.992,0.323,0.186,0.15,0.898,1.696,2.42,0.812,0.811,1.665,0.992,0.323,0.186,0.15,0.898,17.117
1.683,2.411,0.82,0.821,1.628,0.998,0.322,0.182,0.152,0.915,1.683,2.411,0.82,0.821,1.628,0.998,0.322,0.182,0.152,0.915,18.111
1.74,2.433,0.822,0.802,1.677,0.993,0.316,0.183,0.143,0.904,1.74,2.433,0.822,0.802,1.677,0.993,0.316,0.183,0.143,0.904,16.125
1.733,2.453,0.824,0.835,1.701,0.977,0.317,0.187,0.142,0.899,1.733,2.453,0.824,0.835,1.701,0.977,0.317,0.187,0.142,0.899,18.248
1.706,2.419,0.809,0.796,1.646,1.006,0.319,0.179,0.152,0.912,1.706,2.419,0.809,0.796,1.646,1.006,0.319,0.179,0.152,0.912,20.1
1.715,2.402,0.812,0.811,1.662,0.978,0.315,0.179,0.149,0.891,1.715,2.402,0.812,0.811,1.662,0.978,0.315,0.179,0.149,0.891,15.297
1.762,2.448,0.816,0.82,1.722,0.968,0.31,0.184,0.14,0.887,1.762,2.448,0.816,0.82,1.722,0.968,0.31,0.184,0.14,0.887,12.042
1.758,2.481,0.831,0.833,1.705,0.989,0.313,0.18,0.143,0.916,1.758,2.481,0.831,0.833,1.705,0.989,0.313,0.18,0.143,0.916,16.279
1.748,2.446,0.815,0.809,1.674,0.995,0.316,0.179,0.149,0.919,1.748,2.446,0.815,0.809,1.674,0.995,0.316,0.179,0.149,0.919,19.0
1.804,2.494,0.803,0.818,1.743,0.981,0.307,0.174,0.148,0.907,1.804,2.494,0.803,0.818,1.743,0.981,0.307,0.174,0.148,0.907,12.166
1.756,2.469,0.812,0.83,1.718,0.977,0.324,0.19,0.148,0.909,1.756,2.469,0.812,0.83,1.718,0.977,0.324,0.19,0.148,0.909,15.133
1.805,2.504,0.819,0.815,1.744,0.987,0.313,0.183,0.141,0.915,1.805,2.504,0.819,0.815,1.744,0.987,0.313,0.183,0.141,0.915,12.369
1.809,2.519,0.819,0.83,1.763,0.979,0.313,0.185,0.141,0.912,1.809,2.519,0.819,0.83,1.763,0.979,0.313,0.185,0.141,0.912,9.849
1.828,2.523,0.815,0.815,1.765,0.986,0.309,0.166,0.151,0.916,1.828,2.523,0.815,0.815,1.765,0.986,0.309,0.166,0.151,0.916,8.544
1.813,2.524,0.806,0.834,1.778,0.974,0.313,0.174,0.153,0.906,1.813,2.524,0.806,0.834,1.778,0.974,0.313,0.174,0.153,0.906,13.0
1.779,2.524,0.813,0.81,1.748,1.005,0.322,0.183,0.149,0.922,1.779,2.524,0.813,0.81,1.748,1.005,0.322,0.183,0.149,0.922,17.263
1.805,2.518,0.797,0.815,1.744,0.994,0.313,0.174,0.154,0.925,1.805,2.518,0.797,0.815,1.744,0.994,0.313,0.174,0.154,0.925,6.708
1.806,2.501,0.813,0.805,1.721,1.0,0.313,0.181,0.144,0.932,1.806,2.501,0.813,0.805,1.721,1.0,0.313,0.181,0.144,0.932,14.56
1.842,2.514,0.813,0.797,1.76,0.992,0.314,0.175,0.148,0.919,1.842,2.514,0.813,0.797,1.76,0.992,0.314,0.175,0.148,0.919,14.866

1.109,1.737,0.958,0.902,0.592,2.001,0.625,0.298,0.333,1.419,1.109,1.737,0.958,0.902,0.592,2.001,0.625,0.298,0.333,1.419,63.151
1.077,1.73,0.963,0.898,0.539,2.152,0.637,0.314,0.333,1.553,1.077,1.73,0.963,0.898,0.539,2.152,0.637,0.314,0.333,1.553,64.133
1.076,1.676,0.953,0.89,0.561,1.984,0.619,0.305,0.32,1.395,1.076,1.676,0.953,0.89,0.561,1.984,0.619,0.305,0.32,1.395,63.64
1.076,1.676,0.953,0.89,0.561,1.984,0.619,0.305,0.32,1.395,1.076,1.676,0.953,0.89,0.561,1.984,0.619,0.305,0.32,1.395,63.64
1.076,1.676,0.953,0.89,0.561,1.984,0.619,0.305,0.32,1.395,1.076,1.676,0.953,0.89,0.561,1.984,0.619,0.305,0.32,1.395,63.64
1.095,1.91,0.95,0.872,0.589,2.41,0.678,0.346,0.343,1.76,1.095,1.91,0.95,0.872,0.589,2.41,0.678,0.346,0.343,1.76,58.249
0.962,1.674,0.966,0.919,0.412,2.652,0.793,0.385,0.415,1.912,0.962,1.674,0.966,0.919,0.412,2.652,0.793,0.385,0.415,1.912,66.761
1.046,1.665,0.963,0.898,0.507,2.155,0.673,0.34,0.343,1.519,1.046,1.665,0.963,0.898,0.507,2.155,0.673,0.34,0.343,1.519,71.309
1.046,1.665,0.963,0.898,0.507,2.155,0.673,0.34,0.343,1.519,1.046,1.665,0.963,0.898,0.507,2.155,0.673,0.34,0.343,1.519,71.309
1.046,1.665,0.963,0.898,0.507,2.155,0.673,0.34,0.343,1.519,1.046,1.665,0.963,0.898,0.507,2.155,0.673,0.34,0.343,1.519,71.309
1.043,1.764,0.952,0.882,0.549,2.233,0.684,0.362,0.329,1.585,1.043,1.764,0.952,0.882,0.549,2.233,0.684,0.362,0.329,1.585,74.041
1.015,1.686,0.965,0.897,0.442,2.461,0.782,0.385,0.411,1.74,1.015,1.686,0.965,0.897,0.442,2.461,0.782,0.385,0.411,1.74,70.228
1.1,1.697,0.955,0.888,0.561,1.981,0.641,0.316,0.333,1.387,1.1,1.697,0.955,0.888,0.561,1.981,0.641,0.316,0.333,1.387,65.924
1.1,1.697,0.955,0.888,0.561,1.981,0.641,0.316,0.333,1.387,1.1,1.697,0.955,0.888,0.561,1.981,0.641,0.316,0.333,1.387,65.924
1.1,1.697,0.955,0.888,0.561,1.981,0.641,0.316,0.333,1.387,1.1,1.697,0.955,0.888,0.561,1.981,0.641,0.316,0.333,1.387,65.924
1.1,1.697,0.955,0.888,0.561,1.981,0.641,0.316,0.333,1.387,1.1,1.697,0.955,0.888,0.561,1.981,0.641,0.316,0.333,1.387,65.924
1.1,1.697,0.955,0.888,0.561,1.981,0.641,0.316,0.333,1.387,1.1,1.697,0.955,0.888,0.561,1.981,0.641,0.316,0.333,1.387,65.924
1.1,1.697,0.955,0.888,0.561,1.981,0.641,0.316,0.333,1.387,1.1,1.697,0.955,0.888,0.561,1.981,0.641,0.316,0.333,1.387,65.924
1.1,1.697,0.955,0.888,0.561,1.981,0.641,0.316,0.333,1.387,1.1,1.697,0.955,0.888,0.561,1.981,0.641,0.316,0.333,1.387,65.924
1.1,1.697,0.955,0.888,0.561,1.981,0.641,0.316,0.333,1.387,1.1,1.697,0.955,0.888,0.561,1.981,0.641,0.316,0.333,1.387,65.924
1.013,1.742,0.985,0.907,0.488,2.464,0.765,0.398,0.394,1.748,1.013,1.742,0.985,0.907,0.488,2.464,0.765,0.398,0.394,1.748,68.352

1.033,1.706,0.95,0.956,0.471,2.289,0.685,0.302,0.385,1.697,1.033,1.706,0.95,0.956,0.471,2.289,0.685,0.302,0.385,1.697,181.648
1.037,1.733,0.951,0.943,0.464,2.42,0.693,0.333,0.36,1.804,1.037,1.733,0.951,0.943,0.464,2.42,0.693,0.333,0.36,1.804,185.181
1.04,1.718,0.944,0.946,0.48,2.298,0.658,0.313,0.348,1.713,1.04,1.718,0.944,0.946,0.48,2.298,0.658,0.313,0.348,1.713,183.003
1.028,1.736,0.958,0.957,0.446,2.478,0.704,0.339,0.365,1.869,1.028,1.736,0.958,0.957,0.446,2.478,0.704,0.339,0.365,1.869,185.715
1.029,1.736,0.951,0.959,0.455,2.413,0.697,0.325,0.375,1.818,1.029,1.736,0.951,0.959,0.455,2.413,0.697,0.325,0.375,1.818,186.118
1.043,1.736,0.958,0.966,0.452,2.44,0.721,0.348,0.375,1.831,1.043,1.736,0.958,0.966,0.452,2.44,0.721,0.348,0.375,1.831,187.417
1.042,1.702,0.952,0.949,0.501,2.145,0.616,0.279,0.338,1.602,1.042,1.702,0.952,0.949,0.501,2.145,0.616,0.279,0.338,1.602,180.369
1.059,1.755,0.95,0.966,0.49,2.277,0.66,0.317,0.348,1.724,1.059,1.755,0.95,0.966,0.49,2.277,0.66,0.317,0.348,1.724,185.181
1.078,1.768,0.951,0.951,0.472,2.421,0.665,0.319,0.348,1.841,1.078,1.768,0.951,0.951,0.472,2.421,0.665,0.319,0.348,1.841,187.83
1.049,1.719,0.951,0.958,0.478,2.284,0.674,0.307,0.37,1.702,1.049,1.719,0.951,0.958,0.478,2.284,0.674,0.307,0.37,1.702,187.0
1.053,1.761,0.966,0.966,0.465,2.425,0.706,0.325,0.381,1.832,1.053,1.761,0.966,0.966,0.465,2.425,0.706,0.325,0.381,1.832,189.652
1.053,1.737,0.96,0.951,0.465,2.393,0.691,0.309,0.382,1.791,1.053,1.737,0.96,0.951,0.465,2.393,0.691,0.309,0.382,1.791,189.623
1.057,1.752,0.959,0.967,0.443,2.523,0.724,0.321,0.405,1.911,1.057,1.752,0.959,0.967,0.443,2.523,0.724,0.321,0.405,1.911,190.969
1.021,1.724,0.961,0.954,0.464,2.388,0.689,0.325,0.363,1.784,1.021,1.724,0.961,0.954,0.464,2.388,0.689,0.325,0.363,1.784,191.063
1.034,1.758,0.966,0.964,0.474,2.363,0.671,0.317,0.354,1.796,1.034,1.758,0.966,0.964,0.474,2.363,0.671,0.317,0.354,1.796,189.708
1.018,1.715,0.959,0.959,0.439,2.484,0.729,0.352,0.378,1.853,1.018,1.715,0.959,0.959,0.439,2.484,0.729,0.352,0.378,1.853,191.888
1.032,1.724,0.952,0.951,0.469,2.337,0.675,0.315,0.361,1.749,1.032,1.724,0.952,0.951,0.469,2.337,0.675,0.315,0.361,1.749,188.767
1.071,1.784,0.967,0.957,0.467,2.475,0.679,0.313,0.366,1.891,1.071,1.784,0.967,0.957,0.467,2.475,0.679,0.313,0.366,1.891,190.066
1.049,1.752,0.958,0.949,0.476,2.359,0.665,0.322,0.343,1.781,1.049,1.752,0.958,0.949,0.476,2.359,0.665,0.322,0.343,1.781,187.843
1.04,1.729,0.958,0.972,0.466,2.334,0.68,0.319,0.364,1.765,1.04,1.729,0.958,0.972,0.466,2.334,0.68,0.319,0.364,1.765,187.843
1.041,1.739,0.955,0.961,0.47,2.352,0.699,0.319,0.381,1.76,1.041,1.739,0.955,0.961,0.47,2.352,0.699,0.319,0.381,1.76,188.279

0.582,0.933,0.979,0.919,0.468,0.033,0.181,0.14,0.046,0.156,0.582,0.933,0.979,0.919,0.468,0.033,0.181,0.14,0.046,0.156,87.144
0.587,0.943,0.988,0.93,0.468,0.035,0.157,0.133,0.025,0.142,0.587,0.943,0.988,0.93,0.468,0.035,0.157,0.133,0.025,0.142,86.284
0.59,0.933,0.977,0.914,0.461,0.045,0.194,0.144,0.05,0.159,0.59,0.933,0.977,0.914,0.461,0.045,0.194,0.144,0.05,0.159,89.275
0.588,0.939,0.983,0.92,0.467,0.045,0.177,0.143,0.035,0.142,0.588,0.939,0.983,0.92,0.467,0.045,0.177,0.143,0.035,0.142,90.272
0.594,0.948,0.977,0.923,0.473,0.075,0.162,0.115,0.057,0.119,0.594,0.948,0.977,0.923,0.473,0.075,0.162,0.115,0.057,0.119,91.137
0.578,0.938,0.977,0.92,0.474,0.046,0.175,0.126,0.049,0.148,0.578,0.938,0.977,0.92,0.474,0.046,0.175,0.126,0.049,0.148,89.14
0.588,0.945,0.98,0.924,0.474,0.059,0.163,0.126,0.044,0.133,0.588,0.945,0.98,0.924,0.474,0.059,0.163,0.126,0.044,0.133,89.202
0.584,0.933,0.977,0.92,0.475,0.035,0.174,0.126,0.049,0.156,0.584,0.933,0.977,0.92,0.475,0.035,0.174,0.126,0.049,0.156,89.275
0.586,0.938,0.977,0.918,0.47,0.044,0.182,0.133,0.05,0.149,0.586,0.938,0.977,0.918,0.47,0.044,0.182,0.133,0.05,0.149,89.275
0.593,0.953,0.976,0.914,0.463,0.09,0.187,0.138,0.057,0.112,0.593,0.953,0.976,0.914,0.463,0.09,0.187,0.138,0.057,0.112,91.269
0.595,0.944,0.983,0.926,0.47,0.046,0.161,0.127,0.035,0.134,0.595,0.944,0.983,0.926,0.47,0.046,0.161,0.127,0.035,0.134,91.198
0.594,0.941,0.976,0.922,0.465,0.066,0.167,0.116,0.056,0.136,0.594,0.941,0.976,0.922,0.465,0.066,0.167,0.116,0.056,0.136,89.14
0.592,0.939,0.974,0.92,0.469,0.065,0.171,0.116,0.057,0.143,0.592,0.939,0.974,0.92,0.469,0.065,0.171,0.116,0.057,0.143,90.272
0.596,0.946,0.98,0.931,0.473,0.056,0.145,0.106,0.045,0.127,0.596,0.946,0.98,0.931,0.473,0.056,0.145,0.106,0.045,0.127,89.202
0.59,0.942,0.975,0.927,0.482,0.054,0.151,0.102,0.054,0.131,0.59,0.942,0.975,0.927,0.482,0.054,0.151,0.102,0.054,0.131,89.202
0.593,0.942,0.98,0.926,0.469,0.05,0.159,0.12,0.044,0.134,0.593,0.942,0.98,0.926,0.469,0.05,0.159,0.12,0.044,0.134,89.09
0.582,0.942,0.974,0.914,0.473,0.067,0.182,0.128,0.056,0.133,0.582,0.942,0.974,0.914,0.473,0.067,0.182,0.128,0.056,0.133,90.05
0.598,0.94,0.975,0.925,0.481,0.054,0.156,0.109,0.054,0.139,0.598,0.94,0.975,0.925,0.481,0.054,0.156,0.109,0.054,0.139,90.089
0.585,0.937,0.969,0.924,0.481,0.034,0.16,0.1,0.066,0.139,0.585,0.937,0.969,0.924,0.481,0.034,0.16,0.1,0.066,0.139,91.049
0.591,0.94,0.98,0.93,0.479,0.046,0.147,0.109,0.044,0.139,0.591,0.94,0.98,0.93,0.479,0.046,0.147,0.109,0.044,0.139,89.022
0.579,0.938,0.974,0.926,0.489,0.039,0.154,0.106,0.054,0.144,0.579,0.938,0.974,0.926,0.489,0.039,0.154,0.106,0.054,0.144,89.051

